customer_id,week,weekly_sessions,active_days,usage_minutes,completed_lessons,completed_labs,searches,support_requests,days_since_last_activity,subscription_age_weeks,cancelled
C001,1,12,7,290.7,5,2,6,0,16,59,0
C001,2,13,7,433.7,5,3,7,0,6,12,0
C001,3,14,6,533.9,3,1,7,0,7,65,0
C001,4,16,6,358.1,10,3,1,0,2,41,0
C001,5,23,7,272.5,8,0,6,0,8,53,0
C001,6,17,7,558.8,9,1,5,0,3,21,0
C001,7,19,6,594.1,9,4,7,0,26,78,0
C001,8,14,6,392.0,4,1,6,0,6,30,0
C001,9,14,6,405.6,7,3,2,0,15,52,0
C001,10,14,7,221.0,8,1,5,0,18,58,0
C001,11,9,5,347.7,2,0,3,0,8,53,0
C001,12,18,6,521.6,13,3,5,0,10,25,0
C001,13,13,6,242.3,11,5,5,0,7,67,0
C001,14,16,7,372.6,4,0,7,0,5,100,0
C001,15,14,7,199.7,4,1,5,1,3,59,0
C001,16,23,7,903.7,7,1,10,0,0,69,0
C001,17,12,7,539.5,11,3,3,0,7,72,0
C001,18,7,4,248.6,2,1,1,0,21,38,0
C001,19,15,7,375.0,6,3,3,0,6,22,0
C001,20,12,7,155.2,3,1,4,0,6,96,0
C001,21,22,6,694.1,9,0,2,0,2,103,0
C001,22,16,7,451.0,4,0,7,0,2,43,0
C001,23,12,6,368.0,6,2,2,0,8,73,0
C001,24,24,7,459.8,10,3,8,0,5,103,0
C001,25,14,5,390.0,10,5,5,0,4,47,0
C001,26,14,5,394.0,10,0,8,0,3,45,0
C001,27,14,5,398.0,4,2,4,0,3,100,0
C001,28,15,5,410.0,7,1,5,0,2,45,0
C001,29,15,6,420.0,8,0,7,1,2,24,0
C001,30,16,6,433.0,6,4,2,0,1,58,0
C001,31,16,6,446.0,6,1,9,0,1,48,0
C001,32,17,6,460.0,5,1,5,0,0,38,0
C002,1,13,5,370.4,4,2,5,0,7,41,0
C002,2,15,7,578.2,7,0,5,0,1,90,0
C002,3,11,4,424.4,5,2,3,0,13,14,0
C002,4,6,6,247.3,1,0,4,0,30,104,0
C002,5,6,1,150.1,1,0,1,0,11,63,0
C002,6,10,4,339.7,4,0,6,0,11,62,0
C002,7,6,3,139.1,4,1,2,0,18,67,0
C002,8,7,3,239.2,1,0,2,0,11,95,0
C002,9,8,6,358.9,4,0,1,0,25,21,0
C002,10,12,6,270.1,4,1,6,0,23,88,0
C002,11,8,4,218.5,4,2,3,0,29,19,0
C002,12,14,7,403.9,7,2,7,0,13,14,0
C002,13,7,3,281.1,3,1,2,0,18,53,0
C002,14,11,7,242.7,5,3,2,0,15,24,0
C002,15,6,2,152.6,6,2,5,0,17,30,0
C002,16,6,2,260.7,4,0,0,0,22,48,0
C002,17,9,2,248.6,4,1,2,0,10,66,0
C002,18,8,4,296.1,3,1,5,0,17,58,0
C002,19,8,5,169.0,4,0,4,0,21,86,0
C002,20,5,3,116.8,2,0,0,0,22,25,0
C002,21,5,2,130.2,8,0,0,0,23,53,0
C002,22,10,5,220.7,3,0,5,0,12,64,0
C002,23,7,3,193.4,3,1,1,0,16,83,0
C002,24,5,4,116.4,4,1,1,0,13,20,0
C002,25,7,6,292.0,2,0,2,0,25,18,0
C002,26,9,4,171.4,3,1,5,0,12,33,0
C002,27,9,5,258.9,7,2,1,0,10,68,0
C002,28,2,1,55.4,1,1,2,0,20,58,0
C002,29,0,1,3.4,0,0,0,0,36,13,0
C002,30,4,4,111.8,1,0,0,1,28,94,0
C002,31,7,3,124.4,2,0,4,0,14,54,0
C002,32,3,2,106.9,0,0,2,0,21,76,1
C003,1,13,6,358.7,7,1,4,0,11,89,0
C003,2,7,3,171.3,7,1,1,0,21,22,0
C003,3,9,3,315.1,8,2,3,0,20,60,0
C003,4,12,7,287.7,2,1,1,0,5,74,0
C003,5,20,7,668.6,9,3,6,0,3,53,0
C003,6,3,1,82.7,2,1,0,1,17,93,0
C003,7,13,6,399.2,4,1,7,0,7,82,0
C003,8,11,6,202.3,6,2,1,0,12,59,0
C003,9,12,6,228.1,4,1,1,0,8,43,0
C003,10,10,5,204.7,1,0,4,0,11,82,0
C003,11,7,6,230.5,6,1,1,0,25,44,0
C003,12,16,7,662.9,5,1,8,0,5,33,0
C003,13,10,6,217.5,6,1,2,0,21,29,0
C003,14,14,6,291.5,5,3,1,0,2,88,0
C003,15,9,5,94.2,1,0,6,0,18,15,0
C003,16,17,6,561.1,6,1,6,0,7,55,0
C003,17,8,4,273.3,5,1,3,1,43,35,0
C003,18,16,7,458.4,8,0,6,1,4,42,0
C003,19,11,4,323.5,1,0,2,1,6,45,0
C003,20,11,6,341.6,4,1,4,0,20,23,0
C003,21,6,4,240.1,1,0,5,0,14,96,0
C003,22,14,6,430.8,4,2,6,0,5,69,0
C003,23,13,7,429.7,7,1,5,0,13,16,0
C003,24,8,4,261.1,2,0,0,0,13,12,0
C003,25,12,6,330.0,7,0,1,0,1,18,0
C003,26,11,6,292.0,6,0,0,0,2,65,0
C003,27,9,5,258.0,5,0,0,0,4,24,0
C003,28,7,4,205.0,4,1,0,0,7,96,0
C003,29,5,3,155.0,3,0,1,1,12,102,0
C003,30,3,2,92.0,2,3,0,0,19,89,0
C003,31,1,1,35.0,1,1,0,0,32,65,0
C003,32,0,0,4.0,0,0,0,0,52,15,1
C004,1,10,6,327.5,6,0,6,0,11,58,0
C004,2,8,5,146.8,3,1,3,0,19,89,0
C004,3,11,5,330.0,3,1,3,0,12,53,0
C004,4,8,4,164.5,2,0,1,0,22,28,0
C004,5,6,3,202.9,4,2,0,0,34,44,0
C004,6,10,5,335.7,4,0,3,0,11,12,0
C004,7,14,7,490.1,8,3,11,0,17,50,0
C004,8,10,5,228.4,8,1,3,0,13,64,0
C004,9,7,5,181.5,5,0,3,0,26,42,0
C004,10,5,1,79.8,1,1,0,0,23,58,0
C004,11,7,4,228.2,1,0,0,0,10,22,0
C004,12,9,2,261.1,5,2,3,0,22,19,0
C004,13,8,3,192.5,7,2,1,0,24,96,0
C004,14,3,2,112.3,2,1,0,0,15,27,0
C004,15,11,7,283.5,4,0,5,0,8,101,0
C004,16,5,2,85.1,0,0,1,0,16,52,0
C004,17,2,0,54.2,0,0,0,0,27,77,0
C004,18,9,3,295.2,3,2,3,0,21,23,0
C004,19,4,1,81.1,3,1,1,0,20,85,0
C004,20,2,3,24.6,0,0,0,0,28,55,0
C004,21,6,0,124.3,1,0,2,0,25,30,0
C004,22,11,6,360.9,6,1,3,0,8,72,0
C004,23,4,3,100.6,2,1,1,0,19,67,0
C004,24,7,3,151.4,2,0,4,0,11,56,0
C004,25,9,6,299.2,4,1,3,0,19,20,0
C004,26,9,6,237.6,6,0,2,0,9,92,0
C004,27,12,6,343.9,4,0,4,0,7,37,0
C004,28,7,5,168.5,3,1,1,0,12,79,0
C004,29,10,5,357.2,5,0,4,0,22,25,0
C004,30,8,5,254.1,5,0,1,0,23,92,0
C004,31,8,5,217.4,5,2,3,0,42,46,0
C004,32,9,4,318.8,6,2,1,0,19,21,0
C005,1,10,6,259.8,2,1,2,0,16,33,0
C005,2,6,5,129.1,2,0,0,0,13,86,0
C005,3,4,0,121.3,3,2,2,0,27,99,0
C005,4,6,2,150.6,1,1,3,0,11,14,0
C005,5,5,2,164.4,2,1,0,0,22,42,0
C005,6,3,3,134.8,1,1,1,0,19,60,0
C005,7,3,2,114.0,0,1,1,0,23,52,0
C005,8,5,1,128.2,1,1,1,0,24,37,0
C005,9,6,3,49.5,2,0,2,0,13,73,0
C005,10,6,1,192.0,2,2,2,0,18,18,0
C005,11,7,5,175.0,7,4,1,0,16,69,0
C005,12,4,3,125.7,0,1,2,0,22,60,0
C005,13,10,5,281.5,3,0,0,0,18,101,0
C005,14,7,3,132.3,5,2,4,0,25,19,0
C005,15,9,5,278.7,2,1,6,0,17,96,0
C005,16,2,4,58.6,0,0,0,0,19,58,0
C005,17,3,2,94.1,2,1,2,0,18,25,0
C005,18,7,4,146.2,3,0,2,0,11,37,0
C005,19,5,1,132.6,4,2,1,0,21,34,0
C005,20,6,1,269.3,2,0,3,0,12,85,0
C005,21,3,1,72.0,2,0,0,0,18,62,0
C005,22,19,6,346.9,10,6,4,0,1,70,0
C005,23,3,4,71.2,0,0,2,0,22,55,0
C005,24,8,3,174.2,4,2,1,0,14,23,0
C005,25,3,1,72.1,0,0,3,0,21,72,0
C005,26,9,4,205.8,6,2,2,0,13,92,0
C005,27,7,3,224.4,4,0,1,0,24,71,0
C005,28,5,1,194.1,1,1,0,0,31,55,0
C005,29,5,1,112.0,3,1,0,0,21,78,0
C005,30,10,5,254.9,6,2,3,0,12,33,0
C005,31,5,1,154.8,2,0,0,0,17,59,0
C005,32,6,3,191.8,3,1,1,0,13,104,0
C006,1,4,2,97.5,5,1,0,0,14,78,0
C006,2,5,2,123.9,2,1,0,0,23,43,0
C006,3,4,4,148.2,4,1,2,0,25,61,0
C006,4,6,2,161.4,6,3,4,0,12,47,0
C006,5,6,1,148.7,2,0,2,0,13,14,0
C006,6,4,1,143.6,3,1,1,0,22,69,0
C006,7,10,5,250.2,7,2,4,0,7,28,0
C006,8,1,0,31.8,0,0,0,0,30,86,0
C006,9,0,1,0.0,0,0,0,0,35,15,0
C006,10,6,4,173.2,4,1,3,0,14,35,0
C006,11,5,4,157.2,2,1,2,0,16,82,0
C006,12,1,0,7.4,0,1,0,0,23,77,0
C006,13,3,2,57.2,0,0,1,0,21,54,0
C006,14,5,4,161.1,2,0,2,0,14,61,0
C006,15,5,2,191.7,5,0,2,0,19,23,0
C006,16,1,1,73.8,0,0,0,0,33,69,0
C006,17,3,1,146.2,1,0,1,0,22,93,0
C006,18,1,1,47.9,1,1,0,0,19,86,0
C006,19,0,0,21.7,0,1,0,0,44,36,0
C006,20,2,0,19.9,4,2,0,0,21,13,0
C006,21,4,1,108.7,2,0,1,0,22,49,0
C006,22,1,1,21.5,0,0,0,0,35,59,0
C006,23,2,1,43.3,1,0,0,0,23,90,0
C006,24,1,0,18.3,1,1,0,0,26,84,0
C006,25,3,0,97.6,0,0,0,0,22,64,0
C006,26,0,0,13.6,0,0,0,0,42,24,0
C006,27,0,0,0.0,0,0,0,0,32,24,0
C006,28,3,0,28.6,2,0,1,0,19,90,0
C006,29,2,1,29.0,1,0,2,0,20,49,0
C006,30,4,3,104.7,1,0,3,0,16,92,0
C006,31,4,2,117.5,0,0,1,0,19,80,0
C006,32,10,5,236.6,4,0,5,0,14,19,0
C007,1,0,0,0.0,0,1,0,0,35,81,0
C007,2,5,1,156.6,1,0,5,0,20,91,0
C007,3,11,5,219.5,4,1,3,0,8,33,0
C007,4,7,3,224.6,3,0,2,0,16,52,0
C007,5,7,2,210.9,3,1,2,0,19,15,0
C007,6,2,0,55.0,1,0,0,0,25,43,0
C007,7,8,4,289.0,5,1,1,0,20,80,0
C007,8,2,1,55.3,1,0,1,0,20,17,0
C007,9,7,2,219.6,3,0,3,0,18,68,0
C007,10,1,0,23.9,1,0,1,0,25,19,0
C007,11,3,1,70.6,1,0,1,1,27,64,0
C007,12,6,2,232.6,1,0,3,0,14,101,0
C007,13,8,5,243.5,5,1,1,0,13,79,0
C007,14,4,0,13.4,2,0,1,0,18,81,0
C007,15,7,3,189.0,3,0,1,0,20,84,0
C007,16,10,4,318.2,5,1,3,0,11,70,0
C007,17,7,3,218.7,6,0,3,0,34,38,0
C007,18,5,2,202.3,2,1,4,0,29,38,0
C007,19,1,0,0.0,0,0,0,0,19,80,0
C007,20,0,0,15.1,0,0,0,0,53,50,0
C007,21,8,4,165.6,1,1,3,0,22,50,0
C007,22,4,2,107.7,2,0,0,0,16,91,0
C007,23,11,7,260.3,7,1,4,0,14,59,0
C007,24,8,5,232.2,4,0,2,0,15,69,0
C007,25,8,3,174.4,4,3,6,0,9,32,0
C007,26,0,0,0.0,0,0,0,0,32,28,0
C007,27,3,1,79.7,0,0,0,0,18,67,0
C007,28,5,2,93.6,3,1,3,0,13,72,0
C007,29,3,1,22.3,0,0,2,0,28,32,0
C007,30,2,0,46.5,1,0,0,0,18,23,0
C007,31,9,5,264.4,2,0,1,0,19,92,0
C007,32,5,2,151.8,1,0,0,0,32,99,1
C008,1,3,0,115.6,0,0,0,0,16,16,0
C008,2,0,1,6.3,0,1,0,0,30,59,0
C008,3,2,0,0.0,0,0,2,0,23,91,0
C008,4,3,2,79.4,2,0,2,0,17,91,0
C008,5,5,1,147.0,2,1,2,0,23,102,0
C008,6,2,2,97.9,0,0,1,0,24,44,0
C008,7,1,1,0.0,0,0,1,0,22,93,0
C008,8,2,0,60.8,1,1,1,0,21,43,0
C008,9,1,1,5.1,0,1,2,0,29,67,0
C008,10,4,1,172.2,2,0,1,0,23,25,0
C008,11,2,1,66.4,0,0,0,0,16,80,0
C008,12,2,0,75.9,1,0,1,0,19,25,0
C008,13,3,3,74.0,3,1,1,0,26,56,0
C008,14,0,0,18.2,0,1,0,0,29,30,0
C008,15,0,0,0.0,1,0,0,0,49,70,0
C008,16,1,1,34.1,0,0,0,0,19,22,0
C008,17,0,0,23.8,1,0,0,0,35,84,0
C008,18,1,0,77.9,0,1,0,0,29,93,0
C008,19,0,0,0.0,0,0,0,0,42,54,0
C008,20,1,0,12.9,0,0,0,0,18,21,0
C008,21,1,0,60.3,0,1,0,0,19,54,0
C008,22,1,2,50.2,0,0,0,1,18,39,0
C008,23,1,0,15.3,1,0,0,0,31,70,0
C008,24,1,1,9.1,1,0,0,0,29,21,0
C008,25,4,1,129.8,3,1,2,0,16,75,0
C008,26,1,0,27.3,1,0,0,0,20,97,0
C008,27,1,1,62.1,0,1,0,0,19,62,0
C008,28,0,0,8.5,0,0,0,0,32,71,0
C008,29,0,0,0.0,0,0,0,0,35,88,0
C008,30,0,0,1.8,0,0,0,0,39,33,0
C008,31,0,0,5.2,0,0,0,0,35,44,0
C008,32,0,1,0.0,0,1,0,0,35,73,1
C009,1,9,3,162.4,2,1,4,0,14,51,0
C009,2,6,4,150.6,6,1,3,0,28,18,0
C009,3,10,5,273.1,2,0,1,0,15,97,0
C009,4,11,5,261.4,6,3,5,0,10,73,0
C009,5,12,7,280.2,5,2,4,0,26,60,0
C009,6,9,5,191.1,5,2,2,0,12,90,0
C009,7,8,3,236.8,2,0,2,0,24,66,0
C009,8,6,4,224.1,3,1,0,0,21,31,0
C009,9,9,4,260.7,6,2,2,0,22,89,0
C009,10,7,4,133.3,3,0,0,0,33,96,0
C009,11,7,1,170.9,4,1,2,0,13,44,0
C009,12,8,4,289.1,5,1,4,0,18,25,0
C009,13,7,1,166.2,8,1,2,0,17,58,0
C009,14,6,3,187.4,2,0,2,0,17,34,0
C009,15,8,5,278.9,0,0,4,0,20,87,0
C009,16,7,2,335.0,2,0,1,0,22,37,0
C009,17,7,6,218.8,3,0,2,0,28,89,0
C009,18,7,6,205.4,2,0,4,0,12,98,0
C009,19,3,3,71.6,1,1,2,0,25,38,0
C009,20,8,4,211.4,4,1,2,0,21,56,0
C009,21,9,7,198.4,4,1,3,0,20,85,0
C009,22,9,6,306.7,4,2,1,0,10,34,0
C009,23,8,2,213.2,3,1,0,0,33,47,0
C009,24,5,1,131.5,1,1,3,0,30,91,0
C009,25,7,4,158.1,3,1,3,0,17,96,0
C009,26,10,6,292.0,4,1,4,0,13,64,0
C009,27,17,5,504.2,8,2,5,0,7,43,0
C009,28,10,5,339.7,6,1,0,0,22,71,0
C009,29,6,2,197.6,5,0,0,0,20,101,0
C009,30,10,3,465.0,4,2,3,0,8,21,0
C009,31,15,7,455.5,10,6,5,0,1,79,0
C009,32,7,4,257.1,1,0,1,0,14,43,0
C010,1,5,6,82.2,1,0,3,0,23,74,0
C010,2,7,2,159.0,2,1,1,0,21,36,0
C010,3,16,7,436.5,10,3,2,0,8,19,0
C010,4,4,2,199.1,0,0,1,0,18,21,0
C010,5,5,3,148.5,4,2,2,0,13,80,0
C010,6,1,2,15.2,2,1,0,0,20,70,0
C010,7,8,3,399.0,3,1,1,0,18,57,0
C010,8,7,5,271.9,2,1,2,1,28,67,0
C010,9,4,3,98.9,5,2,1,0,24,41,0
C010,10,8,4,214.6,2,0,1,0,18,15,0
C010,11,4,0,94.8,1,0,3,0,16,57,0
C010,12,8,3,222.1,2,1,5,0,12,88,0
C010,13,6,3,152.7,4,1,1,0,14,66,0
C010,14,4,2,95.5,4,1,2,0,20,29,0
C010,15,6,3,233.6,4,1,1,0,33,89,0
C010,16,4,2,119.7,2,0,1,0,26,96,0
C010,17,10,7,193.3,2,1,4,0,17,89,0
C010,18,7,4,196.8,5,2,3,0,23,87,0
C010,19,4,3,85.3,3,2,4,0,15,36,0
C010,20,3,2,84.7,2,1,2,0,19,38,0
C010,21,6,4,149.8,1,0,0,0,18,35,0
C010,22,7,4,228.2,2,1,0,1,16,60,0
C010,23,2,0,0.0,1,0,0,0,39,73,0
C010,24,0,0,53.7,0,1,0,0,35,68,0
C010,25,1,0,44.0,0,0,0,0,19,61,0
C010,26,0,0,0.0,0,0,0,0,34,46,0
C010,27,5,1,114.3,3,3,3,0,19,31,0
C010,28,1,0,16.4,1,0,0,0,23,37,0
C010,29,1,0,27.6,0,0,0,0,35,17,0
C010,30,1,1,0.4,0,0,2,1,29,61,0
C010,31,3,1,79.8,0,0,1,0,33,49,0
C010,32,1,1,9.9,0,1,1,0,41,20,0
C011,1,5,2,190.3,2,0,3,0,24,53,0
C011,2,3,2,79.4,2,2,0,0,30,20,0
C011,3,0,2,4.7,0,0,0,0,35,46,0
C011,4,6,2,242.6,2,0,1,1,21,83,0
C011,5,7,4,240.0,6,3,2,0,19,30,0
C011,6,5,2,113.4,3,0,3,0,14,16,0
C011,7,5,1,185.3,2,2,1,0,20,19,0
C011,8,6,3,149.8,3,2,2,0,24,101,0
C011,9,7,4,212.4,3,1,2,0,17,98,0
C011,10,2,0,110.9,1,0,0,0,25,79,0
C011,11,2,0,35.3,1,1,1,0,22,83,0
C011,12,5,1,150.1,1,0,1,0,13,100,0
C011,13,5,2,115.2,3,1,1,0,21,95,0
C011,14,3,1,36.6,1,1,0,0,19,65,0
C011,15,0,0,40.2,0,0,1,0,43,72,0
C011,16,4,1,138.8,5,1,1,0,18,44,0
C011,17,0,1,0.0,0,0,0,0,37,12,0
C011,18,5,2,117.7,0,0,0,0,16,74,0
C011,19,2,1,34.9,1,0,2,0,33,81,0
C011,20,2,2,98.2,0,0,0,0,20,23,0
C011,21,2,0,65.6,0,0,1,0,23,33,0
C011,22,0,0,16.1,0,0,0,0,35,64,0
C011,23,0,0,14.5,0,1,0,0,30,74,0
C011,24,0,1,1.9,0,1,0,0,36,13,0
C011,25,1,0,19.0,0,1,0,0,25,12,0
C011,26,0,0,0.0,0,0,0,0,31,49,0
C011,27,1,0,0.0,1,0,1,0,27,67,0
C011,28,1,1,56.2,0,0,0,0,20,27,0
C011,29,0,1,26.1,0,0,0,0,40,100,0
C011,30,1,1,22.2,0,0,0,0,24,102,0
C011,31,1,1,15.5,0,1,0,0,25,15,0
C011,32,0,0,0.0,0,1,0,0,34,64,0
C012,1,13,7,312.2,6,3,4,0,12,65,0
C012,2,13,7,488.5,5,4,3,0,8,46,0
C012,3,14,7,555.2,6,4,8,0,3,16,0
C012,4,14,5,386.0,3,3,2,0,6,96,0
C012,5,8,5,291.0,3,3,3,0,15,86,0
C012,6,14,6,374.3,7,5,1,0,4,50,0
C012,7,10,5,307.7,5,3,2,1,9,50,0
C012,8,9,5,259.7,6,4,1,0,23,76,0
C012,9,6,4,109.2,3,0,1,0,12,16,0
C012,10,18,7,378.4,8,2,6,0,19,84,0
C012,11,12,5,237.9,6,0,3,0,4,24,0
C012,12,8,5,185.7,4,2,2,0,18,31,0
C012,13,6,4,139.5,3,0,1,0,17,75,0
C012,14,17,7,425.6,8,5,6,0,8,95,0
C012,15,11,6,323.7,0,1,2,0,15,67,0
C012,16,19,5,505.5,9,3,6,0,5,90,0
C012,17,6,1,207.9,0,1,0,0,14,85,0
C012,18,8,5,311.1,3,1,4,0,9,30,0
C012,19,11,6,301.3,4,3,2,0,11,41,0
C012,20,8,5,228.8,2,1,3,0,12,102,0
C012,21,11,5,317.5,3,3,6,0,13,79,0
C012,22,7,3,116.4,5,1,4,0,23,70,0
C012,23,6,2,195.6,1,1,2,0,18,81,0
C012,24,8,4,215.3,4,3,2,0,12,46,0
C012,25,13,7,250.5,5,2,3,0,6,16,0
C012,26,9,5,208.0,4,4,2,0,19,37,0
C012,27,16,7,498.4,8,4,4,0,10,56,0
C012,28,14,6,379.1,2,2,6,0,11,27,0
C012,29,11,5,502.2,5,2,6,0,6,67,0
C012,30,11,5,395.2,7,2,8,0,11,27,0
C012,31,16,7,476.7,8,1,9,0,9,84,0
C012,32,14,6,312.0,6,3,8,0,3,14,0
C013,1,2,2,56.5,2,2,1,0,25,85,0
C013,2,10,3,217.1,2,1,3,0,7,38,0
C013,3,6,3,265.3,1,1,3,0,19,61,0
C013,4,5,1,99.3,4,2,4,0,17,93,0
C013,5,4,2,81.8,3,3,3,0,21,80,0
C013,6,3,3,40.5,1,1,1,0,24,41,0
C013,7,4,1,98.5,1,1,0,0,21,83,0
C013,8,1,1,50.1,0,1,1,0,23,88,0
C013,9,5,3,229.2,2,0,2,0,26,16,0
C013,10,6,2,278.0,3,1,2,0,15,39,0
C013,11,3,0,105.5,3,2,2,0,20,67,0
C013,12,3,0,26.3,0,0,0,0,19,58,0
C013,13,11,7,306.1,5,0,1,0,9,31,0
C013,14,5,1,161.8,2,1,1,0,21,49,0
C013,15,3,2,59.5,2,2,1,0,23,12,0
C013,16,3,2,69.4,3,0,3,0,17,40,0
C013,17,5,3,126.7,5,3,2,0,18,92,0
C013,18,3,2,70.9,5,4,3,0,21,104,0
C013,19,4,2,67.5,1,1,1,0,17,93,0
C013,20,9,4,216.8,4,2,2,0,12,55,0
C013,21,4,1,131.0,1,1,2,0,24,49,0
C013,22,1,1,37.1,0,0,0,0,22,93,0
C013,23,7,3,136.7,3,1,3,0,17,28,0
C013,24,12,6,391.4,4,2,2,0,7,32,0
C013,25,2,1,66.8,0,0,0,0,21,74,0
C013,26,4,0,103.6,3,2,2,1,22,26,0
C013,27,9,5,278.1,4,2,6,0,17,94,0
C013,28,16,6,395.6,3,3,7,0,6,77,0
C013,29,1,0,30.1,0,1,1,0,32,68,0
C013,30,0,1,11.1,0,1,0,0,30,78,0
C013,31,3,2,117.0,1,0,1,0,25,74,0
C013,32,6,2,245.9,4,2,4,0,28,75,0
C014,1,9,4,280.7,4,1,3,0,20,16,0
C014,2,3,0,0.0,2,1,1,0,19,74,0
C014,3,5,1,172.0,1,0,4,0,21,69,0
C014,4,7,4,153.8,2,0,1,0,21,49,0
C014,5,4,4,117.3,0,0,4,1,14,12,0
C014,6,5,4,158.9,1,0,3,0,19,75,0
C014,7,4,1,109.7,2,1,1,1,23,32,0
C014,8,5,3,183.8,1,1,0,0,25,91,0
C014,9,1,0,56.9,0,0,0,0,21,19,0
C014,10,1,2,16.6,1,0,0,0,31,19,0
C014,11,2,1,90.3,0,1,1,0,26,25,0
C014,12,4,0,0.0,2,1,1,0,23,38,0
C014,13,3,1,72.9,0,1,1,0,25,84,0
C014,14,1,0,23.3,0,1,0,0,26,103,0
C014,15,2,3,72.3,1,0,0,0,21,55,0
C014,16,3,0,111.3,1,0,1,0,18,98,0
C014,17,5,1,67.6,2,2,2,0,17,18,0
C014,18,2,2,39.5,2,0,1,0,20,17,0
C014,19,1,0,0.0,0,0,0,0,24,47,0
C014,20,3,0,83.1,3,0,0,1,58,44,0
C014,21,1,1,17.7,0,0,1,0,35,99,0
C014,22,3,2,59.7,4,0,0,0,15,101,0
C014,23,2,1,51.2,1,0,0,0,30,60,0
C014,24,1,0,24.6,0,0,0,0,24,98,0
C014,25,1,1,10.6,1,1,0,0,21,93,0
C014,26,2,1,48.3,0,1,0,0,19,100,0
C014,27,2,1,45.7,0,0,1,0,25,12,0
C014,28,2,0,40.4,1,0,1,0,33,70,0
C014,29,3,2,76.1,2,0,0,0,23,81,0
C014,30,1,2,20.1,1,1,0,0,49,30,0
C014,31,0,0,21.2,0,0,1,0,29,13,0
C014,32,3,1,74.9,3,1,0,0,26,45,0
C015,1,7,3,204.1,6,1,4,0,26,54,0
C015,2,5,4,133.9,1,0,1,0,20,34,0
C015,3,4,1,113.9,4,2,1,0,21,51,0
C015,4,7,3,234.9,3,0,1,0,17,23,0
C015,5,9,4,138.8,3,1,3,0,11,65,0
C015,6,9,4,162.9,4,2,1,0,13,31,0
C015,7,3,2,108.3,0,1,1,0,22,68,0
C015,8,4,0,98.6,4,0,2,0,27,76,0
C015,9,3,3,147.7,0,0,1,0,19,78,0
C015,10,3,0,154.1,2,0,0,0,18,77,0
C015,11,0,1,12.1,0,0,0,0,42,17,0
C015,12,4,1,119.0,1,1,2,0,18,62,0
C015,13,5,3,171.0,3,1,2,0,13,72,0
C015,14,3,0,120.5,1,1,1,0,32,34,0
C015,15,7,3,247.9,3,3,4,0,26,93,0
C015,16,3,0,120.5,0,0,1,1,16,98,0
C015,17,3,0,133.3,4,1,0,0,14,22,0
C015,18,4,3,172.0,0,0,0,0,15,62,0
C015,19,1,0,68.7,1,0,0,0,26,41,0
C015,20,0,0,13.9,0,0,0,0,30,73,0
C015,21,4,2,29.3,4,0,2,0,21,104,0
C015,22,9,6,229.7,5,2,3,0,12,62,0
C015,23,2,0,62.6,2,2,0,0,32,76,0
C015,24,2,0,24.5,0,0,0,0,41,12,0
C015,25,2,0,23.4,0,0,0,0,26,52,0
C015,26,1,0,24.7,0,0,0,0,18,47,0
C015,27,0,0,6.0,0,0,0,0,36,88,0
C015,28,3,1,91.4,1,0,0,0,20,94,0
C015,29,1,1,31.5,1,0,0,0,17,95,0
C015,30,0,0,19.1,0,0,0,0,59,28,0
C015,31,1,1,21.6,1,0,0,0,32,55,0
C015,32,0,0,0.0,0,0,0,0,31,36,0
C016,1,6,3,166.0,3,2,1,0,23,35,0
C016,2,8,6,216.4,8,3,3,0,12,33,0
C016,3,10,6,214.7,3,2,1,1,11,84,0
C016,4,7,5,177.2,1,1,2,0,19,52,0
C016,5,10,5,181.3,8,4,1,0,9,29,0
C016,6,16,7,564.1,9,4,7,0,28,94,0
C016,7,11,5,171.1,5,1,4,0,13,58,0
C016,8,10,5,296.4,6,2,5,0,9,69,0
C016,9,12,7,327.4,3,2,2,0,18,55,0
C016,10,11,7,304.2,7,3,3,0,27,22,0
C016,11,11,5,200.4,7,4,3,0,12,46,0
C016,12,16,7,563.6,8,2,9,0,6,65,0
C016,13,9,4,237.0,1,1,3,0,12,44,0
C016,14,16,7,402.8,6,3,8,0,11,72,0
C016,15,10,5,239.6,4,0,5,0,11,79,0
C016,16,20,7,452.9,11,6,6,0,1,89,0
C016,17,14,6,359.4,6,4,3,0,3,96,0
C016,18,19,7,338.9,8,6,11,0,5,57,0
C016,19,9,5,219.3,5,1,2,0,21,74,0
C016,20,12,5,416.4,12,4,5,0,9,85,0
C016,21,8,1,302.5,4,2,3,0,24,78,0
C016,22,14,6,420.8,5,2,4,0,6,15,0
C016,23,19,7,444.6,13,5,5,0,4,84,0
C016,24,14,7,184.9,5,1,6,0,4,94,0
C016,25,9,6,275.7,4,2,2,0,7,23,0
C016,26,23,7,524.9,12,6,6,0,17,36,0
C016,27,13,6,485.8,6,3,6,0,8,49,0
C016,28,2,1,55.4,0,1,0,1,29,62,0
C016,29,12,7,428.3,4,1,5,0,12,98,0
C016,30,11,6,369.0,5,3,5,0,9,27,0
C016,31,11,5,360.3,6,4,6,0,9,68,0
C016,32,10,3,318.1,7,6,3,0,20,88,0
C017,1,10,5,212.8,3,0,6,1,8,68,0
C017,2,12,5,308.6,10,5,3,0,5,75,0
C017,3,10,7,341.5,8,2,5,0,13,101,0
C017,4,8,4,145.6,3,2,1,0,10,45,0
C017,5,17,7,510.7,7,2,9,0,0,32,0
C017,6,15,6,366.2,8,1,4,0,8,15,0
C017,7,18,6,735.7,6,0,9,0,6,53,0
C017,8,3,2,85.2,0,0,0,0,20,61,0
C017,9,8,5,243.9,1,1,2,0,19,29,0
C017,10,11,5,399.9,1,0,2,1,12,64,0
C017,11,8,4,186.8,0,0,1,0,37,44,0
C017,12,7,4,146.5,3,0,1,1,17,88,0
C017,13,8,6,116.8,6,2,1,0,11,83,0
C017,14,14,7,311.3,3,0,6,0,9,71,0
C017,15,8,5,258.3,1,0,1,0,24,75,0
C017,16,19,7,706.5,16,3,5,0,8,87,0
C017,17,11,4,310.6,6,1,1,0,35,35,0
C017,18,14,7,321.0,5,1,1,0,5,56,0
C017,19,8,4,200.7,6,1,2,0,17,97,0
C017,20,9,6,272.0,2,1,1,0,8,88,0
C017,21,13,5,392.3,5,1,2,0,7,51,0
C017,22,11,4,500.6,2,1,2,1,12,57,0
C017,23,9,5,226.7,6,2,0,0,12,79,0
C017,24,10,6,351.5,1,0,5,0,10,19,0
C017,25,2,0,64.3,1,0,1,0,21,100,0
C017,26,2,1,49.8,0,1,1,0,19,67,0
C017,27,2,2,46.2,1,0,1,0,25,52,0
C017,28,0,0,16.2,0,1,0,0,46,85,0
C017,29,1,1,3.6,0,0,0,0,35,76,0
C017,30,4,1,56.8,5,2,1,0,27,63,0
C017,31,1,0,0.0,1,0,0,0,39,63,0
C017,32,2,1,27.6,1,0,1,0,21,86,1
C018,1,2,0,75.0,0,0,2,0,16,46,0
C018,2,3,1,64.0,3,1,1,0,18,74,0
C018,3,7,4,191.8,3,2,5,0,15,56,0
C018,4,5,4,107.9,2,1,1,0,14,12,0
C018,5,9,5,250.3,3,0,5,1,10,63,0
C018,6,3,2,67.6,2,2,3,0,17,67,0
C018,7,8,4,238.4,5,2,0,0,13,53,0
C018,8,1,0,32.4,1,0,0,0,29,66,0
C018,9,4,2,91.8,1,1,1,0,28,22,0
C018,10,9,3,360.3,6,3,5,0,23,43,0
C018,11,4,3,106.8,1,1,3,0,19,32,0
C018,12,4,1,139.3,6,3,1,0,16,28,0
C018,13,1,0,18.9,0,0,0,0,19,65,0
C018,14,4,2,116.8,1,0,2,0,16,100,0
C018,15,15,6,471.3,8,4,8,0,5,47,0
C018,16,9,4,206.1,3,0,3,0,25,25,0
C018,17,4,3,100.3,1,0,1,0,17,87,0
C018,18,4,2,150.2,2,2,0,0,20,97,0
C018,19,4,6,141.6,1,0,1,0,14,32,0
C018,20,4,1,136.4,3,2,1,0,17,56,0
C018,21,5,4,101.3,3,2,2,0,21,16,0
C018,22,4,5,144.0,0,0,2,0,19,20,0
C018,23,4,1,143.7,1,0,2,0,19,29,0
C018,24,3,1,76.4,0,1,0,0,15,68,0
C018,25,8,3,233.3,8,4,2,0,19,95,0
C018,26,5,4,181.6,1,1,0,0,27,30,0
C018,27,11,6,386.6,4,1,1,0,10,80,0
C018,28,2,1,48.5,3,2,0,0,22,47,0
C018,29,7,4,218.1,2,0,5,0,20,44,0
C018,30,12,7,351.2,3,1,4,0,5,75,0
C018,31,3,1,71.9,3,2,0,0,16,68,0
C018,32,9,0,265.7,2,2,3,0,17,70,0
C019,1,5,2,135.5,1,0,1,0,22,74,0
C019,2,2,1,15.9,1,0,0,0,18,89,0
C019,3,3,1,17.9,0,0,0,0,32,58,0
C019,4,2,2,27.3,0,0,0,0,17,62,0
C019,5,4,1,89.9,2,1,0,0,20,35,0
C019,6,8,4,251.8,6,2,1,0,13,103,0
C019,7,6,6,210.5,1,0,3,0,27,33,0
C019,8,3,3,46.5,2,0,1,0,15,92,0
C019,9,2,0,22.5,0,0,0,0,27,19,0
C019,10,4,3,169.5,1,1,0,0,20,96,0
C019,11,3,1,30.6,0,1,1,0,21,88,0
C019,12,0,0,0.0,0,0,0,0,31,102,0
C019,13,3,2,89.3,0,0,1,0,20,49,0
C019,14,4,0,100.9,2,0,1,0,20,55,0
C019,15,1,1,23.2,0,0,1,0,21,99,0
C019,16,4,2,105.1,2,0,0,0,20,20,0
C019,17,4,3,160.2,4,1,2,0,20,42,0
C019,18,3,0,111.0,2,0,4,0,16,84,0
C019,19,4,1,141.2,3,1,1,0,21,37,0
C019,20,1,0,0.0,1,0,0,0,19,30,0
C019,21,2,1,86.6,1,0,1,0,20,100,0
C019,22,4,0,61.9,2,0,1,0,14,76,0
C019,23,4,3,81.7,2,0,0,0,13,59,0
C019,24,1,0,28.5,0,0,0,0,30,98,0
C019,25,4,1,84.2,3,1,1,0,16,23,0
C019,26,2,0,63.9,1,1,1,0,22,53,0
C019,27,3,0,86.0,1,0,0,0,17,88,0
C019,28,2,1,39.3,1,0,2,0,21,102,0
C019,29,2,1,40.1,1,0,1,0,19,12,0
C019,30,2,0,27.7,2,0,0,0,21,60,0
C019,31,2,0,81.4,0,0,0,0,25,73,0
C019,32,3,1,63.4,2,1,2,0,21,34,1
C020,1,6,5,172.2,1,1,0,0,20,47,0
C020,2,8,5,324.5,5,2,3,0,14,48,0
C020,3,9,4,306.2,5,1,3,1,14,95,0
C020,4,8,2,322.2,1,0,5,0,11,38,0
C020,5,11,6,299.7,5,1,5,0,7,41,0
C020,6,14,7,332.9,7,2,4,0,8,48,0
C020,7,14,7,309.9,10,1,4,1,4,67,0
C020,8,6,3,256.8,0,0,0,0,18,22,0
C020,9,12,4,389.6,7,1,3,0,8,90,0
C020,10,9,4,197.4,4,0,6,0,14,49,0
C020,11,11,4,241.3,5,0,2,0,10,25,0
C020,12,19,6,513.7,3,1,9,0,6,45,0
C020,13,10,7,242.4,3,1,4,1,22,54,0
C020,14,2,0,55.5,0,0,0,0,16,53,0
C020,15,13,7,409.8,6,1,2,0,12,79,0
C020,16,9,3,375.4,2,0,2,0,13,29,0
C020,17,13,7,391.0,8,2,5,0,7,41,0
C020,18,7,3,246.0,2,1,0,0,19,81,0
C020,19,10,6,230.4,6,3,5,0,8,53,0
C020,20,11,6,284.5,9,1,2,0,9,104,0
C020,21,10,7,222.2,6,1,3,0,12,96,0
C020,22,2,0,57.4,0,1,2,0,19,92,0
C020,23,13,7,282.5,3,0,4,0,11,93,0
C020,24,9,7,255.3,7,0,2,0,8,59,0
C020,25,4,2,193.5,2,0,0,0,20,96,0
C020,26,0,1,4.5,0,0,1,0,46,34,0
C020,27,1,1,0.0,0,0,0,0,29,15,0
C020,28,0,1,1.3,0,0,0,0,33,89,0
C020,29,0,1,43.0,0,0,0,0,31,91,0
C020,30,1,1,21.4,0,0,0,0,21,31,0
C020,31,1,0,31.5,1,0,0,1,31,60,0
C020,32,0,0,8.7,0,0,0,0,32,88,1
C021,1,9,3,219.5,3,1,2,0,15,37,0
C021,2,9,6,168.2,3,1,2,0,16,68,0
C021,3,1,1,15.4,1,0,0,0,30,91,0
C021,4,16,7,383.1,8,2,3,1,7,94,0
C021,5,15,6,444.8,7,2,7,0,2,97,0
C021,6,15,7,275.9,6,2,3,0,20,101,0
C021,7,13,7,218.4,3,0,2,0,10,68,0
C021,8,9,4,94.6,2,0,1,0,11,67,0
C021,9,5,3,107.4,1,0,1,0,20,60,0
C021,10,9,4,327.0,8,3,3,0,12,85,0
C021,11,10,5,164.6,5,1,5,0,9,20,0
C021,12,12,4,386.7,6,3,4,0,13,23,0
C021,13,6,3,173.8,3,1,4,0,19,41,0
C021,14,5,3,142.4,1,0,4,0,19,95,0
C021,15,12,7,353.4,6,2,6,0,8,67,0
C021,16,10,4,454.5,4,3,6,0,13,55,0
C021,17,11,5,269.4,4,1,1,0,12,44,0
C021,18,15,7,622.2,11,2,6,0,2,94,0
C021,19,19,6,672.5,12,2,4,0,3,100,0
C021,20,15,6,493.4,6,1,4,0,20,101,0
C021,21,8,3,297.7,8,1,3,0,15,78,0
C021,22,10,6,409.7,9,1,4,0,13,96,0
C021,23,10,5,369.5,8,1,3,0,13,21,0
C021,24,12,6,370.7,4,2,2,0,14,27,0
C021,25,8,3,219.1,3,1,5,0,19,41,0
C021,26,15,7,189.1,11,2,6,0,19,72,0
C021,27,8,4,200.7,5,1,3,0,10,90,0
C021,28,19,7,600.2,17,3,5,0,4,103,0
C021,29,9,2,198.6,0,0,4,0,18,13,0
C021,30,14,7,318.4,6,1,3,0,15,86,0
C021,31,17,7,498.0,7,1,7,0,25,54,0
C021,32,9,6,207.8,5,1,5,0,24,53,0
C022,1,6,2,165.6,3,1,1,0,20,60,0
C022,2,4,1,98.8,5,0,0,0,21,101,0
C022,3,4,0,89.1,1,0,2,0,17,66,0
C022,4,3,3,135.3,2,0,1,0,30,73,0
C022,5,6,3,94.6,1,0,2,0,24,49,0
C022,6,4,2,123.2,2,1,4,0,14,16,0
C022,7,5,2,140.9,1,0,2,0,22,17,0
C022,8,3,2,123.6,2,1,0,0,24,86,0
C022,9,4,2,42.5,5,0,5,0,27,47,0
C022,10,3,2,71.1,2,0,0,0,23,15,0
C022,11,5,5,175.3,0,0,1,0,22,80,0
C022,12,3,3,74.5,5,2,0,0,27,16,0
C022,13,3,0,66.2,1,0,1,0,20,24,0
C022,14,3,2,72.5,3,1,3,0,21,53,0
C022,15,1,0,0.0,0,0,0,0,18,95,0
C022,16,3,1,79.5,1,0,2,0,23,103,0
C022,17,1,2,0.0,1,0,0,0,18,15,0
C022,18,2,1,46.9,1,0,0,0,17,22,0
C022,19,0,0,19.7,0,0,0,0,34,40,0
C022,20,3,2,116.8,1,0,0,0,24,85,0
C022,21,3,2,101.9,0,0,0,0,28,93,0
C022,22,0,0,0.0,0,0,0,0,30,67,0
C022,23,0,0,52.5,1,0,0,0,30,37,0
C022,24,0,0,0.0,0,1,0,0,38,37,0
C022,25,2,0,75.1,2,1,0,0,23,24,0
C022,26,0,1,0.0,0,0,0,0,31,64,0
C022,27,1,2,11.4,0,0,1,0,29,17,0
C022,28,1,1,38.2,1,0,1,0,27,58,0
C022,29,0,0,3.2,0,0,1,0,34,50,0
C022,30,1,0,7.4,0,1,0,0,41,53,0
C022,31,1,0,47.1,1,0,0,0,20,51,0
C022,32,0,0,37.5,0,0,0,0,48,50,1
C023,1,9,5,272.0,2,0,5,0,13,31,0
C023,2,13,6,350.0,10,4,1,0,6,103,0
C023,3,10,5,337.5,5,0,3,0,7,49,0
C023,4,8,3,195.2,3,1,2,0,13,16,0
C023,5,16,7,378.4,6,1,5,0,7,31,0
C023,6,16,6,530.7,10,4,4,0,9,64,0
C023,7,12,6,464.0,10,1,1,0,13,57,0
C023,8,12,6,536.9,7,2,3,0,9,98,0
C023,9,10,4,260.9,7,3,3,0,8,28,0
C023,10,7,4,148.7,3,0,4,0,23,76,0
C023,11,9,5,173.8,4,3,4,0,14,17,0
C023,12,6,3,149.7,1,1,1,0,12,26,0
C023,13,6,1,123.1,4,0,1,0,29,86,0
C023,14,11,6,375.4,6,2,4,0,17,46,0
C023,15,11,4,490.3,3,0,4,0,6,80,0
C023,16,7,5,248.4,4,0,3,0,27,15,0
C023,17,3,4,82.7,0,0,1,0,20,59,0
C023,18,8,3,148.2,2,0,1,0,23,50,0
C023,19,3,3,21.4,2,0,2,0,20,12,0
C023,20,4,1,87.9,5,2,1,0,20,88,0
C023,21,6,2,196.5,1,0,1,0,30,99,0
C023,22,9,4,232.2,2,0,5,0,9,23,0
C023,23,7,5,190.4,4,1,5,0,31,12,0
C023,24,9,5,293.6,4,2,0,0,11,62,0
C023,25,7,2,117.2,2,1,3,0,19,49,0
C023,26,12,7,275.3,6,2,3,0,8,16,0
C023,27,8,4,197.2,4,1,4,0,15,86,0
C023,28,11,6,305.2,6,2,2,0,9,14,0
C023,29,4,2,174.4,0,0,1,0,19,70,0
C023,30,7,3,210.9,4,0,3,0,23,84,0
C023,31,8,4,231.5,5,0,2,0,14,70,0
C023,32,12,6,373.6,3,1,8,1,4,31,0
C024,1,5,4,149.0,2,2,0,0,16,75,0
C024,2,9,4,289.3,0,1,4,0,12,94,0
C024,3,10,5,246.2,6,3,2,0,10,38,0
C024,4,8,5,284.2,3,2,3,0,22,59,0
C024,5,11,7,231.9,2,2,6,0,17,18,0
C024,6,9,6,304.6,4,2,0,0,13,78,0
C024,7,11,5,298.1,7,3,4,0,10,38,0
C024,8,10,5,364.1,9,4,5,0,40,95,0
C024,9,6,3,142.1,3,2,1,0,29,92,0
C024,10,6,4,132.8,5,3,1,0,15,36,0
C024,11,7,2,194.3,3,2,1,0,22,30,0
C024,12,11,6,271.1,3,1,2,0,17,38,0
C024,13,10,5,411.6,1,1,4,0,9,16,0
C024,14,4,3,155.9,8,3,0,0,24,60,0
C024,15,5,3,101.7,6,5,4,0,14,77,0
C024,16,4,2,124.1,2,1,0,0,16,44,0
C024,17,4,2,124.3,2,2,1,0,19,95,0
C024,18,4,3,155.2,4,2,0,1,18,76,0
C024,19,6,3,124.5,2,1,2,0,21,45,0
C024,20,5,1,188.4,2,2,3,0,14,46,0
C024,21,4,4,156.3,1,1,3,0,23,56,0
C024,22,2,2,54.9,0,0,2,0,30,55,0
C024,23,6,5,117.0,0,1,1,0,27,86,0
C024,24,10,3,234.4,3,2,3,0,8,73,0
C024,25,7,2,225.5,3,0,2,0,15,96,0
C024,26,9,6,164.8,6,3,2,0,11,28,0
C024,27,13,6,391.4,7,2,5,0,9,35,0
C024,28,9,4,210.6,3,1,4,0,14,98,0
C024,29,9,5,223.5,4,2,4,0,12,40,0
C024,30,7,5,132.8,2,1,4,0,14,104,0
C024,31,13,5,475.6,4,1,2,0,7,25,0
C024,32,16,7,378.8,6,2,4,0,13,77,0
C025,1,7,6,185.2,7,6,5,0,27,25,0
C025,2,7,5,151.7,2,1,2,0,22,93,0
C025,3,10,7,181.6,2,0,4,0,17,37,0
C025,4,7,3,268.8,5,1,2,0,12,103,0
C025,5,4,2,95.0,0,1,1,0,14,59,0
C025,6,5,6,118.4,3,1,1,0,23,72,0
C025,7,7,4,116.1,1,1,2,0,12,42,0
C025,8,7,4,164.7,1,0,1,0,23,25,0
C025,9,6,3,181.3,4,3,4,0,16,103,0
C025,10,12,7,462.5,9,4,6,0,5,13,0
C025,11,7,5,151.3,4,1,2,0,26,50,0
C025,12,7,4,324.9,3,1,4,0,19,50,0
C025,13,10,3,281.5,5,2,6,0,35,48,0
C025,14,11,5,362.6,4,2,4,0,7,36,0
C025,15,8,3,153.5,8,3,3,0,17,52,0
C025,16,8,5,284.9,4,1,1,0,18,28,0
C025,17,8,6,272.2,2,1,5,0,18,16,0
C025,18,9,4,251.1,3,2,1,0,10,25,0
C025,19,4,2,69.3,1,1,2,0,24,83,0
C025,20,3,0,76.9,5,1,0,0,31,22,0
C025,21,12,6,432.5,9,6,5,0,14,61,0
C025,22,7,4,194.4,3,0,5,0,13,32,0
C025,23,7,6,167.2,3,3,1,0,12,22,0
C025,24,5,3,66.3,2,0,1,0,22,24,0
C025,25,15,7,327.5,7,1,5,0,10,66,0
C025,26,7,5,135.9,2,0,2,0,19,75,0
C025,27,8,4,249.1,4,3,5,0,10,62,0
C025,28,0,0,0.0,0,0,0,0,38,29,0
C025,29,10,3,220.8,4,2,2,0,9,15,0
C025,30,9,4,240.5,4,2,2,0,12,58,0
C025,31,8,3,304.8,3,0,3,0,20,78,0
C025,32,5,1,86.6,0,1,5,0,29,100,1
C026,1,11,6,346.6,5,1,3,0,6,30,0
C026,2,10,6,334.5,4,0,3,0,24,76,0
C026,3,9,7,292.0,1,1,3,0,14,62,0
C026,4,9,5,219.8,9,3,5,0,33,104,0
C026,5,7,3,179.1,1,1,3,0,17,29,0
C026,6,9,5,261.2,3,2,6,0,11,66,0
C026,7,16,6,429.9,14,8,6,0,8,57,0
C026,8,13,7,372.5,6,2,4,0,14,90,0
C026,9,19,7,749.5,7,2,6,0,11,37,0
C026,10,5,4,191.0,1,1,2,0,16,44,0
C026,11,17,5,382.5,9,5,3,0,13,33,0
C026,12,15,7,520.8,7,4,4,0,7,18,0
C026,13,11,5,384.9,7,2,3,0,11,20,0
C026,14,9,6,202.9,3,1,1,0,14,28,0
C026,15,13,6,349.8,6,2,5,0,7,12,0
C026,16,10,1,351.3,4,2,2,0,12,103,0
C026,17,8,6,144.4,4,2,2,0,18,82,0
C026,18,6,4,204.2,7,5,2,0,25,99,0
C026,19,22,6,590.4,10,4,5,0,17,16,0
C026,20,11,7,185.9,6,2,5,0,18,36,0
C026,21,16,7,483.0,1,1,9,0,2,59,0
C026,22,22,5,599.2,12,6,5,0,2,62,0
C026,23,10,4,315.5,5,3,4,0,15,39,0
C026,24,17,7,439.2,7,3,7,0,8,54,0
C026,25,5,1,141.7,3,1,1,0,15,66,0
C026,26,10,4,325.5,4,3,5,0,19,25,0
C026,27,14,6,546.9,8,4,3,0,4,29,0
C026,28,14,6,319.6,4,1,5,0,9,18,0
C026,29,12,6,395.3,7,1,4,0,11,35,0
C026,30,13,7,366.5,7,3,4,0,11,56,0
C026,31,15,7,246.2,10,4,5,1,20,45,0
C026,32,10,5,275.6,5,4,3,1,22,22,0
C027,1,10,3,323.9,3,2,7,0,13,98,0
C027,2,12,7,403.2,9,2,1,0,32,18,0
C027,3,9,4,208.2,5,1,3,0,20,17,0
C027,4,11,4,383.3,3,1,4,0,16,89,0
C027,5,9,4,289.4,6,2,2,1,15,52,0
C027,6,7,5,180.0,4,0,2,0,17,61,0
C027,7,11,6,358.1,6,1,4,0,18,26,0
C027,8,15,7,538.1,10,5,8,0,1,15,0
C027,9,10,6,281.0,2,1,2,0,16,90,0
C027,10,4,3,61.0,3,0,0,0,17,66,0
C027,11,3,2,42.4,4,1,0,0,27,95,0
C027,12,8,4,150.2,3,1,4,0,15,45,0
C027,13,5,2,214.0,1,0,3,0,14,27,0
C027,14,11,6,341.8,5,1,2,0,15,83,0
C027,15,10,4,340.9,6,2,3,0,28,44,0
C027,16,5,0,23.7,1,0,0,0,18,72,0
C027,17,6,3,112.1,3,0,2,0,14,104,0
C027,18,2,2,83.0,1,1,0,0,19,100,0
C027,19,8,7,227.6,4,1,2,0,24,16,0
C027,20,8,5,145.7,3,1,0,0,10,60,0
C027,21,9,5,259.2,3,1,4,0,20,98,0
C027,22,4,1,46.6,1,0,1,0,21,15,0
C027,23,7,4,217.0,5,2,4,0,22,20,0
C027,24,4,4,161.5,2,0,2,0,32,103,0
C027,25,6,2,145.0,3,1,2,0,26,62,0
C027,26,7,4,248.9,4,3,2,0,12,48,0
C027,27,2,0,35.1,0,0,1,0,22,42,0
C027,28,9,7,164.3,3,1,3,0,8,51,0
C027,29,0,1,5.5,0,0,1,0,39,80,0
C027,30,0,0,0.0,0,0,0,0,31,67,0
C027,31,1,0,72.0,0,0,0,0,25,68,0
C027,32,6,3,136.4,3,1,2,0,18,103,1
C028,1,12,6,274.0,5,2,3,0,21,55,0
C028,2,7,6,222.6,3,0,3,0,19,58,0
C028,3,7,3,238.8,0,0,4,0,12,26,0
C028,4,6,3,166.2,3,2,3,0,14,90,0
C028,5,6,1,128.0,1,1,5,1,20,32,0
C028,6,6,0,129.3,3,1,2,0,14,98,0
C028,7,14,7,470.8,9,2,3,0,3,47,0
C028,8,6,3,165.2,4,2,1,0,29,53,0
C028,9,6,3,153.1,1,0,0,0,15,20,0
C028,10,12,6,255.7,4,2,6,0,10,43,0
C028,11,11,7,381.0,6,1,1,0,14,52,0
C028,12,8,2,126.6,7,3,3,0,12,96,0
C028,13,13,7,310.0,6,2,2,0,6,22,0
C028,14,11,7,229.4,2,0,2,0,13,102,0
C028,15,10,6,274.9,8,2,0,1,23,21,0
C028,16,16,7,386.5,8,3,6,0,16,63,0
C028,17,8,4,232.1,4,1,2,0,14,15,0
C028,18,11,6,391.8,10,5,3,0,21,76,0
C028,19,13,6,502.2,7,2,4,0,8,58,0
C028,20,4,2,114.3,1,0,2,0,17,69,0
C028,21,8,5,289.2,2,0,2,0,24,101,0
C028,22,9,4,261.2,4,0,5,0,17,35,0
C028,23,11,6,355.1,7,2,3,0,12,45,0
C028,24,12,4,289.3,8,1,3,0,13,104,0
C028,25,11,4,332.3,3,0,3,0,7,104,0
C028,26,19,6,424.3,9,1,5,0,6,78,0
C028,27,12,6,386.0,5,0,3,0,9,25,0
C028,28,10,6,190.6,4,2,1,0,12,65,0
C028,29,10,4,312.4,4,1,3,0,17,82,0
C028,30,12,7,217.0,2,1,0,0,31,59,0
C028,31,14,6,404.0,10,4,2,0,11,13,0
C028,32,11,3,419.3,6,3,6,0,9,12,0
C029,1,10,6,135.6,4,1,7,0,20,73,0
C029,2,8,4,244.9,6,2,4,0,17,43,0
C029,3,12,7,313.9,4,0,5,0,10,82,0
C029,4,13,7,177.7,3,2,5,0,24,36,0
C029,5,14,7,230.5,9,5,3,0,11,58,0
C029,6,12,6,442.4,5,0,3,1,12,87,0
C029,7,7,4,186.5,7,2,0,0,25,86,0
C029,8,16,7,315.7,5,0,3,0,6,25,0
C029,9,20,5,507.8,8,1,4,0,4,21,0
C029,10,11,5,180.5,7,2,4,0,23,74,0
C029,11,16,7,563.0,3,0,9,0,16,42,0
C029,12,8,5,205.1,4,1,3,0,11,40,0
C029,13,10,5,301.7,4,0,4,0,22,44,0
C029,14,8,4,168.4,2,0,5,0,11,64,0
C029,15,9,4,324.8,6,2,1,0,8,18,0
C029,16,11,5,240.3,4,1,4,0,11,95,0
C029,17,11,7,195.4,5,2,4,0,20,43,0
C029,18,12,5,371.1,3,0,3,0,6,52,0
C029,19,9,6,340.4,6,3,2,0,22,21,0
C029,20,8,2,235.2,3,1,3,0,13,26,0
C029,21,11,5,421.7,7,5,9,0,35,103,0
C029,22,15,6,400.0,12,1,5,0,9,29,0
C029,23,8,5,238.8,7,1,3,0,9,41,0
C029,24,21,7,438.8,7,3,9,0,7,103,0
C029,25,5,2,156.3,1,0,2,0,20,103,0
C029,26,6,1,195.5,3,1,1,0,13,86,0
C029,27,15,7,304.8,10,2,3,0,5,89,0
C029,28,12,5,288.9,6,3,2,0,6,35,0
C029,29,9,3,171.2,3,1,4,0,13,78,0
C029,30,7,4,121.9,2,1,1,0,23,63,0
C029,31,4,0,155.9,2,0,2,0,14,102,0
C029,32,3,2,82.7,0,1,2,0,31,58,1
C030,1,2,3,87.5,1,0,1,0,21,66,0
C030,2,3,1,124.3,2,1,1,0,23,44,0
C030,3,6,3,248.6,0,0,1,0,17,73,0
C030,4,11,6,316.3,2,0,7,0,8,16,0
C030,5,5,2,166.4,3,1,2,0,15,27,0
C030,6,8,6,196.1,5,2,6,0,29,25,0
C030,7,8,6,253.3,1,0,0,0,20,24,0
C030,8,1,1,81.6,2,0,1,0,26,41,0
C030,9,1,1,4.3,1,0,0,0,20,18,0
C030,10,1,0,57.5,1,1,0,0,19,61,0
C030,11,10,6,205.5,1,0,6,0,7,84,0
C030,12,5,2,158.5,1,0,0,0,16,53,0
C030,13,4,5,170.7,2,0,0,0,23,22,0
C030,14,0,0,0.0,0,1,0,0,40,38,0
C030,15,7,3,287.3,5,1,3,0,18,64,0
C030,16,2,0,84.2,2,0,0,0,19,23,0
C030,17,13,7,356.1,5,2,5,0,3,35,0
C030,18,5,1,160.8,6,0,2,0,21,87,0
C030,19,5,2,179.1,1,0,3,0,23,42,0
C030,20,1,1,51.1,0,0,1,0,19,66,0
C030,21,7,5,155.0,0,0,2,0,13,82,0
C030,22,2,1,97.0,0,0,2,0,32,75,0
C030,23,4,2,106.9,0,0,2,1,14,88,0
C030,24,0,0,48.8,0,0,1,0,51,59,0
C030,25,8,6,197.2,2,0,1,0,14,93,0
C030,26,6,5,279.2,3,2,2,0,15,67,0
C030,27,1,0,0.0,0,1,1,0,39,53,0
C030,28,1,2,56.7,0,0,0,0,22,75,0
C030,29,2,2,84.9,2,1,1,0,29,70,0
C030,30,4,2,62.3,1,1,3,0,31,99,0
C030,31,6,3,131.8,4,2,1,0,21,84,0
C030,32,9,2,253.5,4,1,2,0,8,48,1
C031,1,9,5,376.4,3,0,4,0,21,46,0
C031,2,11,7,111.7,5,0,2,0,9,19,0
C031,3,14,6,366.2,5,4,6,0,5,94,0
C031,4,12,5,247.3,4,0,6,0,8,42,0
C031,5,9,6,234.1,3,0,1,0,12,75,0
C031,6,9,5,226.0,4,1,2,0,28,44,0
C031,7,4,3,142.0,3,0,2,0,17,57,0
C031,8,3,2,86.5,2,0,0,0,22,71,0
C031,9,13,7,222.4,4,1,5,0,18,100,0
C031,10,8,4,294.6,7,2,1,0,14,95,0
C031,11,14,7,546.1,12,3,5,0,10,46,0
C031,12,10,5,312.9,5,0,4,0,31,60,0
C031,13,6,2,194.8,1,1,1,0,12,78,0
C031,14,10,4,263.1,8,3,3,0,18,104,0
C031,15,8,6,217.7,2,1,3,0,19,50,0
C031,16,7,3,160.6,4,0,1,1,24,46,0
C031,17,15,7,664.9,4,1,5,0,13,97,0
C031,18,11,5,307.2,3,1,7,0,5,100,0
C031,19,3,2,69.5,1,0,1,0,28,34,0
C031,20,8,2,251.2,2,0,1,0,12,103,0
C031,21,12,4,353.3,6,2,4,0,15,60,0
C031,22,8,2,241.9,5,1,5,0,15,60,0
C031,23,4,2,129.6,2,0,1,1,14,62,0
C031,24,14,7,361.7,9,3,8,0,14,42,0
C031,25,12,5,360.8,4,0,3,0,15,62,0
C031,26,13,7,347.3,5,2,4,0,9,90,0
C031,27,6,1,158.9,5,2,3,0,25,19,0
C031,28,17,7,328.0,8,1,3,0,5,28,0
C031,29,12,7,322.1,6,1,4,0,11,92,0
C031,30,14,7,378.8,9,1,5,0,7,22,0
C031,31,15,6,325.7,14,5,7,0,7,21,0
C031,32,5,5,156.4,1,0,1,0,19,21,0
C032,1,14,7,372.8,10,2,5,0,10,84,0
C032,2,11,6,341.7,8,4,2,0,8,48,0
C032,3,6,1,116.2,4,0,0,0,12,29,0
C032,4,11,6,188.7,3,1,5,0,12,27,0
C032,5,7,3,200.1,1,0,2,0,30,35,0
C032,6,13,7,323.2,5,2,7,0,11,88,0
C032,7,10,5,318.6,3,0,2,0,13,14,0
C032,8,12,5,232.7,4,0,5,0,22,56,0
C032,9,17,6,392.3,7,2,5,0,14,44,0
C032,10,5,1,151.1,2,1,1,0,25,86,0
C032,11,10,6,300.6,5,1,5,0,6,83,0
C032,12,15,6,292.5,7,3,6,0,5,40,0
C032,13,5,1,86.8,2,0,3,0,15,19,0
C032,14,5,1,134.7,3,0,3,0,15,75,0
C032,15,7,6,337.7,3,0,1,0,13,87,0
C032,16,2,0,80.4,2,0,0,0,22,87,0
C032,17,5,2,121.6,2,0,4,0,16,59,0
C032,18,6,1,173.2,2,0,3,0,24,70,0
C032,19,7,5,248.8,5,0,2,0,35,72,0
C032,20,7,3,316.8,8,3,2,0,10,43,0
C032,21,10,7,277.0,3,1,3,0,10,52,0
C032,22,8,5,336.9,3,0,2,0,12,53,0
C032,23,10,4,352.4,0,0,2,0,13,21,0
C032,24,8,6,171.3,5,3,0,0,9,38,0
C032,25,3,0,126.8,0,0,3,0,18,63,0
C032,26,6,4,191.9,2,1,0,0,22,50,0
C032,27,10,5,248.6,4,0,7,0,7,88,0
C032,28,13,6,366.1,4,0,3,0,7,15,0
C032,29,7,5,176.2,2,0,3,0,13,42,0
C032,30,13,6,267.4,9,2,4,0,4,56,0
C032,31,14,7,429.3,11,2,4,0,5,90,0
C032,32,11,7,385.5,5,2,4,0,12,37,0
C033,1,16,6,320.8,4,2,12,0,3,52,0
C033,2,10,7,408.9,3,3,4,0,22,86,0
C033,3,13,7,575.1,3,2,7,0,16,24,0
C033,4,14,7,234.3,6,4,2,0,6,20,0
C033,5,8,2,187.7,3,1,6,0,10,37,0
C033,6,11,4,228.6,5,2,2,0,10,73,0
C033,7,12,6,220.1,5,3,1,0,10,29,0
C033,8,9,5,194.6,8,3,2,0,17,82,0
C033,9,12,7,381.1,6,3,3,0,6,81,0
C033,10,8,5,196.5,5,2,0,0,28,73,0
C033,11,7,6,258.3,3,2,1,1,12,74,0
C033,12,3,3,94.9,1,1,0,0,17,85,0
C033,13,10,5,320.3,3,1,0,0,26,42,0
C033,14,3,4,63.2,1,0,2,0,35,76,0
C033,15,8,5,153.5,7,2,3,0,12,34,0
C033,16,4,3,73.4,3,0,1,0,17,13,0
C033,17,9,6,309.2,4,1,7,0,8,74,0
C033,18,5,2,111.4,1,1,1,0,19,73,0
C033,19,2,1,93.5,0,1,0,0,33,53,0
C033,20,6,5,170.8,2,1,2,0,23,90,0
C033,21,6,4,132.4,0,0,3,0,14,61,0
C033,22,10,5,351.1,3,1,0,0,15,37,0
C033,23,2,0,56.9,3,0,0,0,17,97,0
C033,24,1,1,25.2,1,1,1,0,18,15,0
C033,25,4,3,80.2,1,1,1,0,31,99,0
C033,26,3,2,48.3,1,0,1,0,21,25,0
C033,27,6,4,110.7,5,1,4,0,17,53,0
C033,28,4,5,82.0,1,1,1,0,19,12,0
C033,29,4,2,125.0,2,1,0,0,20,98,0
C033,30,1,0,44.1,0,0,0,0,24,62,0
C033,31,0,1,0.0,0,1,0,0,38,93,0
C033,32,4,1,185.4,0,0,2,0,26,55,0
C034,1,14,7,394.1,6,2,0,0,18,43,0
C034,2,11,6,214.7,6,1,2,0,18,82,0
C034,3,12,7,380.8,6,2,1,0,14,79,0
C034,4,9,7,336.5,10,4,2,0,11,28,0
C034,5,8,4,210.5,1,1,3,0,25,13,0
C034,6,5,1,69.3,3,0,2,0,14,33,0
C034,7,8,3,196.1,4,0,2,0,15,69,0
C034,8,7,5,223.9,2,1,1,0,17,104,0
C034,9,4,3,97.2,2,0,6,0,25,34,0
C034,10,10,3,313.1,4,1,0,0,15,57,0
C034,11,4,4,131.7,3,1,2,0,25,100,0
C034,12,2,1,25.7,0,0,0,0,16,62,0
C034,13,5,3,117.1,2,0,1,0,42,103,0
C034,14,4,3,88.7,2,1,2,0,20,76,0
C034,15,3,1,59.9,0,1,1,0,25,17,0
C034,16,5,1,131.3,3,0,4,0,24,80,0
C034,17,2,0,79.7,1,0,1,0,27,56,0
C034,18,8,7,188.5,6,2,2,0,18,93,0
C034,19,3,1,100.0,1,1,0,0,44,56,0
C034,20,7,4,201.3,2,0,2,0,26,28,0
C034,21,8,4,191.9,5,2,5,0,11,57,0
C034,22,2,0,84.1,1,1,0,0,23,37,0
C034,23,5,2,151.5,2,0,4,0,15,35,0
C034,24,4,2,70.8,1,0,3,0,23,66,0
C034,25,3,2,38.3,2,0,2,0,35,44,0
C034,26,3,1,109.7,0,0,3,0,19,80,0
C034,27,4,4,115.5,2,0,0,0,16,24,0
C034,28,4,1,194.1,1,0,1,0,23,86,0
C034,29,2,1,15.0,0,0,1,0,28,85,0
C034,30,4,1,41.7,0,0,0,0,16,34,0
C034,31,0,0,15.9,0,0,1,0,31,61,0
C034,32,2,1,74.1,1,0,0,0,26,64,1
C035,1,6,3,124.2,4,0,1,0,22,86,0
C035,2,3,2,75.4,1,0,0,0,28,98,0
C035,3,2,1,118.9,2,0,2,0,18,12,0
C035,4,9,1,65.9,4,1,3,0,17,48,0
C035,5,3,1,54.9,1,0,1,0,24,59,0
C035,6,6,1,125.8,4,2,3,0,20,28,0
C035,7,4,1,114.3,1,0,1,0,22,76,0
C035,8,4,1,52.0,4,1,0,0,14,26,0
C035,9,1,0,10.9,0,0,0,0,26,64,0
C035,10,4,3,151.9,2,1,1,0,24,69,0
C035,11,5,3,169.1,1,0,2,0,43,24,0
C035,12,4,3,114.3,1,1,1,0,28,50,0
C035,13,2,0,54.9,2,2,0,0,19,29,0
C035,14,0,0,12.4,0,0,0,0,34,69,0
C035,15,2,1,14.2,1,0,1,0,18,67,0
C035,16,1,0,25.3,1,0,2,0,28,56,0
C035,17,1,0,102.8,1,0,0,0,38,42,0
C035,18,0,0,0.0,0,0,0,0,50,73,0
C035,19,0,0,0.0,0,0,0,0,32,31,0
C035,20,3,1,93.6,1,0,1,0,15,67,0
C035,21,1,1,19.3,0,0,0,0,21,40,0
C035,22,0,0,0.0,0,0,0,0,33,43,0
C035,23,1,0,50.7,0,1,0,0,24,104,0
C035,24,0,1,8.2,0,1,0,0,41,84,0
C035,25,0,1,6.6,0,0,0,0,33,56,0
C035,26,0,0,1.0,0,0,0,0,30,17,0
C035,27,0,0,3.3,0,0,0,0,32,64,0
C035,28,0,0,21.0,0,0,0,0,33,76,0
C035,29,0,0,0.0,0,0,0,0,29,64,0
C035,30,1,0,95.7,0,0,0,0,28,75,0
C035,31,0,0,0.0,1,0,0,0,41,25,0
C035,32,0,0,4.8,0,0,0,0,37,23,0
C036,1,3,3,72.6,3,1,2,0,21,69,0
C036,2,5,3,133.5,3,0,4,0,15,62,0
C036,3,8,2,166.6,4,1,1,0,19,13,0
C036,4,4,1,124.5,0,0,2,0,21,21,0
C036,5,4,2,113.8,3,0,1,0,17,39,0
C036,6,13,7,356.3,6,0,4,0,20,89,0
C036,7,13,6,482.1,2,0,3,0,11,100,0
C036,8,9,5,342.1,4,1,3,0,13,56,0
C036,9,14,5,333.9,8,2,7,0,4,89,0
C036,10,5,3,128.4,0,1,0,1,13,36,0
C036,11,7,4,177.6,2,2,1,0,30,54,0
C036,12,7,1,155.9,2,1,4,0,10,39,0
C036,13,3,1,75.3,1,0,2,0,19,56,0
C036,14,5,3,118.5,4,1,2,0,17,49,0
C036,15,9,3,260.1,3,1,1,0,20,40,0
C036,16,7,4,169.8,5,2,4,0,18,54,0
C036,17,6,4,179.7,2,0,5,0,14,44,0
C036,18,7,3,227.9,2,0,1,0,18,37,0
C036,19,7,3,240.0,2,1,1,0,19,103,0
C036,20,4,0,76.9,0,0,1,0,17,14,0
C036,21,7,3,194.4,7,0,2,0,16,15,0
C036,22,3,3,92.6,0,0,0,0,34,66,0
C036,23,6,5,134.8,2,1,0,0,23,92,0
C036,24,7,5,56.2,6,2,3,0,31,56,0
C036,25,10,5,213.0,6,0,5,0,16,59,0
C036,26,4,2,110.5,2,1,1,0,28,38,0
C036,27,1,0,40.7,1,0,0,0,17,47,0
C036,28,9,5,121.8,3,1,4,0,9,14,0
C036,29,7,3,108.0,5,1,3,0,30,84,0
C036,30,5,1,145.9,1,0,4,0,17,71,0
C036,31,5,3,135.6,3,1,2,0,22,29,0
C036,32,5,4,168.3,1,0,1,1,13,25,0
C037,1,17,6,522.6,7,5,3,0,18,58,0
C037,2,7,5,226.0,2,0,1,0,16,31,0
C037,3,13,7,243.3,10,4,3,0,13,51,0
C037,4,14,7,538.3,13,6,4,0,2,98,0
C037,5,8,6,305.2,4,3,2,0,17,75,0
C037,6,4,2,119.8,0,0,2,0,28,101,0
C037,7,7,5,185.2,2,0,4,0,14,23,0
C037,8,9,6,235.7,3,1,3,0,29,73,0
C037,9,12,7,422.6,8,1,2,0,6,14,0
C037,10,10,3,368.1,5,3,7,0,24,17,0
C037,11,14,5,427.3,4,2,3,0,10,87,0
C037,12,19,7,494.5,8,5,8,0,6,89,0
C037,13,9,5,266.3,2,2,3,0,26,96,0
C037,14,10,5,372.7,4,3,4,0,29,23,0
C037,15,9,3,307.2,4,2,3,0,12,57,0
C037,16,19,7,516.6,5,3,4,0,6,52,0
C037,17,7,3,170.6,5,3,2,0,12,66,0
C037,18,11,6,403.4,2,1,1,0,9,32,0
C037,19,7,1,217.5,7,3,5,0,29,28,0
C037,20,7,4,170.1,1,1,2,0,12,34,0
C037,21,10,6,316.6,3,0,3,0,12,78,0
C037,22,5,3,157.2,1,0,1,0,20,20,0
C037,23,8,3,220.7,6,3,2,0,14,12,0
C037,24,11,4,372.3,3,2,3,0,13,37,0
C037,25,13,6,187.8,4,2,6,0,12,50,0
C037,26,11,5,149.7,7,4,1,0,11,94,0
C037,27,13,6,392.4,8,3,2,0,8,25,0
C037,28,11,6,181.2,7,2,1,0,8,52,0
C037,29,8,3,197.4,2,1,4,0,24,102,0
C037,30,10,7,163.6,5,1,1,0,8,89,0
C037,31,6,2,206.9,4,3,1,0,21,76,0
C037,32,14,7,454.4,7,5,9,0,6,33,0
C038,1,5,2,103.6,1,0,5,0,17,63,0
C038,2,7,3,270.2,2,1,2,0,14,60,0
C038,3,6,5,192.6,2,1,1,1,33,45,0
C038,4,4,1,91.2,5,3,2,0,18,85,0
C038,5,5,5,156.5,3,1,2,0,16,95,0
C038,6,1,0,39.8,0,0,0,0,27,100,0
C038,7,6,4,194.0,2,0,3,1,20,82,0
C038,8,7,3,285.6,2,0,7,0,23,17,0
C038,9,5,4,142.0,1,0,0,0,13,75,0
C038,10,2,1,71.5,0,1,1,0,43,82,0
C038,11,3,1,90.3,1,0,0,0,26,40,0
C038,12,1,0,49.6,0,0,2,0,21,70,0
C038,13,0,0,0.0,0,0,0,0,39,44,0
C038,14,0,0,35.2,0,0,0,0,46,56,0
C038,15,0,0,0.0,0,0,0,0,29,31,0
C038,16,2,0,29.9,0,1,1,0,31,55,0
C038,17,1,0,91.5,0,1,0,0,33,87,0
C038,18,2,0,73.8,1,1,0,0,27,36,0
C038,19,0,0,0.0,0,1,0,0,30,17,0
C038,20,2,0,82.5,0,0,0,0,18,42,0
C038,21,1,0,43.5,0,0,0,0,27,38,0
C038,22,1,1,0.0,1,1,0,0,18,75,0
C038,23,2,1,76.6,0,0,0,0,22,75,0
C038,24,0,1,0.0,0,1,0,0,31,95,0
C038,25,1,0,37.1,1,0,1,0,19,36,0
C038,26,1,0,14.4,1,1,0,0,18,87,0
C038,27,0,1,0.0,0,0,0,0,31,81,0
C038,28,0,0,0.0,0,0,0,0,42,74,0
C038,29,0,1,0.0,0,0,0,0,40,78,0
C038,30,0,1,0.0,0,0,1,0,34,102,0
C038,31,0,1,0.0,0,0,0,0,45,69,0
C038,32,0,0,30.9,0,1,0,0,33,29,1
C039,1,4,0,204.4,2,0,2,0,18,64,0
C039,2,8,3,223.5,7,1,1,0,11,74,0
C039,3,5,2,116.9,2,0,0,0,18,93,0
C039,4,7,3,242.7,11,4,6,0,14,74,0
C039,5,5,4,145.9,1,0,2,0,14,65,0
C039,6,8,4,250.2,3,0,3,0,12,33,0
C039,7,4,3,102.2,2,1,2,0,27,34,0
C039,8,8,7,365.8,2,0,6,0,19,28,0
C039,9,9,3,213.2,7,1,3,0,11,52,0
C039,10,1,1,13.5,0,1,1,0,24,45,0
C039,11,8,3,283.9,3,1,1,1,12,40,0
C039,12,1,0,31.9,0,0,1,0,38,88,0
C039,13,5,1,132.6,3,3,4,0,18,15,0
C039,14,4,1,89.7,4,3,2,0,16,62,0
C039,15,5,4,99.8,3,0,2,0,17,19,0
C039,16,9,5,277.1,2,1,1,0,13,95,0
C039,17,3,3,120.1,2,0,2,0,29,73,0
C039,18,6,1,145.9,4,3,2,0,25,44,0
C039,19,0,1,0.0,0,0,0,0,37,33,0
C039,20,10,5,232.2,5,0,4,0,22,52,0
C039,21,6,3,160.9,2,0,1,0,23,84,0
C039,22,6,3,123.8,4,3,1,0,20,76,0
C039,23,3,2,102.5,0,0,1,0,47,83,0
C039,24,11,7,332.8,4,0,5,1,10,81,0
C039,25,3,1,93.9,4,1,2,0,18,51,0
C039,26,7,2,205.5,5,2,1,0,14,23,0
C039,27,3,1,73.8,0,0,1,0,37,70,0
C039,28,4,1,130.6,2,1,0,0,33,45,0
C039,29,3,0,100.2,3,0,0,0,21,99,0
C039,30,6,2,139.5,5,1,2,0,18,77,0
C039,31,8,5,208.9,2,1,3,0,35,89,0
C039,32,6,2,137.2,4,0,3,0,15,48,0
C040,1,16,7,654.0,8,4,6,1,2,66,0
C040,2,15,7,377.8,12,7,8,0,2,85,0
C040,3,7,3,157.7,4,0,3,0,17,96,0
C040,4,13,6,486.1,8,2,5,0,18,50,0
C040,5,8,6,225.5,2,1,5,0,12,71,0
C040,6,17,6,392.7,4,1,6,0,32,56,0
C040,7,14,7,405.5,7,2,5,0,3,59,0
C040,8,9,4,127.0,4,1,3,0,23,83,0
C040,9,13,6,526.0,5,1,3,0,12,79,0
C040,10,12,6,362.9,7,0,3,0,13,61,0
C040,11,11,6,250.9,5,1,2,0,12,36,0
C040,12,14,7,365.7,6,1,2,0,12,64,0
C040,13,15,6,360.6,11,5,5,0,24,63,0
C040,14,14,5,568.0,7,2,10,0,6,95,0
C040,15,10,4,295.1,8,3,1,1,10,36,0
C040,16,16,6,578.2,6,3,6,0,2,92,0
C040,17,12,7,352.9,8,2,3,1,6,93,0
C040,18,8,3,190.1,5,1,1,0,15,57,0
C040,19,15,7,563.2,5,1,3,0,8,16,0
C040,20,10,5,381.8,4,1,6,0,15,69,0
C040,21,12,6,281.7,4,3,3,0,6,72,0
C040,22,19,7,541.0,7,1,2,0,8,77,0
C040,23,15,7,414.6,7,1,5,0,6,51,0
C040,24,12,4,275.4,8,0,2,0,15,68,0
C040,25,6,1,216.4,3,0,1,0,37,50,0
C040,26,13,7,367.1,13,2,5,1,16,41,0
C040,27,17,7,358.0,7,0,8,0,8,91,0
C040,28,7,5,291.7,3,1,2,0,18,69,0
C040,29,20,6,344.3,5,2,7,0,4,86,0
C040,30,20,7,1034.6,8,3,6,0,5,67,0
C040,31,13,7,261.2,0,0,4,0,24,53,0
C040,32,15,6,458.2,9,2,6,0,13,80,0
C041,1,10,5,191.7,6,1,6,0,21,55,0
C041,2,12,5,459.7,5,2,1,0,6,34,0
C041,3,9,3,311.7,2,1,4,0,18,62,0
C041,4,8,4,267.1,4,2,4,0,12,77,0
C041,5,9,4,198.3,2,0,3,0,20,39,0
C041,6,8,2,122.8,3,2,3,0,9,61,0
C041,7,5,2,120.6,2,1,3,0,24,33,0
C041,8,13,7,364.5,10,5,5,0,8,24,0
C041,9,7,2,115.2,1,1,3,0,16,58,0
C041,10,6,1,216.7,1,1,1,0,22,21,0
C041,11,12,5,211.2,8,5,4,0,16,32,0
C041,12,6,2,233.7,2,1,1,0,16,46,0
C041,13,7,4,104.5,5,2,1,0,15,73,0
C041,14,8,4,154.1,3,1,3,0,24,55,0
C041,15,4,3,131.0,2,0,2,0,25,19,0
C041,16,9,5,308.2,1,0,5,0,10,68,0
C041,17,7,3,153.4,4,3,5,0,10,46,0
C041,18,5,2,180.9,4,1,1,1,17,70,0
C041,19,2,2,67.5,0,1,1,0,18,16,0
C041,20,3,1,106.2,3,0,1,0,15,99,0
C041,21,4,2,177.0,1,1,1,0,21,65,0
C041,22,6,4,168.0,5,4,3,0,19,100,0
C041,23,3,0,85.7,1,0,1,0,29,75,0
C041,24,5,4,224.5,2,1,2,0,14,56,0
C041,25,4,1,194.7,2,2,2,0,18,35,0
C041,26,5,4,121.8,5,2,1,0,21,16,0
C041,27,2,1,111.7,2,0,1,1,29,55,0
C041,28,7,4,227.2,3,1,1,0,11,71,0
C041,29,1,0,1.8,0,0,1,0,27,96,0
C041,30,0,0,0.0,0,1,0,0,36,80,0
C041,31,5,2,150.9,0,0,2,0,20,27,0
C041,32,1,0,0.0,0,0,0,0,30,58,1
C042,1,3,2,105.2,2,1,1,0,30,45,0
C042,2,9,6,217.1,5,2,2,0,12,31,0
C042,3,3,1,104.6,2,1,2,0,23,26,0
C042,4,7,4,172.1,2,1,1,0,10,56,0
C042,5,4,1,189.0,1,1,0,0,23,66,0
C042,6,4,1,139.0,4,1,0,0,17,16,0
C042,7,3,1,63.8,1,0,1,0,20,63,0
C042,8,5,3,177.0,1,0,4,0,14,83,0
C042,9,3,1,96.4,1,0,0,1,20,77,0
C042,10,1,1,31.4,0,1,1,0,23,89,0
C042,11,4,2,60.1,1,0,1,0,21,90,0
C042,12,2,1,53.7,1,1,0,0,22,82,0
C042,13,4,1,120.4,2,1,1,0,30,45,0
C042,14,2,0,57.4,1,1,1,0,23,66,0
C042,15,0,1,44.7,0,0,0,0,40,88,0
C042,16,5,3,74.5,2,0,1,0,24,46,0
C042,17,2,0,46.3,1,1,2,0,31,33,0
C042,18,6,1,194.6,2,1,2,0,12,98,0
C042,19,3,4,107.8,1,0,0,0,17,38,0
C042,20,5,1,115.5,2,1,3,0,13,61,0
C042,21,3,2,86.6,1,0,1,0,21,81,0
C042,22,5,3,219.0,0,0,1,0,16,74,0
C042,23,2,1,61.6,0,0,0,0,31,67,0
C042,24,4,3,113.0,1,0,1,0,15,17,0
C042,25,4,1,66.9,1,0,0,0,24,38,0
C042,26,3,2,73.0,0,0,2,0,17,77,0
C042,27,5,0,159.2,2,0,1,0,14,62,0
C042,28,1,1,27.6,1,0,1,0,30,79,0
C042,29,3,2,102.0,1,0,1,0,35,85,0
C042,30,4,1,83.7,3,3,2,0,13,49,0
C042,31,4,0,108.3,1,0,1,0,27,50,0
C042,32,2,2,69.7,1,1,1,0,23,39,0
C043,1,5,5,108.0,1,0,2,0,19,101,0
C043,2,12,7,322.5,7,1,5,0,6,32,0
C043,3,9,5,337.5,6,1,3,0,15,72,0
C043,4,17,6,269.1,7,2,4,0,6,79,0
C043,5,4,1,89.6,0,0,4,0,17,81,0
C043,6,14,6,437.5,6,0,5,1,8,23,0
C043,7,10,4,188.3,3,0,3,0,31,63,0
C043,8,5,2,156.9,1,1,1,0,17,59,0
C043,9,16,4,291.7,7,1,5,0,4,72,0
C043,10,4,3,115.5,1,0,1,0,17,46,0
C043,11,6,4,136.5,3,0,4,0,26,13,0
C043,12,5,1,115.9,2,1,1,0,14,61,0
C043,13,14,7,505.8,8,2,6,0,3,27,0
C043,14,15,7,438.9,9,2,3,0,7,96,0
C043,15,12,7,355.2,6,1,4,0,5,36,0
C043,16,12,7,425.6,9,2,4,0,4,16,0
C043,17,13,7,416.4,6,2,3,0,6,64,0
C043,18,17,7,389.2,8,3,2,0,7,100,0
C043,19,6,2,148.4,3,2,3,0,11,85,0
C043,20,10,5,245.4,7,3,7,0,9,23,0
C043,21,11,6,301.7,3,1,3,0,6,26,0
C043,22,12,7,381.7,7,1,3,0,11,56,0
C043,23,11,6,241.5,4,2,9,0,7,70,0
C043,24,8,5,165.1,4,0,0,0,13,44,0
C043,25,14,6,364.3,13,3,4,0,10,20,0
C043,26,13,7,396.0,3,2,4,0,19,54,0
C043,27,8,5,268.6,2,1,1,0,20,57,0
C043,28,11,7,364.4,5,2,2,0,19,61,0
C043,29,12,6,412.7,5,1,6,0,19,80,0
C043,30,14,7,512.7,6,2,3,0,3,62,0
C043,31,11,7,320.1,6,2,1,0,9,49,0
C043,32,16,7,485.0,5,0,3,0,6,28,0
C044,1,14,6,362.7,3,2,3,0,33,28,0
C044,2,11,5,359.9,6,1,2,0,20,80,0
C044,3,7,4,191.7,0,0,2,0,21,67,0
C044,4,13,6,389.7,5,0,5,0,7,60,0
C044,5,10,5,282.3,9,2,3,1,10,67,0
C044,6,10,5,298.1,3,3,7,0,6,52,0
C044,7,10,4,322.8,3,2,4,0,23,57,0
C044,8,7,3,224.9,1,0,1,0,18,98,0
C044,9,7,2,217.9,3,1,3,0,12,35,0
C044,10,12,7,424.1,12,2,5,0,5,78,0
C044,11,9,4,253.2,4,1,1,0,17,97,0
C044,12,7,2,180.7,4,1,3,0,11,72,0
C044,13,12,6,394.1,5,0,7,0,9,67,0
C044,14,7,1,204.1,4,1,3,0,14,96,0
C044,15,6,3,272.4,3,1,2,0,15,14,0
C044,16,4,1,55.4,1,0,2,0,15,59,0
C044,17,7,5,192.8,1,1,2,0,14,94,0
C044,18,3,0,59.7,1,1,0,0,20,100,0
C044,19,8,3,183.6,3,1,3,0,14,82,0
C044,20,4,2,66.1,2,0,1,0,23,86,0
C044,21,11,5,334.6,2,0,2,0,13,81,0
C044,22,3,2,71.8,0,0,1,0,15,77,0
C044,23,4,3,120.5,2,1,1,0,16,87,0
C044,24,8,4,134.6,4,0,2,0,9,79,0
C044,25,3,3,98.1,2,0,2,0,20,70,0
C044,26,5,4,131.0,3,0,1,0,19,39,0
C044,27,1,1,8.4,0,1,1,0,19,88,0
C044,28,5,4,31.3,5,1,0,0,25,32,0
C044,29,8,4,210.9,2,0,1,0,13,99,0
C044,30,4,4,116.8,2,0,2,0,28,61,0
C044,31,4,0,158.8,1,0,1,0,17,50,0
C044,32,0,0,3.7,0,0,1,0,36,97,0
C045,1,4,2,80.6,2,0,1,0,38,32,0
C045,2,2,2,74.7,1,0,1,0,25,103,0
C045,3,2,0,64.2,1,0,0,0,24,89,0
C045,4,1,1,0.0,1,0,0,0,29,75,0
C045,5,5,1,100.6,4,1,0,0,17,35,0
C045,6,3,1,42.8,0,0,1,0,32,52,0
C045,7,3,1,119.9,1,0,0,0,26,43,0
C045,8,2,2,77.2,0,0,2,0,32,104,0
C045,9,5,0,168.9,2,0,1,0,19,23,0
C045,10,3,1,109.9,3,2,3,0,22,72,0
C045,11,6,3,167.9,6,3,3,0,32,64,0
C045,12,3,3,51.6,3,1,0,0,22,19,0
C045,13,1,0,39.0,1,1,0,0,22,37,0
C045,14,2,1,0.0,0,0,0,0,19,21,0
C045,15,6,2,156.0,1,0,2,0,21,42,0
C045,16,1,1,70.1,0,1,0,0,39,93,0
C045,17,0,0,0.0,0,0,0,0,41,85,0
C045,18,5,5,160.9,3,1,1,0,19,87,0
C045,19,2,1,83.4,0,0,0,0,24,64,0
C045,20,5,3,117.2,1,0,4,0,18,51,0
C045,21,4,0,141.4,2,1,0,0,27,83,0
C045,22,3,0,83.0,2,1,2,0,23,101,0
C045,23,3,0,93.4,0,0,1,0,20,81,0
C045,24,4,2,163.6,3,0,0,0,16,62,0
C045,25,3,1,164.1,0,0,1,0,54,84,0
C045,26,3,2,37.1,2,0,2,0,22,35,0
C045,27,5,1,147.7,3,1,4,0,14,40,0
C045,28,1,0,1.0,1,0,0,0,39,100,0
C045,29,2,1,31.3,1,0,1,0,32,73,0
C045,30,0,0,24.6,0,0,0,0,32,103,0
C045,31,1,0,12.1,0,0,0,0,19,13,0
C045,32,1,0,47.3,0,0,0,1,20,93,1
C046,1,1,1,61.2,2,0,0,0,28,37,0
C046,2,3,1,40.2,2,0,1,0,35,76,0
C046,3,1,0,85.0,0,1,0,0,20,21,0
C046,4,5,2,151.6,1,0,5,0,26,93,0
C046,5,2,0,54.6,2,1,0,0,22,95,0
C046,6,2,1,18.5,0,0,0,0,22,71,0
C046,7,1,1,24.7,0,0,0,0,22,103,0
C046,8,2,2,44.9,0,0,1,0,22,13,0
C046,9,0,0,28.8,0,0,0,0,41,85,0
C046,10,0,0,2.0,0,0,0,0,39,71,0
C046,11,1,1,29.9,1,1,0,0,26,101,0
C046,12,3,0,74.8,2,0,0,0,21,89,0
C046,13,0,1,16.4,0,1,0,0,36,25,0
C046,14,1,1,0.0,0,0,0,0,20,25,0
C046,15,0,0,24.8,0,0,0,0,32,15,0
C046,16,2,1,38.8,1,0,1,0,25,74,0
C046,17,1,0,0.0,0,0,0,0,27,14,0
C046,18,0,0,23.5,0,0,0,0,42,27,0
C046,19,1,2,75.7,1,0,1,0,40,35,0
C046,20,1,2,38.0,0,0,0,0,27,41,0
C046,21,3,3,147.9,0,0,0,0,27,69,0
C046,22,2,2,45.0,0,1,0,0,29,66,0
C046,23,2,3,64.0,1,0,2,0,35,33,0
C046,24,0,1,44.4,0,1,0,0,34,62,0
C046,25,2,0,26.4,0,0,0,0,40,78,0
C046,26,0,1,0.0,0,0,0,0,50,67,0
C046,27,1,0,36.2,0,0,0,0,27,63,0
C046,28,0,0,0.0,0,1,0,0,33,101,0
C046,29,1,0,61.0,1,0,0,1,31,17,0
C046,30,0,0,0.0,0,1,0,0,48,26,0
C046,31,0,0,10.4,0,1,0,0,38,34,0
C046,32,1,1,0.0,0,1,0,0,23,30,1
C047,1,13,7,378.4,4,0,6,0,22,57,0
C047,2,10,5,107.9,6,3,1,0,12,91,0
C047,3,9,6,242.6,3,1,2,0,8,13,0
C047,4,12,7,399.7,2,0,2,0,5,39,0
C047,5,5,2,80.7,2,1,0,0,14,32,0
C047,6,6,2,113.8,6,3,1,0,12,38,0
C047,7,11,7,319.1,9,2,4,0,9,43,0
C047,8,7,4,142.3,1,1,3,0,17,58,0
C047,9,5,2,130.1,1,0,4,0,21,75,0
C047,10,8,4,226.3,2,1,1,0,23,90,0
C047,11,4,1,88.3,3,0,0,0,18,75,0
C047,12,10,3,308.0,3,0,4,0,22,99,0
C047,13,8,5,334.3,5,1,4,0,14,28,0
C047,14,9,5,213.0,4,0,1,0,12,55,0
C047,15,8,3,203.9,2,1,4,0,38,62,0
C047,16,8,4,288.3,2,0,3,1,10,27,0
C047,17,5,2,219.4,5,0,1,0,15,86,0
C047,18,7,5,272.4,2,0,1,0,21,84,0
C047,19,2,1,89.4,0,0,0,0,26,104,0
C047,20,5,2,79.4,4,2,2,0,18,43,0
C047,21,4,1,81.6,0,0,3,0,23,98,0
C047,22,3,1,80.9,3,0,5,0,26,74,0
C047,23,6,3,139.5,4,1,4,0,33,40,0
C047,24,3,2,102.2,1,0,0,0,28,64,0
C047,25,3,1,104.3,1,0,3,0,23,30,0
C047,26,5,3,96.7,1,0,3,0,15,29,0
C047,27,3,4,76.8,2,0,0,0,17,57,0
C047,28,3,0,103.3,1,0,1,0,21,82,0
C047,29,4,2,134.5,4,0,1,0,26,16,0
C047,30,4,3,188.2,3,0,0,0,25,64,0
C047,31,0,0,52.0,0,0,0,0,32,95,0
C047,32,0,1,0.0,0,0,0,0,35,43,0
C048,1,4,0,119.2,1,0,2,0,41,70,0
C048,2,4,1,105.3,3,2,1,0,24,87,0
C048,3,8,3,210.8,3,0,2,0,13,41,0
C048,4,9,3,202.5,2,0,3,0,18,54,0
C048,5,11,6,298.1,1,0,4,0,7,29,0
C048,6,7,2,210.8,2,1,0,0,16,94,0
C048,7,11,6,345.4,6,1,1,0,9,48,0
C048,8,6,3,218.8,4,2,5,0,15,74,0
C048,9,11,7,364.4,3,0,1,0,12,61,0
C048,10,6,6,161.1,2,0,2,0,13,75,0
C048,11,4,2,120.4,2,1,1,0,22,67,0
C048,12,8,6,250.8,6,4,3,1,11,25,0
C048,13,5,2,92.1,3,0,1,0,15,103,0
C048,14,5,2,25.7,2,1,1,0,21,69,0
C048,15,7,5,196.5,4,2,3,0,14,28,0
C048,16,4,1,133.1,2,1,0,0,14,21,0
C048,17,11,5,228.1,4,1,4,0,12,74,0
C048,18,5,2,139.7,2,0,2,0,26,39,0
C048,19,11,6,269.1,6,1,5,0,7,58,0
C048,20,10,5,243.4,1,0,2,0,15,66,0
C048,21,10,5,363.5,3,0,3,0,12,18,0
C048,22,9,5,426.0,5,0,2,0,8,74,0
C048,23,9,3,386.1,5,0,5,0,26,79,0
C048,24,6,4,155.3,3,0,3,0,43,60,0
C048,25,17,7,487.3,14,2,9,0,4,46,0
C048,26,4,2,111.7,3,1,0,0,21,104,0
C048,27,5,2,190.7,2,0,3,0,22,39,0
C048,28,7,4,89.3,2,1,4,0,18,104,0
C048,29,12,6,326.8,3,1,0,0,5,92,0
C048,30,3,3,100.6,1,1,0,0,16,28,0
C048,31,3,0,75.2,5,2,0,0,21,46,0
C048,32,7,3,151.6,2,1,1,0,16,90,1
C049,1,7,3,204.9,3,0,3,0,18,92,0
C049,2,11,4,392.3,3,1,2,0,23,104,0
C049,3,6,3,164.1,1,0,2,0,15,28,0
C049,4,5,1,222.5,0,0,1,0,13,61,0
C049,5,8,3,154.6,3,0,4,0,23,30,0
C049,6,13,5,230.6,5,1,3,0,12,21,0
C049,7,16,5,95.4,7,1,4,0,7,50,0
C049,8,10,6,197.3,5,1,5,0,15,56,0
C049,9,16,7,535.6,9,2,8,0,14,101,0
C049,10,4,3,185.0,5,1,1,0,24,52,0
C049,11,8,4,238.7,2,0,4,0,11,66,0
C049,12,5,0,189.3,2,1,1,0,16,61,0
C049,13,9,4,255.6,5,1,4,0,10,38,0
C049,14,10,6,302.8,3,0,1,0,11,58,0
C049,15,4,3,131.9,4,1,0,0,20,14,0
C049,16,8,5,281.8,3,1,3,0,29,15,0
C049,17,13,7,638.1,6,2,5,0,6,43,0
C049,18,14,7,331.1,12,4,4,0,3,38,0
C049,19,13,5,281.3,4,0,5,0,15,77,0
C049,20,15,6,541.1,7,2,2,0,6,55,0
C049,21,2,1,56.6,1,1,0,0,16,52,0
C049,22,7,2,232.5,4,0,1,0,20,37,0
C049,23,8,6,231.3,0,0,5,0,13,67,0
C049,24,9,5,244.8,3,0,7,0,10,13,0
C049,25,11,4,335.0,5,2,1,0,10,34,0
C049,26,15,6,328.3,6,4,8,0,7,45,0
C049,27,1,0,23.5,0,1,0,0,21,40,0
C049,28,3,1,56.6,0,0,1,0,30,61,0
C049,29,17,7,552.2,3,0,6,0,8,102,0
C049,30,13,7,183.1,4,1,3,0,3,38,0
C049,31,6,1,228.3,6,2,0,0,13,45,0
C049,32,12,7,274.9,3,0,1,0,13,97,0
C050,1,12,7,320.2,3,1,6,0,18,14,0
C050,2,11,6,341.0,3,1,3,0,14,26,0
C050,3,4,3,58.8,2,0,2,0,17,19,0
C050,4,9,5,285.7,3,0,2,0,11,38,0
C050,5,9,5,311.2,5,2,3,0,19,38,0
C050,6,8,2,239.2,1,0,4,0,10,13,0
C050,7,7,2,218.8,5,2,2,0,14,96,0
C050,8,5,1,88.4,2,1,1,0,18,40,0
C050,9,6,3,168.8,4,1,0,0,12,29,0
C050,10,10,3,407.0,6,5,3,0,8,29,0
C050,11,11,5,231.8,8,1,2,0,9,90,0
C050,12,5,3,120.1,2,2,2,0,23,26,0
C050,13,11,4,223.5,5,1,2,0,5,103,0
C050,14,16,7,414.6,11,2,2,0,3,26,0
C050,15,1,0,0.0,0,0,1,0,23,68,0
C050,16,3,4,116.5,1,1,0,0,20,60,0
C050,17,12,7,337.3,5,1,6,0,6,17,0
C050,18,13,6,248.2,3,0,3,0,8,91,0
C050,19,9,6,284.3,5,1,5,0,15,89,0
C050,20,15,6,407.0,8,2,4,0,3,18,0
C050,21,5,2,119.0,1,0,6,0,16,74,0
C050,22,3,1,56.2,1,0,1,1,19,58,0
C050,23,9,7,179.0,5,1,1,0,8,94,0
C050,24,6,5,190.2,6,1,0,0,33,38,0
C050,25,6,2,153.0,6,1,0,0,16,32,0
C050,26,8,4,257.3,4,0,3,0,11,104,0
C050,27,8,3,206.0,3,0,1,0,13,15,0
C050,28,8,4,259.0,5,0,4,0,22,24,0
C050,29,12,7,160.9,4,1,5,0,6,54,0
C050,30,6,3,144.8,0,0,1,0,17,51,0
C050,31,9,2,170.2,3,0,6,0,17,13,0
C050,32,6,2,152.5,2,0,4,0,22,72,0
C051,1,14,7,344.4,4,1,2,0,6,54,0
C051,2,13,7,305.4,5,2,7,0,6,76,0
C051,3,7,4,194.5,4,0,2,0,22,99,0
C051,4,7,3,246.2,1,0,1,0,15,72,0
C051,5,19,6,474.2,12,2,2,0,10,38,0
C051,6,9,5,147.5,6,2,3,0,12,82,0
C051,7,9,4,247.4,3,1,2,0,15,40,0
C051,8,5,2,101.7,0,1,2,0,15,49,0
C051,9,8,4,293.0,6,2,3,0,9,74,0
C051,10,11,3,239.1,5,1,6,0,15,23,0
C051,11,11,4,221.6,2,0,4,0,9,72,0
C051,12,13,6,256.4,6,1,6,0,19,95,0
C051,13,8,6,172.0,3,1,2,0,9,80,0
C051,14,13,7,482.7,6,2,3,0,5,33,0
C051,15,7,3,134.0,1,0,3,0,17,75,0
C051,16,11,5,324.9,3,3,1,0,30,76,0
C051,17,8,4,275.9,4,1,3,0,10,98,0
C051,18,4,3,80.3,1,1,1,0,15,31,0
C051,19,8,5,286.3,5,0,1,0,33,72,0
C051,20,10,4,360.5,3,0,1,0,13,43,0
C051,21,5,0,171.8,2,1,1,0,26,73,0
C051,22,3,1,112.5,3,0,1,0,25,21,0
C051,23,11,6,216.6,3,0,5,0,12,80,0
C051,24,7,4,163.2,3,0,2,0,14,68,0
C051,25,9,4,180.0,4,1,3,1,11,48,0
C051,26,8,2,201.9,4,0,3,0,17,23,0
C051,27,8,5,228.0,2,1,1,0,21,82,0
C051,28,12,6,229.2,5,1,3,0,17,64,0
C051,29,6,4,196.9,3,1,3,0,25,100,0
C051,30,6,3,192.7,5,1,3,0,20,85,0
C051,31,13,6,304.0,6,1,7,0,17,42,0
C051,32,7,4,283.6,2,0,2,0,11,48,0
C052,1,15,7,382.9,6,2,7,0,8,38,0
C052,2,10,7,273.6,3,3,0,0,18,49,0
C052,3,15,6,605.5,11,5,7,0,21,82,0
C052,4,18,5,451.5,11,6,2,0,1,36,0
C052,5,11,6,261.2,7,0,7,0,11,85,0
C052,6,13,6,240.6,5,2,6,0,16,38,0
C052,7,7,5,98.3,3,1,3,0,24,101,0
C052,8,11,4,325.4,3,1,2,0,18,95,0
C052,9,14,7,472.7,5,4,6,0,5,94,0
C052,10,10,3,305.2,1,0,1,0,15,64,0
C052,11,10,7,331.4,7,5,1,0,8,66,0
C052,12,13,7,568.4,6,2,8,0,15,44,0
C052,13,7,2,153.9,2,2,1,0,17,73,0
C052,14,15,6,499.0,4,4,3,0,19,37,0
C052,15,13,7,298.9,8,6,8,0,8,89,0
C052,16,17,7,265.8,10,4,7,0,5,32,0
C052,17,13,7,441.0,8,3,6,0,4,18,0
C052,18,15,6,529.6,8,3,2,0,7,34,0
C052,19,16,7,460.1,10,6,6,0,2,93,0
C052,20,8,6,122.8,1,0,2,0,14,38,0
C052,21,9,4,193.7,5,2,1,0,9,17,0
C052,22,7,6,125.3,2,1,4,0,25,22,0
C052,23,9,5,204.6,4,0,5,0,11,37,0
C052,24,11,7,239.3,6,3,4,0,17,98,0
C052,25,10,4,236.6,6,3,3,0,17,76,0
C052,26,10,6,252.7,6,2,5,0,24,50,0
C052,27,18,6,654.0,7,4,6,0,15,88,0
C052,28,10,6,229.4,8,1,0,0,11,82,0
C052,29,15,7,600.2,8,5,5,0,21,62,0
C052,30,13,6,102.0,5,2,5,0,13,54,0
C052,31,12,7,333.7,7,4,4,0,14,31,0
C052,32,7,5,206.6,4,2,1,0,19,99,1
C053,1,5,3,140.8,2,1,2,0,13,99,0
C053,2,5,3,137.2,0,0,2,0,15,42,0
C053,3,4,1,116.7,0,1,0,0,31,96,0
C053,4,4,3,92.5,2,0,2,0,16,54,0
C053,5,5,2,136.4,7,2,3,0,14,86,0
C053,6,6,3,110.7,3,0,3,0,19,101,0
C053,7,3,1,103.8,0,1,1,0,19,44,0
C053,8,7,6,189.4,3,1,4,0,17,101,0
C053,9,5,3,73.8,3,0,3,0,28,32,0
C053,10,2,1,11.0,1,0,0,0,23,96,0
C053,11,1,1,5.4,0,1,1,0,27,79,0
C053,12,4,3,46.0,2,0,1,1,17,18,0
C053,13,3,2,66.8,1,0,2,0,28,58,0
C053,14,1,0,80.1,1,0,0,0,27,88,0
C053,15,6,4,198.6,1,0,1,0,21,46,0
C053,16,3,0,89.9,1,0,1,0,25,27,0
C053,17,1,0,29.1,0,0,0,0,33,46,0
C053,18,4,3,86.9,3,1,1,0,30,16,0
C053,19,6,4,159.9,5,0,0,0,24,38,0
C053,20,3,0,86.7,4,2,1,0,20,63,0
C053,21,4,2,84.0,1,1,2,0,58,66,0
C053,22,3,3,76.5,0,0,1,0,20,22,0
C053,23,4,1,124.6,3,1,3,1,17,47,0
C053,24,4,1,60.5,4,0,5,0,33,51,0
C053,25,4,1,59.1,2,1,1,0,17,72,0
C053,26,4,2,94.1,2,0,0,0,23,53,0
C053,27,4,3,91.5,0,1,3,0,17,68,0
C053,28,5,3,167.9,6,2,2,0,19,88,0
C053,29,3,1,105.7,1,0,1,0,21,104,0
C053,30,3,0,78.2,2,0,1,0,26,94,0
C053,31,0,0,0.0,0,0,0,0,47,62,0
C053,32,2,2,95.2,1,1,1,0,22,17,1
C054,1,7,2,225.6,1,1,3,0,18,68,0
C054,2,10,5,312.8,4,1,6,0,9,48,0
C054,3,10,5,255.6,9,2,1,0,10,19,0
C054,4,12,6,359.5,7,1,6,0,17,62,0
C054,5,2,0,86.2,0,0,1,0,24,92,0
C054,6,7,6,247.0,4,0,1,0,24,48,0
C054,7,9,5,193.3,6,4,3,0,29,70,0
C054,8,9,5,267.2,2,0,4,0,14,92,0
C054,9,8,2,226.6,5,1,4,0,13,91,0
C054,10,7,1,195.1,3,1,4,0,21,68,0
C054,11,8,3,209.8,4,2,3,0,16,61,0
C054,12,20,7,659.9,16,6,4,0,2,20,0
C054,13,7,4,205.4,3,0,4,0,14,78,0
C054,14,9,6,325.0,6,2,2,0,15,41,0
C054,15,13,7,409.5,4,1,1,0,5,85,0
C054,16,8,5,230.7,2,0,2,0,10,22,0
C054,17,4,3,56.3,1,1,3,0,26,79,0
C054,18,15,6,512.5,7,2,5,0,10,85,0
C054,19,11,6,222.2,5,0,4,0,8,21,0
C054,20,5,2,224.7,4,2,1,0,15,22,0
C054,21,6,5,32.5,5,1,1,0,12,78,0
C054,22,10,5,268.0,4,1,2,0,26,43,0
C054,23,13,6,267.2,10,4,3,0,7,49,0
C054,24,6,3,183.0,2,1,5,0,20,52,0
C054,25,11,7,276.5,5,1,1,0,5,95,0
C054,26,13,5,361.8,5,1,8,0,12,85,0
C054,27,12,4,334.2,6,0,4,0,8,44,0
C054,28,9,4,107.8,5,1,4,0,8,35,0
C054,29,8,4,193.4,5,0,2,0,13,48,0
C054,30,4,1,132.9,0,1,2,0,17,98,0
C054,31,5,2,131.8,1,0,0,0,16,96,0
C054,32,14,7,322.1,11,3,4,0,21,47,1
C055,1,3,2,90.0,1,0,0,0,18,67,0
C055,2,13,7,237.5,5,0,4,0,25,44,0
C055,3,8,3,105.5,3,0,3,0,10,97,0
C055,4,10,5,266.0,5,2,6,0,21,43,0
C055,5,8,3,232.3,4,1,3,0,14,85,0
C055,6,10,6,334.3,3,1,4,0,7,54,0
C055,7,10,4,162.0,5,2,1,0,8,64,0
C055,8,10,6,287.4,8,1,3,0,10,30,0
C055,9,5,2,109.2,4,1,3,0,21,60,0
C055,10,6,1,186.0,3,0,2,0,19,46,0
C055,11,7,4,248.7,3,0,3,0,14,25,0
C055,12,8,2,196.3,3,0,2,1,18,60,0
C055,13,8,5,290.3,1,0,6,0,18,21,0
C055,14,5,4,141.7,0,1,1,0,15,31,0
C055,15,13,6,488.3,11,3,8,1,5,45,0
C055,16,9,5,273.2,9,3,3,0,14,40,0
C055,17,7,3,204.9,2,1,4,0,21,22,0
C055,18,13,7,428.0,10,1,4,0,14,30,0
C055,19,10,5,265.1,5,1,6,0,11,46,0
C055,20,9,4,271.9,6,2,3,0,28,47,0
C055,21,8,4,233.9,3,0,2,0,11,99,0
C055,22,3,0,78.5,2,0,3,0,17,47,0
C055,23,5,3,135.0,2,1,3,0,16,30,0
C055,24,16,7,421.3,8,3,2,0,3,103,0
C055,25,10,7,301.5,3,0,3,0,17,15,0
C055,26,10,4,266.1,3,1,5,0,10,61,0
C055,27,4,3,90.4,1,0,1,0,23,90,0
C055,28,6,2,192.8,1,0,2,0,18,47,0
C055,29,12,5,337.6,3,0,4,0,4,71,0
C055,30,9,5,294.4,3,0,2,0,14,93,0
C055,31,8,3,205.1,6,0,1,0,11,19,0
C055,32,16,7,507.2,8,4,2,0,20,32,0
C056,1,1,2,79.1,0,0,0,0,25,17,0
C056,2,1,0,3.9,0,0,0,0,26,94,0
C056,3,1,2,19.9,1,0,0,0,54,95,0
C056,4,4,2,172.1,2,2,0,0,21,100,0
C056,5,1,4,34.9,0,0,0,0,23,103,0
C056,6,6,2,117.2,1,0,0,0,13,96,0
C056,7,6,3,174.9,2,0,3,1,21,64,0
C056,8,2,0,82.1,0,0,1,0,20,38,0
C056,9,1,0,0.0,1,0,2,0,29,26,0
C056,10,1,2,21.1,0,0,0,0,34,85,0
C056,11,2,1,63.7,2,1,2,0,17,78,0
C056,12,2,0,74.6,1,0,0,0,19,84,0
C056,13,2,1,31.3,1,0,1,0,33,45,0
C056,14,4,3,122.8,1,0,1,0,22,85,0
C056,15,2,3,24.0,0,0,0,0,18,88,0
C056,16,2,1,44.8,0,0,0,0,27,70,0
C056,17,0,0,2.8,0,1,0,0,29,72,0
C056,18,3,1,55.7,1,0,2,0,19,103,0
C056,19,1,0,18.1,1,0,0,0,25,19,0
C056,20,3,3,75.2,4,1,2,0,16,101,0
C056,21,1,0,21.7,0,0,1,0,18,93,0
C056,22,5,4,67.4,3,1,1,0,20,42,0
C056,23,1,0,0.0,0,1,0,1,19,15,0
C056,24,0,0,0.0,0,0,1,0,37,30,0
C056,25,1,0,11.7,2,1,0,0,33,50,0
C056,26,3,0,68.1,3,1,0,0,18,46,0
C056,27,1,1,6.1,0,0,0,0,33,46,0
C056,28,0,1,36.6,0,1,0,0,33,21,0
C056,29,1,0,41.1,1,0,0,0,28,50,0
C056,30,4,2,83.8,2,0,2,0,19,96,0
C056,31,2,0,45.6,1,0,1,0,21,82,0
C056,32,2,1,100.7,2,0,2,0,24,32,0
C057,1,7,2,154.0,2,0,5,0,12,40,0
C057,2,5,5,160.0,3,0,1,0,21,21,0
C057,3,7,5,229.1,3,0,0,0,23,94,0
C057,4,11,6,360.2,5,1,2,0,13,73,0
C057,5,7,1,148.5,3,1,0,0,22,66,0
C057,6,5,3,46.7,1,0,0,0,20,34,0
C057,7,4,3,73.3,1,1,4,0,23,90,0
C057,8,9,4,305.1,5,1,1,0,20,49,0
C057,9,6,4,173.6,1,0,1,0,25,81,0
C057,10,5,4,140.1,4,0,3,0,13,48,0
C057,11,3,1,51.7,1,0,3,0,17,78,0
C057,12,4,1,221.4,1,1,1,0,36,94,0
C057,13,1,2,11.2,1,0,0,0,20,92,0
C057,14,3,0,59.2,0,1,1,0,32,41,0
C057,15,7,2,117.7,3,2,4,0,19,55,0
C057,16,0,0,3.9,0,0,0,0,30,95,0
C057,17,2,2,37.1,1,0,0,0,18,15,0
C057,18,6,3,182.9,1,0,0,0,16,35,0
C057,19,3,1,35.8,1,1,1,1,21,58,0
C057,20,2,1,25.2,1,1,1,0,24,75,0
C057,21,2,0,59.4,1,1,0,1,17,62,0
C057,22,3,0,51.2,1,0,1,0,19,75,0
C057,23,1,0,18.6,1,0,0,0,22,69,0
C057,24,0,0,0.0,0,1,0,0,31,88,0
C057,25,0,0,36.1,0,0,0,0,31,71,0
C057,26,4,1,122.8,2,0,1,0,17,39,0
C057,27,0,0,3.8,0,1,0,0,28,60,0
C057,28,2,2,165.3,1,0,0,0,16,36,0
C057,29,1,2,0.0,0,0,0,0,32,20,0
C057,30,0,0,31.9,0,1,1,0,31,69,0
C057,31,1,0,71.8,0,1,0,0,22,44,0
C057,32,0,0,0.0,0,0,0,0,30,51,1
C058,1,14,6,487.7,13,7,1,0,12,39,0
C058,2,10,4,252.8,8,3,0,0,6,92,0
C058,3,8,3,290.3,3,0,2,0,10,77,0
C058,4,15,6,156.5,7,6,7,1,7,103,0
C058,5,10,7,511.0,4,4,6,0,10,47,0
C058,6,13,7,270.3,5,5,7,0,17,89,0
C058,7,16,4,392.4,4,2,7,1,15,39,0
C058,8,15,6,491.7,4,2,8,0,6,85,0
C058,9,10,6,394.1,3,2,4,0,21,29,0
C058,10,12,7,535.7,5,3,2,0,13,94,0
C058,11,9,4,137.1,4,4,0,1,27,103,0
C058,12,13,7,450.4,7,5,3,0,4,70,0
C058,13,13,7,531.4,4,2,1,1,6,99,0
C058,14,19,7,823.2,10,3,4,0,3,41,0
C058,15,10,5,398.9,3,1,5,0,22,67,0
C058,16,13,5,352.6,6,4,3,1,9,31,0
C058,17,15,6,306.0,8,3,6,0,14,36,0
C058,18,14,6,140.6,4,2,3,0,7,97,0
C058,19,7,4,173.2,6,4,1,0,12,62,0
C058,20,5,1,65.8,5,2,2,0,18,59,0
C058,21,9,6,283.8,6,2,2,0,13,22,0
C058,22,12,7,279.6,6,2,3,0,18,72,0
C058,23,11,7,358.2,4,2,2,0,10,93,0
C058,24,10,4,280.4,6,1,0,0,20,21,0
C058,25,2,1,96.3,1,0,0,0,21,42,0
C058,26,0,0,9.0,0,1,0,0,43,76,0
C058,27,2,0,59.9,2,1,1,0,33,77,0
C058,28,3,0,38.8,2,2,0,0,19,98,0
C058,29,1,0,11.2,0,1,1,0,21,95,0
C058,30,2,0,79.9,1,1,0,0,22,38,0
C058,31,2,1,65.8,2,1,0,0,35,21,0
C058,32,0,1,0.0,0,1,0,0,35,56,1
C059,1,4,2,78.7,0,0,1,0,17,72,0
C059,2,10,7,234.8,4,2,9,0,16,55,0
C059,3,9,4,257.5,7,3,3,0,11,28,0
C059,4,8,5,278.4,2,0,1,0,14,16,0
C059,5,6,2,169.1,2,1,0,0,18,53,0
C059,6,13,6,392.4,6,2,3,0,9,48,0
C059,7,10,7,451.5,5,1,2,1,18,93,0
C059,8,9,3,209.3,4,1,3,0,11,68,0
C059,9,8,3,239.7,0,0,4,0,10,19,0
C059,10,10,5,203.7,6,1,4,1,7,81,0
C059,11,2,0,65.5,0,0,0,0,21,18,0
C059,12,10,3,265.7,2,0,3,0,8,92,0
C059,13,6,4,158.5,0,0,3,0,45,95,0
C059,14,7,5,173.9,1,0,4,0,12,49,0
C059,15,13,6,350.5,5,2,6,0,11,63,0
C059,16,12,7,287.9,4,1,6,0,8,19,0
C059,17,11,5,389.6,3,1,2,0,21,69,0
C059,18,7,5,246.8,3,0,1,0,10,31,0
C059,19,12,6,135.6,4,1,4,0,14,103,0
C059,20,9,5,238.9,3,2,3,0,11,80,0
C059,21,9,4,387.2,3,1,2,0,23,39,0
C059,22,8,4,125.4,5,1,4,0,18,91,0
C059,23,10,6,331.7,8,2,4,0,17,23,0
C059,24,6,1,180.4,1,0,5,0,15,46,0
C059,25,9,4,272.1,6,1,4,0,17,94,0
C059,26,5,1,151.8,0,0,1,0,21,27,0
C059,27,8,3,254.7,3,0,0,0,11,24,0
C059,28,13,6,291.0,12,4,1,0,24,42,0
C059,29,7,4,76.6,0,1,0,0,11,104,0
C059,30,16,7,341.5,4,0,6,0,6,97,0
C059,31,12,7,284.6,7,3,2,0,8,49,0
C059,32,9,5,178.8,6,1,2,0,17,23,0
C060,1,16,7,272.2,4,0,5,0,13,95,0
C060,2,10,6,316.8,6,0,1,0,12,57,0
C060,3,10,5,398.7,6,1,4,0,14,90,0
C060,4,10,6,287.3,5,1,1,0,18,15,0
C060,5,11,5,175.3,4,1,3,0,9,95,0
C060,6,8,5,268.5,5,0,1,1,21,22,0
C060,7,13,6,311.8,6,2,4,0,16,60,0
C060,8,8,3,171.0,0,0,3,0,20,85,0
C060,9,8,4,250.9,2,0,1,0,13,65,0
C060,10,8,3,161.0,1,0,0,0,41,98,0
C060,11,8,5,258.6,1,0,1,0,32,53,0
C060,12,13,6,322.1,5,1,3,0,10,88,0
C060,13,4,1,72.8,2,1,3,0,22,90,0
C060,14,17,6,451.6,3,2,7,0,5,17,0
C060,15,19,6,450.8,6,2,6,0,1,79,0
C060,16,11,4,344.8,5,1,3,0,12,46,0
C060,17,12,6,275.4,4,1,1,0,5,13,0
C060,18,13,6,461.2,8,4,6,0,21,96,0
C060,19,18,6,482.0,9,3,6,0,15,71,0
C060,20,14,7,246.0,11,2,10,0,7,75,0
C060,21,12,6,298.0,9,6,7,0,6,37,0
C060,22,6,1,167.2,2,0,2,0,24,46,0
C060,23,14,6,441.5,6,2,3,0,8,86,0
C060,24,11,7,359.1,1,0,6,1,8,93,0
C060,25,7,5,202.9,3,0,3,0,20,48,0
C060,26,12,7,447.9,5,0,7,0,22,34,0
C060,27,12,6,494.4,2,0,5,0,7,80,0
C060,28,17,7,608.5,5,1,7,0,16,49,0
C060,29,11,6,243.2,6,2,4,0,8,38,0
C060,30,13,5,278.0,11,3,4,0,4,36,0
C060,31,12,7,406.8,9,2,3,0,12,76,0
C060,32,18,7,556.1,10,5,8,0,6,66,0
C061,1,14,5,445.8,8,1,3,0,20,87,0
C061,2,14,7,402.4,8,5,6,0,11,15,0
C061,3,11,5,376.3,4,2,2,0,12,88,0
C061,4,9,3,350.4,2,2,1,0,11,98,0
C061,5,17,7,602.7,10,7,7,0,5,68,0
C061,6,15,7,475.7,5,3,6,0,3,15,0
C061,7,10,5,437.4,3,2,5,0,9,13,0
C061,8,12,7,338.3,8,5,6,0,12,89,0
C061,9,20,7,512.3,8,2,6,0,13,71,0
C061,10,8,2,138.9,4,1,3,0,11,39,0
C061,11,10,6,192.1,2,2,3,0,17,63,0
C061,12,7,3,199.9,3,0,0,0,14,65,0
C061,13,11,6,295.6,4,3,4,0,6,45,0
C061,14,13,7,452.8,6,3,3,0,14,96,0
C061,15,15,7,399.9,7,3,4,0,15,46,0
C061,16,13,7,289.3,6,4,3,0,12,13,0
C061,17,11,6,240.5,6,2,2,0,14,101,0
C061,18,8,3,202.0,4,1,3,0,16,71,0
C061,19,11,6,294.0,5,4,2,0,14,28,0
C061,20,10,5,212.4,5,0,2,0,19,90,0
C061,21,10,3,305.5,5,5,5,0,18,86,0
C061,22,11,7,286.7,4,2,4,0,8,72,0
C061,23,14,6,452.1,3,0,2,0,8,27,0
C061,24,7,4,230.9,2,1,4,0,14,39,0
C061,25,7,4,316.0,4,3,1,0,19,50,0
C061,26,16,7,180.2,7,2,5,0,14,23,0
C061,27,14,7,221.6,5,2,1,0,6,33,0
C061,28,17,7,549.2,11,6,5,0,20,98,0
C061,29,12,6,394.9,9,3,8,0,10,16,0
C061,30,9,7,196.2,3,1,3,0,11,32,0
C061,31,11,7,299.5,2,0,3,0,12,77,0
C061,32,17,6,530.6,6,4,5,0,7,104,0
C062,1,3,1,102.3,0,0,0,0,23,20,0
C062,2,8,6,206.3,8,2,3,0,22,64,0
C062,3,12,4,342.2,5,1,5,0,8,38,0
C062,4,6,4,151.8,4,0,0,0,16,95,0
C062,5,2,2,9.9,1,0,1,0,20,60,0
C062,6,2,0,18.6,0,0,0,0,26,44,0
C062,7,5,2,116.7,1,0,5,0,13,39,0
C062,8,7,4,182.4,7,1,4,0,21,63,0
C062,9,4,0,121.7,0,0,2,0,24,13,0
C062,10,8,5,157.1,6,2,2,0,9,73,0
C062,11,6,3,156.2,3,2,0,0,16,102,0
C062,12,4,4,99.9,2,1,3,0,16,56,0
C062,13,8,5,227.6,2,0,1,0,16,93,0
C062,14,3,2,64.3,1,0,1,0,14,48,0
C062,15,2,2,40.6,3,0,2,0,19,24,0
C062,16,3,1,85.5,1,0,0,0,24,79,0
C062,17,1,0,57.0,2,1,1,0,19,26,0
C062,18,1,1,0.0,0,0,0,0,25,13,0
C062,19,0,0,0.0,0,0,0,0,32,24,0
C062,20,3,2,35.1,3,2,0,0,38,86,0
C062,21,3,2,58.5,0,0,1,0,28,76,0
C062,22,0,1,0.0,0,0,0,0,36,70,0
C062,23,4,6,47.4,2,0,1,0,24,94,0
C062,24,0,0,0.0,0,0,0,0,44,21,0
C062,25,1,1,26.2,0,0,0,0,39,36,0
C062,26,1,0,0.0,0,0,0,0,23,32,0
C062,27,0,0,0.0,0,1,0,0,38,100,0
C062,28,0,0,0.0,0,1,2,0,28,74,0
C062,29,2,1,81.9,1,0,0,0,23,75,0
C062,30,0,1,64.0,0,0,0,0,40,58,0
C062,31,0,0,0.3,0,1,0,1,34,31,0
C062,32,0,0,0.6,0,0,0,0,32,71,1
C063,1,7,3,125.0,0,1,2,0,17,44,0
C063,2,8,3,218.6,6,1,3,0,14,48,0
C063,3,4,1,88.2,3,1,0,0,15,101,0
C063,4,7,4,325.4,8,3,1,0,23,32,0
C063,5,7,5,69.2,2,0,1,0,19,87,0
C063,6,3,1,109.3,1,0,1,0,22,20,0
C063,7,8,2,274.9,2,2,2,0,26,67,0
C063,8,10,5,298.7,6,5,5,0,13,13,0
C063,9,11,4,335.5,6,1,5,0,13,91,0
C063,10,8,4,130.2,3,0,2,0,12,40,0
C063,11,7,5,223.9,1,0,0,0,13,74,0
C063,12,8,4,196.0,5,4,1,0,18,64,0
C063,13,10,5,284.8,2,1,2,0,15,29,0
C063,14,6,1,125.6,2,1,0,0,37,84,0
C063,15,14,5,450.7,2,1,2,0,10,99,0
C063,16,9,5,196.3,1,0,3,0,16,90,0
C063,17,6,2,49.5,0,1,3,0,12,25,0
C063,18,7,5,241.2,4,4,2,1,23,20,0
C063,19,11,6,332.3,4,0,1,1,17,25,0
C063,20,13,7,340.4,6,3,5,0,25,37,0
C063,21,10,6,266.6,4,2,1,0,18,50,0
C063,22,11,7,209.5,1,1,1,1,8,47,0
C063,23,6,2,140.9,1,1,0,0,22,104,0
C063,24,3,0,98.3,1,0,1,0,30,31,0
C063,25,0,1,25.1,0,1,0,0,34,57,0
C063,26,0,0,12.5,0,1,0,0,47,72,0
C063,27,1,0,1.7,1,0,0,0,19,78,0
C063,28,0,2,0.0,0,1,0,0,34,41,0
C063,29,1,0,27.3,2,1,0,0,23,43,0
C063,30,1,1,49.0,0,1,0,0,25,42,0
C063,31,0,1,0.0,0,1,0,0,46,37,0
C063,32,0,1,0.0,0,0,0,0,30,66,0
C064,1,7,5,196.8,7,3,1,0,9,97,0
C064,2,7,2,110.6,0,0,5,0,23,62,0
C064,3,8,4,194.3,2,0,2,0,16,61,0
C064,4,2,0,85.2,2,0,0,0,20,63,0
C064,5,16,7,476.6,3,0,7,0,4,43,0
C064,6,15,6,301.5,8,1,5,0,4,82,0
C064,7,6,2,239.8,3,0,3,0,31,47,0
C064,8,3,2,127.0,0,1,0,0,22,79,0
C064,9,5,3,122.1,3,1,4,0,14,26,0
C064,10,13,7,319.9,8,1,3,0,12,16,0
C064,11,10,4,351.8,5,0,2,0,13,65,0
C064,12,4,2,134.5,2,0,2,0,25,101,0
C064,13,8,6,133.5,3,2,3,0,26,73,0
C064,14,10,6,287.3,4,1,2,0,10,40,0
C064,15,3,1,60.1,2,0,0,0,30,75,0
C064,16,4,2,102.0,2,0,1,0,20,100,0
C064,17,7,2,71.4,1,1,2,0,33,34,0
C064,18,6,5,86.1,3,2,0,0,16,26,0
C064,19,0,0,15.0,0,0,0,0,30,39,0
C064,20,5,3,21.1,1,0,5,0,21,99,0
C064,21,7,3,232.9,1,1,0,0,13,30,0
C064,22,3,2,71.1,2,0,1,0,28,90,0
C064,23,8,5,223.6,8,3,4,0,13,93,0
C064,24,11,7,194.9,4,0,6,0,13,15,0
C064,25,5,2,136.1,4,2,1,0,28,84,0
C064,26,5,2,98.2,4,1,6,1,23,84,0
C064,27,6,5,142.1,2,1,0,0,16,89,0
C064,28,5,3,196.5,2,1,0,0,20,80,0
C064,29,12,7,367.7,6,3,1,0,6,59,0
C064,30,8,4,204.8,2,0,1,0,15,100,0
C064,31,8,4,190.4,4,0,1,0,42,50,0
C064,32,7,5,262.1,3,2,1,0,36,18,0
C065,1,11,7,395.5,3,1,4,0,10,41,0
C065,2,6,6,234.7,3,0,2,0,17,56,0
C065,3,5,1,138.4,5,0,4,0,24,89,0
C065,4,7,2,123.7,4,1,2,0,13,77,0
C065,5,15,7,408.3,10,2,6,0,6,97,0
C065,6,7,3,271.6,0,0,3,0,14,64,0
C065,7,11,6,446.2,6,1,6,0,20,83,0
C065,8,11,5,243.5,5,0,3,0,8,19,0
C065,9,9,5,322.3,6,1,7,1,19,24,0
C065,10,12,5,489.8,7,0,3,0,12,36,0
C065,11,12,6,299.1,4,1,5,1,13,59,0
C065,12,9,6,261.9,4,2,2,0,23,54,0
C065,13,9,4,290.5,2,0,2,0,9,31,0
C065,14,7,3,157.6,4,2,0,1,26,45,0
C065,15,4,3,165.2,3,0,0,0,16,59,0
C065,16,4,0,94.7,5,0,1,0,15,80,0
C065,17,13,6,246.9,6,3,6,0,8,42,0
C065,18,6,3,179.4,2,0,1,0,16,46,0
C065,19,8,3,235.8,3,0,1,0,17,23,0
C065,20,6,3,130.7,3,2,1,0,29,96,0
C065,21,4,1,161.9,2,1,0,0,17,28,0
C065,22,12,7,413.0,5,1,4,0,9,60,0
C065,23,5,4,139.8,3,0,1,0,17,53,0
C065,24,2,0,16.5,1,1,0,0,22,35,0
C065,25,0,0,0.0,0,1,0,0,35,66,0
C065,26,1,0,35.6,1,0,0,0,34,54,0
C065,27,0,0,22.1,0,0,0,0,35,26,0
C065,28,1,1,43.6,0,0,1,0,22,40,0
C065,29,0,0,28.7,0,0,0,0,60,68,0
C065,30,0,0,3.3,0,0,0,0,33,95,0
C065,31,1,0,0.0,0,1,0,0,25,82,0
C065,32,1,0,0.0,0,0,1,0,28,96,1
C066,1,4,0,129.4,1,1,2,0,15,71,0
C066,2,5,2,146.9,3,0,2,0,14,89,0
C066,3,5,5,108.7,2,1,0,0,16,12,0
C066,4,3,0,89.6,1,0,1,0,18,88,0
C066,5,5,3,100.6,2,1,1,0,15,84,0
C066,6,6,3,209.0,1,0,1,0,13,36,0
C066,7,8,3,185.2,7,3,3,0,16,40,0
C066,8,5,2,144.6,4,3,1,0,19,42,0
C066,9,12,7,524.2,4,2,5,0,10,29,0
C066,10,3,1,96.4,1,1,1,0,31,28,0
C066,11,8,4,338.7,2,1,4,0,20,14,0
C066,12,5,3,155.9,0,1,3,0,17,13,0
C066,13,6,3,136.5,5,3,2,1,20,94,0
C066,14,7,3,280.4,3,2,5,0,14,94,0
C066,15,7,6,241.5,0,1,4,0,16,13,0
C066,16,3,1,95.8,1,1,0,0,35,83,0
C066,17,4,3,125.9,2,1,2,0,37,80,0
C066,18,10,4,363.0,4,2,1,0,15,12,0
C066,19,3,2,130.9,1,1,1,0,21,49,0
C066,20,4,1,94.8,2,1,1,1,16,17,0
C066,21,4,1,186.0,1,0,2,1,22,76,0
C066,22,6,4,69.9,2,1,3,0,10,67,0
C066,23,3,3,101.0,1,1,1,0,22,36,0
C066,24,1,0,55.4,0,1,0,0,23,52,0
C066,25,1,1,20.2,1,0,0,0,22,36,0
C066,26,0,1,0.0,0,1,1,0,31,29,0
C066,27,1,0,27.5,0,1,0,0,20,33,0
C066,28,0,0,41.1,0,1,0,0,30,45,0
C066,29,0,1,21.4,0,0,0,0,45,46,0
C066,30,0,0,21.0,0,1,0,0,34,49,0
C066,31,0,0,22.1,0,1,0,0,31,23,0
C066,32,1,1,58.3,2,0,0,0,24,57,0
C067,1,5,3,124.6,3,1,1,0,15,92,0
C067,2,12,5,267.4,9,4,5,0,8,101,0
C067,3,13,7,399.7,10,1,4,0,6,55,0
C067,4,12,6,399.2,6,1,3,0,13,32,0
C067,5,12,5,292.9,10,3,1,1,26,99,0
C067,6,9,2,173.5,3,0,1,0,12,47,0
C067,7,10,6,315.9,6,1,5,0,23,47,0
C067,8,11,2,246.8,9,2,2,0,14,26,0
C067,9,6,3,116.1,3,0,2,1,18,74,0
C067,10,8,3,309.4,5,2,9,0,35,40,0
C067,11,8,5,233.5,1,0,3,0,11,61,0
C067,12,9,5,341.9,6,2,1,0,18,53,0
C067,13,8,2,258.8,0,0,1,1,17,36,0
C067,14,9,4,307.4,3,1,4,0,15,77,0
C067,15,11,5,192.0,4,2,3,1,9,81,0
C067,16,16,6,410.5,8,1,7,0,2,97,0
C067,17,9,6,238.0,5,1,7,0,34,16,0
C067,18,14,7,344.0,6,0,5,0,9,92,0
C067,19,8,5,228.8,5,2,6,1,39,27,0
C067,20,17,7,592.4,6,3,8,0,10,64,0
C067,21,8,3,299.0,3,1,3,0,15,61,0
C067,22,11,5,207.5,9,3,6,0,14,56,0
C067,23,12,5,418.1,6,1,0,0,21,48,0
C067,24,5,5,144.7,3,0,2,0,28,76,0
C067,25,3,1,103.4,1,1,0,0,32,102,0
C067,26,0,0,0.0,0,1,0,0,39,52,0
C067,27,1,0,53.2,0,0,0,1,21,67,0
C067,28,0,0,0.0,0,0,0,0,31,55,0
C067,29,0,0,0.0,0,0,0,0,39,66,0
C067,30,3,4,61.5,2,1,2,0,39,51,0
C067,31,1,1,47.1,2,0,1,0,37,57,0
C067,32,1,1,9.6,0,0,0,0,22,62,0
C068,1,18,7,599.8,7,1,4,0,16,87,0
C068,2,6,3,134.6,2,0,2,0,15,89,0
C068,3,10,5,188.5,7,1,4,0,15,26,0
C068,4,12,6,307.5,9,3,1,1,4,60,0
C068,5,9,6,392.2,1,0,2,0,13,103,0
C068,6,12,4,348.3,11,3,4,0,8,14,0
C068,7,15,6,394.9,5,1,6,0,5,29,0
C068,8,9,4,264.4,11,2,2,0,9,25,0
C068,9,13,7,407.8,5,3,2,0,6,99,0
C068,10,6,2,166.3,2,0,3,0,17,61,0
C068,11,8,7,222.4,3,1,1,0,9,83,0
C068,12,15,7,438.9,5,3,11,0,15,84,0
C068,13,8,3,267.1,1,0,4,0,30,12,0
C068,14,11,6,321.7,3,2,3,0,20,13,0
C068,15,13,7,437.5,8,1,3,0,26,38,0
C068,16,8,5,242.0,4,0,5,0,12,100,0
C068,17,6,3,154.6,3,0,2,0,25,18,0
C068,18,8,4,281.0,11,3,2,0,14,65,0
C068,19,2,1,79.3,1,0,0,0,19,95,0
C068,20,6,4,153.9,2,1,3,0,14,49,0
C068,21,10,5,197.1,1,0,1,0,18,62,0
C068,22,6,4,181.4,0,0,2,0,27,98,0
C068,23,7,4,86.2,0,0,3,0,17,26,0
C068,24,1,0,44.3,1,0,1,0,33,84,0
C068,25,4,1,135.0,3,0,0,0,22,19,0
C068,26,5,3,104.4,2,1,5,0,22,46,0
C068,27,7,2,174.0,2,0,1,0,11,16,0
C068,28,2,2,54.6,2,1,0,0,25,28,0
C068,29,9,3,344.1,3,1,2,0,9,75,0
C068,30,2,0,64.8,0,0,0,0,44,67,0
C068,31,1,0,49.3,0,0,0,0,17,50,0
C068,32,2,1,68.9,0,0,1,0,21,58,1
C069,1,10,4,358.5,5,0,5,0,11,59,0
C069,2,14,6,477.6,4,1,8,0,8,54,0
C069,3,10,4,237.2,3,0,5,0,18,63,0
C069,4,11,7,326.8,6,0,3,0,8,14,0
C069,5,7,3,266.2,1,1,4,0,14,59,0
C069,6,9,4,276.9,2,0,4,0,13,71,0
C069,7,10,5,273.8,2,1,5,0,10,91,0
C069,8,2,1,60.5,0,1,0,0,18,17,0
C069,9,12,6,326.8,2,1,2,0,11,38,0
C069,10,12,5,415.0,5,1,4,0,8,59,0
C069,11,9,3,254.3,3,0,2,0,13,19,0
C069,12,8,5,235.6,5,2,3,0,36,12,0
C069,13,9,4,340.1,1,0,3,0,9,66,0
C069,14,15,7,510.3,7,0,0,0,13,27,0
C069,15,19,7,796.4,16,2,4,0,7,65,0
C069,16,12,5,347.0,4,0,5,0,8,37,0
C069,17,4,1,117.5,0,0,1,0,17,50,0
C069,18,9,4,166.6,1,0,4,0,22,31,0
C069,19,14,7,362.3,4,0,1,0,4,94,0
C069,20,6,3,167.5,0,0,1,0,12,95,0
C069,21,13,7,452.8,7,4,4,0,11,27,0
C069,22,13,7,327.3,5,1,1,0,11,95,0
C069,23,9,4,188.5,2,1,2,0,14,86,0
C069,24,6,3,227.8,2,0,2,0,22,48,0
C069,25,6,2,233.7,6,2,1,0,21,80,0
C069,26,9,6,348.2,7,1,3,0,11,51,0
C069,27,9,4,212.3,4,0,1,0,24,28,0
C069,28,5,2,148.9,3,0,1,0,13,39,0
C069,29,14,7,463.4,7,2,2,0,12,78,0
C069,30,14,7,297.4,9,2,6,0,3,31,0
C069,31,10,5,235.3,5,0,1,0,16,94,0
C069,32,11,5,371.2,5,1,2,0,12,20,0
C070,1,9,6,392.9,6,3,3,0,22,33,0
C070,2,8,1,250.9,5,0,4,0,11,65,0
C070,3,3,0,40.8,3,0,1,0,15,82,0
C070,4,8,4,149.0,3,0,1,0,11,74,0
C070,5,6,4,175.6,3,1,4,0,18,48,0
C070,6,10,4,233.6,4,1,3,0,8,76,0
C070,7,7,3,181.1,2,1,2,0,31,46,0
C070,8,6,4,206.6,1,0,3,0,14,26,0
C070,9,5,3,211.6,0,1,1,0,20,94,0
C070,10,3,3,72.1,0,0,2,0,21,34,0
C070,11,6,3,134.3,0,0,2,0,18,13,0
C070,12,12,5,226.4,6,1,4,0,7,78,0
C070,13,7,2,265.4,5,0,3,0,12,38,0
C070,14,1,0,50.9,1,0,0,1,22,52,0
C070,15,5,5,76.5,2,1,1,0,26,92,0
C070,16,5,2,245.0,2,0,1,0,20,88,0
C070,17,2,2,66.0,2,0,2,0,25,60,0
C070,18,1,1,0.0,1,1,0,0,23,16,0
C070,19,3,1,50.4,1,0,0,0,23,102,0
C070,20,0,1,0.0,0,0,0,0,55,100,0
C070,21,2,0,20.6,1,0,0,0,27,33,0
C070,22,3,1,87.6,3,2,2,0,20,88,0
C070,23,0,0,24.1,0,0,0,0,33,53,0
C070,24,0,0,0.0,0,1,0,0,44,19,0
C070,25,3,6,87.0,1,0,0,0,31,67,0
C070,26,0,0,0.0,0,0,0,0,37,100,0
C070,27,1,1,11.4,1,0,0,1,23,31,0
C070,28,3,0,64.0,1,0,0,0,22,69,0
C070,29,0,0,0.0,0,1,0,0,38,47,0
C070,30,0,1,23.8,0,1,0,0,34,69,0
C070,31,0,0,0.0,0,0,0,0,38,49,0
C070,32,0,0,0.0,0,0,0,0,34,80,0
C071,1,9,4,309.4,5,0,5,0,27,18,0
C071,2,10,5,301.7,5,0,1,0,13,65,0
C071,3,11,5,367.5,7,2,2,0,5,33,0
C071,4,11,6,339.1,8,4,5,0,15,27,0
C071,5,9,2,167.5,1,0,3,0,14,87,0
C071,6,9,5,279.2,4,0,1,0,9,29,0
C071,7,17,7,590.7,11,2,4,0,1,60,0
C071,8,6,3,218.4,1,1,2,0,16,61,0
C071,9,10,5,337.5,2,1,2,0,19,51,0
C071,10,9,5,233.5,3,0,9,0,15,52,0
C071,11,5,3,199.0,4,3,4,0,21,88,0
C071,12,8,3,138.2,3,1,2,0,16,99,0
C071,13,12,6,332.4,8,3,2,0,14,66,0
C071,14,12,5,318.0,5,1,4,0,18,21,0
C071,15,8,3,251.2,2,0,4,0,18,90,0
C071,16,14,7,324.2,8,0,4,0,14,77,0
C071,17,9,3,228.2,3,0,1,0,21,62,0
C071,18,10,6,295.2,5,1,2,0,7,97,0
C071,19,14,6,368.8,4,0,3,0,10,71,0
C071,20,10,3,337.6,2,0,7,0,15,77,0
C071,21,11,7,257.6,8,0,1,0,11,15,0
C071,22,12,6,347.6,7,3,1,0,15,30,0
C071,23,6,1,205.4,3,1,3,0,18,15,0
C071,24,7,3,292.1,1,0,1,0,14,86,0
C071,25,6,4,125.1,2,0,1,0,23,98,0
C071,26,14,5,391.2,8,3,5,0,22,28,0
C071,27,13,6,313.1,11,2,5,0,6,12,0
C071,28,11,7,256.2,8,2,1,0,6,16,0
C071,29,5,3,72.5,0,0,1,0,27,15,0
C071,30,7,5,128.5,2,0,3,0,24,98,0
C071,31,13,7,333.5,4,0,5,0,9,29,0
C071,32,9,4,302.6,2,1,5,0,13,42,0
C072,1,8,4,253.4,1,1,2,0,13,91,0
C072,2,15,5,284.5,4,1,2,0,8,57,0
C072,3,6,4,126.4,0,0,4,0,15,21,0
C072,4,15,6,564.3,12,4,6,0,1,34,0
C072,5,5,4,167.3,1,0,0,0,23,60,0
C072,6,10,2,331.3,4,1,7,0,23,93,0
C072,7,7,6,237.8,8,3,0,0,23,77,0
C072,8,12,7,171.4,4,3,5,0,20,43,0
C072,9,14,7,247.9,4,2,5,0,13,60,0
C072,10,11,7,444.8,6,3,3,0,30,63,0
C072,11,8,6,358.6,7,4,2,0,13,58,0
C072,12,11,6,211.1,4,2,6,0,23,52,0
C072,13,8,3,164.5,3,3,6,0,12,83,0
C072,14,11,3,207.3,10,3,1,1,9,61,0
C072,15,7,5,161.3,3,2,2,0,11,88,0
C072,16,9,4,254.5,4,1,5,0,16,35,0
C072,17,10,5,315.6,5,3,5,0,15,68,0
C072,18,3,1,110.0,1,1,1,0,19,64,0
C072,19,8,3,158.0,2,0,8,0,14,101,0
C072,20,9,4,396.8,2,1,3,0,16,93,0
C072,21,5,2,51.5,1,1,2,0,17,66,0
C072,22,5,2,120.8,2,1,0,0,29,95,0
C072,23,7,5,126.6,1,1,1,0,12,97,0
C072,24,5,3,132.3,3,0,2,1,16,31,0
C072,25,7,3,261.0,3,1,0,0,19,84,0
C072,26,3,2,89.3,4,2,0,0,23,60,0
C072,27,4,4,108.3,3,0,1,0,19,83,0
C072,28,4,3,74.2,1,0,1,0,19,20,0
C072,29,4,2,165.1,5,1,1,0,17,20,0
C072,30,6,5,235.1,3,0,3,0,16,19,0
C072,31,5,2,113.2,2,0,3,0,27,29,0
C072,32,4,0,90.6,1,1,1,0,21,70,0
C073,1,0,0,0.0,0,0,0,1,54,49,0
C073,2,4,0,55.2,2,0,1,0,20,65,0
C073,3,2,2,74.0,0,0,1,0,21,33,0
C073,4,6,3,151.3,3,1,2,0,28,87,0
C073,5,2,0,57.0,1,1,0,0,25,92,0
C073,6,2,0,43.2,0,0,0,0,23,74,0
C073,7,3,0,49.7,0,0,0,0,21,57,0
C073,8,3,0,50.6,2,1,0,0,21,74,0
C073,9,2,4,39.0,1,1,1,0,20,78,0
C073,10,1,0,49.0,0,0,0,0,31,77,0
C073,11,4,4,151.3,2,1,1,1,16,28,0
C073,12,2,1,67.9,0,1,0,0,25,12,0
C073,13,2,1,23.0,1,0,0,0,34,92,0
C073,14,2,2,73.8,0,0,0,0,25,40,0
C073,15,2,0,83.8,0,0,0,0,22,28,0
C073,16,2,1,33.5,0,1,1,0,20,48,0
C073,17,0,0,0.0,0,0,0,0,37,81,0
C073,18,4,4,43.4,3,0,0,0,15,78,0
C073,19,3,2,68.3,1,0,1,0,21,35,0
C073,20,1,0,31.8,0,0,1,0,28,68,0
C073,21,1,1,48.1,0,1,0,0,25,87,0
C073,22,1,1,10.7,1,0,0,0,23,35,0
C073,23,1,0,61.4,0,0,0,0,33,97,0
C073,24,0,0,21.4,0,0,0,0,30,12,0
C073,25,2,1,74.3,0,0,1,0,27,89,0
C073,26,1,0,47.7,0,1,1,0,24,18,0
C073,27,1,1,19.8,1,1,0,0,43,93,0
C073,28,2,1,20.1,0,0,1,0,21,81,0
C073,29,1,0,3.8,1,0,1,0,19,82,0
C073,30,2,2,7.5,1,0,0,0,22,86,0
C073,31,0,0,0.0,0,1,0,0,33,26,0
C073,32,0,1,0.0,0,0,0,0,40,49,1
C074,1,13,7,353.2,8,3,1,0,9,61,0
C074,2,10,6,338.6,7,2,0,0,9,15,0
C074,3,4,2,145.1,1,0,1,0,25,38,0
C074,4,7,4,47.2,2,0,1,0,28,43,0
C074,5,19,6,512.2,8,1,2,0,11,62,0
C074,6,15,6,560.0,5,1,6,1,5,104,0
C074,7,20,5,268.4,9,1,8,1,1,85,0
C074,8,15,6,356.7,14,4,3,0,1,83,0
C074,9,14,6,413.7,10,5,4,0,5,29,0
C074,10,10,3,357.7,7,3,4,0,23,61,0
C074,11,11,6,215.5,2,1,2,0,10,40,0
C074,12,8,3,251.2,2,0,2,0,12,39,0
C074,13,14,7,316.5,10,2,2,0,8,28,0
C074,14,19,7,578.7,5,0,8,0,9,69,0
C074,15,10,5,339.8,8,2,3,0,24,72,0
C074,16,11,6,383.3,5,2,4,0,8,81,0
C074,17,9,2,271.2,5,0,0,0,12,53,0
C074,18,18,6,305.2,6,1,4,0,6,33,0
C074,19,17,6,319.1,7,0,6,1,3,95,0
C074,20,19,7,398.1,8,2,6,0,9,22,0
C074,21,18,6,519.3,6,1,5,0,15,17,0
C074,22,9,5,178.6,8,2,5,0,8,100,0
C074,23,9,6,227.6,3,0,1,0,12,88,0
C074,24,16,6,271.5,1,1,2,0,8,96,0
C074,25,14,6,362.9,5,1,5,0,6,60,0
C074,26,9,5,284.5,7,2,5,0,14,28,0
C074,27,9,3,110.6,5,1,1,0,15,93,0
C074,28,11,7,206.4,3,0,6,0,7,100,0
C074,29,6,5,79.3,2,1,0,0,12,71,0
C074,30,9,4,243.2,6,1,3,0,9,96,0
C074,31,12,4,347.1,5,2,7,0,13,101,0
C074,32,7,5,224.0,6,4,2,0,18,88,0
C075,1,10,7,170.3,8,3,6,0,14,96,0
C075,2,6,2,43.0,3,2,4,0,21,78,0
C075,3,4,4,123.2,3,0,1,0,19,39,0
C075,4,9,2,151.3,5,0,3,0,20,101,0
C075,5,5,3,120.4,0,1,1,0,15,24,0
C075,6,11,5,78.2,4,3,1,0,11,97,0
C075,7,9,5,248.6,9,3,2,1,11,48,0
C075,8,6,5,207.8,4,1,2,0,17,85,0
C075,9,3,2,74.2,0,0,1,0,23,25,0
C075,10,5,2,139.4,5,2,1,0,20,89,0
C075,11,7,3,270.7,4,1,3,0,16,63,0
C075,12,5,5,177.3,0,0,1,0,30,99,0
C075,13,8,4,239.1,2,1,2,0,12,45,0
C075,14,9,6,293.7,2,1,2,0,10,90,0
C075,15,10,4,221.4,4,1,5,0,14,74,0
C075,16,6,3,158.1,2,0,5,0,22,49,0
C075,17,10,6,314.0,3,1,3,0,21,18,0
C075,18,6,2,218.4,2,1,2,0,16,42,0
C075,19,3,3,81.4,3,1,0,0,15,69,0
C075,20,8,2,235.6,7,3,2,0,11,80,0
C075,21,6,1,178.5,0,0,1,0,30,17,0
C075,22,11,6,294.9,8,5,8,0,18,85,0
C075,23,10,4,207.6,2,1,3,0,11,62,0
C075,24,11,7,306.5,7,5,1,0,16,39,0
C075,25,5,3,136.3,2,2,4,0,25,97,0
C075,26,7,3,173.0,4,3,1,0,17,19,0
C075,27,7,4,161.3,6,4,3,0,22,54,0
C075,28,11,6,433.0,2,1,6,0,10,79,0
C075,29,5,2,155.0,3,1,3,0,18,46,0
C075,30,12,6,255.5,6,2,6,0,9,79,0
C075,31,13,6,287.0,6,4,3,0,14,86,0
C075,32,7,3,243.7,2,2,4,1,20,82,0
C076,1,9,3,241.0,4,0,4,0,11,38,0
C076,2,5,4,129.9,1,0,1,0,15,87,0
C076,3,6,0,208.6,3,0,0,0,17,39,0
C076,4,11,5,306.7,7,2,2,0,6,48,0
C076,5,5,3,140.3,3,1,3,0,27,56,0
C076,6,10,5,333.3,3,2,3,0,26,100,0
C076,7,9,5,360.5,6,1,5,0,25,74,0
C076,8,5,3,141.0,3,0,4,0,18,59,0
C076,9,8,4,170.0,4,0,0,0,13,63,0
C076,10,3,3,71.2,1,0,0,0,36,15,0
C076,11,1,1,34.3,0,0,0,0,19,19,0
C076,12,9,4,258.1,9,2,5,0,21,38,0
C076,13,7,3,219.3,2,0,4,0,17,72,0
C076,14,8,3,289.4,6,2,2,0,10,23,0
C076,15,3,0,36.4,2,0,1,0,28,42,0
C076,16,9,4,314.5,8,3,3,0,13,77,0
C076,17,6,4,112.9,5,0,0,0,16,52,0
C076,18,4,4,84.7,1,0,2,1,33,19,0
C076,19,4,4,89.1,2,1,1,0,14,84,0
C076,20,6,3,174.4,4,0,1,0,21,82,0
C076,21,7,4,87.3,1,0,2,0,14,19,0
C076,22,11,6,226.2,5,0,1,0,9,101,0
C076,23,2,1,66.3,0,0,0,0,27,47,0
C076,24,13,6,714.6,8,4,8,0,16,14,0
C076,25,14,5,395.1,9,2,3,0,11,93,0
C076,26,8,3,122.4,2,0,2,0,24,101,0
C076,27,6,4,175.6,3,0,2,0,40,49,0
C076,28,5,3,100.6,0,0,2,0,19,39,0
C076,29,8,4,202.3,3,1,3,0,18,92,0
C076,30,10,6,375.0,4,1,5,0,8,79,0
C076,31,11,5,235.1,5,1,5,0,16,65,0
C076,32,9,7,254.1,3,1,1,0,33,50,0
C077,1,15,7,456.1,5,3,6,0,11,64,0
C077,2,15,6,420.4,7,4,3,0,18,53,0
C077,3,15,7,526.2,8,6,5,0,5,32,0
C077,4,11,5,317.1,5,1,1,0,12,24,0
C077,5,9,4,176.4,1,1,4,0,18,62,0
C077,6,9,6,286.0,5,4,3,0,27,99,0
C077,7,12,5,360.0,6,6,3,0,10,104,0
C077,8,14,7,341.3,5,0,2,0,20,52,0
C077,9,14,7,170.8,8,2,2,0,4,34,0
C077,10,10,4,398.4,5,2,1,0,11,67,0
C077,11,8,2,212.7,4,3,1,0,17,26,0
C077,12,17,7,396.5,12,6,7,0,20,16,0
C077,13,12,6,383.6,11,3,4,0,5,67,0
C077,14,14,7,366.0,6,1,5,0,7,18,0
C077,15,7,4,229.7,3,3,1,0,13,20,0
C077,16,16,7,416.3,12,8,6,0,8,72,0
C077,17,8,7,169.9,8,2,2,0,22,50,0
C077,18,12,6,329.8,5,1,2,0,29,63,0
C077,19,6,0,132.1,4,1,0,0,19,32,0
C077,20,10,6,157.8,5,1,6,0,19,16,0
C077,21,14,6,437.1,5,3,2,0,15,17,0
C077,22,10,6,389.2,6,2,2,0,12,83,0
C077,23,10,5,237.4,2,0,1,0,14,63,0
C077,24,15,7,242.4,4,3,1,0,16,60,0
C077,25,13,6,371.3,1,1,8,0,20,23,0
C077,26,9,3,251.2,1,0,1,0,8,49,0
C077,27,12,7,302.8,6,3,2,0,18,74,0
C077,28,12,7,478.3,4,2,2,0,19,76,0
C077,29,6,2,218.1,4,3,1,0,22,73,0
C077,30,14,7,356.4,6,2,6,0,6,23,0
C077,31,14,6,449.9,4,1,4,0,6,89,0
C077,32,19,6,473.8,10,5,12,0,13,74,0
C078,1,8,5,260.4,7,1,1,0,13,77,0
C078,2,10,5,431.5,7,0,5,0,15,18,0
C078,3,3,0,154.7,3,1,0,0,19,72,0
C078,4,6,3,225.9,4,3,0,0,23,66,0
C078,5,3,1,53.1,0,0,0,0,21,32,0
C078,6,4,2,119.4,1,0,2,0,14,13,0
C078,7,9,4,343.6,3,2,0,0,20,91,0
C078,8,5,2,130.3,3,2,1,0,19,40,0
C078,9,8,5,292.0,2,2,0,0,16,101,0
C078,10,5,0,156.2,1,0,4,0,23,20,0
C078,11,9,2,258.9,3,1,3,0,25,94,0
C078,12,13,7,489.2,1,1,5,1,5,97,0
C078,13,3,0,90.5,4,1,2,0,30,74,0
C078,14,9,3,316.2,3,1,2,0,25,84,0
C078,15,5,5,155.4,1,0,2,0,14,13,0
C078,16,4,1,142.7,2,0,2,0,14,96,0
C078,17,5,1,161.5,1,1,1,0,19,69,0
C078,18,6,3,273.2,6,2,1,0,12,37,0
C078,19,5,3,183.7,4,1,2,0,20,46,0
C078,20,7,3,188.2,3,1,3,0,13,66,0
C078,21,7,5,203.7,2,0,0,0,20,27,0
C078,22,4,1,209.8,2,0,0,0,28,13,0
C078,23,9,3,210.7,4,1,4,0,13,61,0
C078,24,3,2,18.2,1,0,0,0,24,24,0
C078,25,4,0,84.5,0,0,0,0,25,104,0
C078,26,5,2,67.9,0,0,1,0,15,41,0
C078,27,9,5,125.8,3,0,1,0,13,24,0
C078,28,2,0,82.1,0,0,0,0,20,54,0
C078,29,6,5,170.1,2,1,1,0,17,15,0
C078,30,3,1,92.2,2,0,1,0,18,49,0
C078,31,6,2,238.4,3,0,1,0,19,92,0
C078,32,6,3,175.7,5,0,1,0,12,88,0
C079,1,11,5,443.3,5,0,3,0,8,87,0
C079,2,13,6,343.2,5,1,5,0,9,86,0
C079,3,11,6,234.5,1,0,1,0,24,65,0
C079,4,17,6,442.4,7,2,4,0,6,84,0
C079,5,9,6,366.2,7,0,6,0,9,80,0
C079,6,8,6,441.7,6,0,3,0,13,48,0
C079,7,10,6,246.5,2,1,5,0,21,48,0
C079,8,15,7,381.1,7,2,3,1,3,101,0
C079,9,10,6,344.9,7,4,5,1,15,93,0
C079,10,10,4,269.5,3,1,4,0,20,76,0
C079,11,13,6,240.2,6,2,2,0,8,74,0
C079,12,14,6,357.3,8,1,4,0,6,104,0
C079,13,10,4,345.9,4,0,5,1,18,51,0
C079,14,11,4,310.2,5,3,4,1,13,50,0
C079,15,10,5,221.0,8,1,0,0,10,26,0
C079,16,19,7,436.0,14,1,4,0,8,39,0
C079,17,13,6,393.7,5,2,5,1,18,95,0
C079,18,16,7,466.0,9,1,10,0,8,102,0
C079,19,17,7,640.6,5,1,5,0,2,18,0
C079,20,12,6,305.9,2,0,2,1,17,49,0
C079,21,5,4,40.5,5,2,2,0,31,104,0
C079,22,7,2,209.0,3,1,3,1,24,38,0
C079,23,16,7,340.7,5,1,4,0,7,83,0
C079,24,9,3,263.2,4,0,2,0,21,34,0
C079,25,4,2,120.7,2,0,1,0,23,17,0
C079,26,3,1,82.0,1,0,1,1,21,23,0
C079,27,3,3,120.7,0,0,2,0,16,27,0
C079,28,0,1,0.0,0,0,0,0,38,61,0
C079,29,3,1,115.2,0,0,2,0,31,67,0
C079,30,4,1,73.6,0,0,2,0,31,78,0
C079,31,0,0,40.9,0,0,0,0,41,98,0
C079,32,0,1,0.0,0,0,0,0,29,43,1
C080,1,2,0,24.3,1,0,2,0,23,97,0
C080,2,4,4,125.4,2,0,0,0,26,77,0
C080,3,6,6,133.1,5,0,2,0,12,80,0
C080,4,4,4,120.2,2,0,1,0,25,70,0
C080,5,4,2,94.1,2,0,1,0,17,53,0
C080,6,1,0,23.6,0,0,0,0,24,28,0
C080,7,2,0,81.0,1,1,1,0,16,96,0
C080,8,2,0,49.1,2,0,1,0,32,45,0
C080,9,1,1,0.0,1,0,0,0,23,87,0
C080,10,4,4,147.1,2,0,2,0,24,93,0
C080,11,1,1,0.0,0,0,1,0,20,102,0
C080,12,3,2,91.3,2,1,1,0,16,36,0
C080,13,4,1,131.3,0,0,0,0,37,86,0
C080,14,1,0,58.7,1,0,0,0,30,81,0
C080,15,3,1,85.6,0,0,0,0,22,22,0
C080,16,2,1,37.3,0,0,1,0,25,47,0
C080,17,3,3,122.1,1,0,3,0,25,43,0
C080,18,1,1,50.1,1,0,0,0,24,69,0
C080,19,3,1,66.1,1,0,1,0,26,77,0
C080,20,1,2,0.0,0,1,0,0,26,25,0
C080,21,4,3,94.9,2,0,3,0,22,79,0
C080,22,0,0,39.0,0,1,0,0,42,72,0
C080,23,0,0,0.0,1,0,0,0,42,96,0
C080,24,2,2,14.8,0,0,0,0,17,17,0
C080,25,0,0,9.4,0,0,0,0,41,24,0
C080,26,0,0,16.6,0,0,1,0,47,55,0
C080,27,1,0,19.9,1,0,1,0,36,69,0
C080,28,2,0,0.0,2,1,2,0,22,91,0
C080,29,0,0,1.4,0,0,1,0,33,81,0
C080,30,2,3,31.2,0,0,0,0,21,29,0
C080,31,2,1,7.3,0,0,2,0,18,23,0
C080,32,0,1,0.0,0,1,0,0,37,78,1
C081,1,4,2,91.4,0,1,4,0,15,50,0
C081,2,3,1,41.3,0,1,0,0,19,97,0
C081,3,6,3,84.9,5,4,1,0,15,47,0
C081,4,5,4,204.1,0,1,4,0,22,34,0
C081,5,6,4,144.8,5,3,1,0,15,45,0
C081,6,8,5,267.8,6,3,5,0,41,15,0
C081,7,11,5,329.1,6,2,3,0,9,59,0
C081,8,1,1,40.6,1,0,2,0,29,43,0
C081,9,5,2,159.0,1,0,1,0,15,44,0
C081,10,11,4,356.5,3,1,7,0,7,96,0
C081,11,5,4,159.6,5,2,1,0,23,22,0
C081,12,6,3,135.3,3,1,0,0,23,55,0
C081,13,12,6,288.3,2,1,2,0,17,19,0
C081,14,7,5,183.4,5,3,0,0,18,85,0
C081,15,7,2,246.5,5,4,4,0,11,31,0
C081,16,4,3,120.7,2,1,1,0,28,17,0
C081,17,2,2,38.5,0,1,1,0,19,55,0
C081,18,11,5,448.0,6,3,3,0,15,77,0
C081,19,6,6,186.1,2,0,1,0,18,39,0
C081,20,8,5,229.7,1,0,2,0,9,94,0
C081,21,11,7,206.6,8,2,5,0,12,75,0
C081,22,5,3,138.0,1,1,1,0,15,101,0
C081,23,7,4,219.1,3,2,1,0,14,54,0
C081,24,5,1,98.8,2,0,0,0,14,60,0
C081,25,15,7,639.8,9,3,6,0,14,79,0
C081,26,9,5,333.9,6,4,2,0,8,32,0
C081,27,10,6,343.4,3,1,2,0,8,41,0
C081,28,6,3,50.0,2,0,1,0,29,30,0
C081,29,7,2,186.2,1,0,1,0,28,48,0
C081,30,7,6,77.3,1,0,2,0,10,64,0
C081,31,6,3,162.0,0,1,1,0,25,64,0
C081,32,10,5,290.7,5,0,4,0,16,16,1
C082,1,7,3,237.9,3,0,2,0,16,46,0
C082,2,11,7,258.2,8,1,4,0,14,14,0
C082,3,9,4,246.8,8,0,3,1,13,88,0
C082,4,8,4,154.6,2,1,0,0,9,95,0
C082,5,9,5,321.4,2,0,3,0,18,85,0
C082,6,10,5,277.2,7,2,4,0,9,73,0
C082,7,11,5,201.0,5,2,3,0,8,84,0
C082,8,5,2,194.3,2,2,2,0,28,72,0
C082,9,8,2,157.8,3,1,3,0,16,76,0
C082,10,10,6,304.2,3,0,4,0,13,17,0
C082,11,9,5,159.2,3,0,1,0,10,78,0
C082,12,11,4,423.2,5,1,0,0,17,59,0
C082,13,9,4,215.4,4,0,4,0,30,21,0
C082,14,6,3,144.0,1,1,3,0,12,93,0
C082,15,10,4,236.4,4,2,4,0,19,49,0
C082,16,8,5,187.5,2,1,1,0,17,89,0
C082,17,9,5,374.3,3,1,3,0,9,26,0
C082,18,8,5,220.7,1,0,5,0,19,38,0
C082,19,6,4,129.4,0,0,1,0,28,91,0
C082,20,11,5,316.8,6,2,1,0,19,103,0
C082,21,2,2,65.4,1,0,1,0,25,102,0
C082,22,3,3,84.6,4,0,2,0,33,21,0
C082,23,7,5,240.7,4,0,1,0,13,73,0
C082,24,10,5,209.6,6,0,7,0,8,42,0
C082,25,5,1,119.8,5,2,1,0,22,99,0
C082,26,3,1,24.0,3,2,1,0,17,72,0
C082,27,5,3,45.3,0,1,0,1,12,64,0
C082,28,1,1,9.1,0,0,0,0,37,21,0
C082,29,3,1,51.5,0,1,1,0,17,80,0
C082,30,0,0,6.7,0,1,0,0,29,69,0
C082,31,3,2,111.1,2,0,1,0,18,55,0
C082,32,4,3,109.1,3,2,0,0,26,52,0
C083,1,5,1,134.3,1,0,3,0,32,97,0
C083,2,5,3,152.7,2,0,1,0,18,36,0
C083,3,4,6,85.8,4,1,2,0,26,68,0
C083,4,2,2,52.6,3,1,0,0,29,91,0
C083,5,7,6,236.2,5,1,2,0,12,78,0
C083,6,3,1,23.5,0,0,1,0,19,13,0
C083,7,1,0,0.0,0,0,1,0,21,104,0
C083,8,5,2,155.9,4,1,2,0,22,33,0
C083,9,4,1,128.6,2,0,0,0,19,35,0
C083,10,5,4,79.4,2,0,2,0,14,66,0
C083,11,1,1,0.5,0,0,0,0,21,87,0
C083,12,7,3,216.3,2,1,3,0,15,38,0
C083,13,4,2,89.3,4,1,1,0,18,52,0
C083,14,3,0,23.9,1,1,0,0,17,94,0
C083,15,1,1,39.3,0,1,0,0,24,39,0
C083,16,3,0,113.5,1,0,1,0,29,62,0
C083,17,3,3,111.4,2,0,2,0,22,49,0
C083,18,2,1,63.6,1,0,0,0,20,46,0
C083,19,2,0,51.1,2,2,0,0,16,61,0
C083,20,3,2,51.6,0,0,2,0,29,85,0
C083,21,3,1,106.1,1,1,2,0,16,66,0
C083,22,2,2,22.4,0,0,2,0,25,49,0
C083,23,0,0,0.0,0,0,0,0,32,58,0
C083,24,6,4,134.9,1,0,0,0,21,28,0
C083,25,6,3,133.3,0,0,1,0,22,27,0
C083,26,2,2,85.2,0,1,0,0,20,88,0
C083,27,4,0,121.5,2,0,0,0,17,92,0
C083,28,2,2,30.6,1,0,1,0,24,100,0
C083,29,1,0,16.7,2,0,0,0,27,77,0
C083,30,5,1,23.7,4,0,1,0,14,63,0
C083,31,3,1,94.2,2,0,0,0,37,96,0
C083,32,4,2,92.3,2,1,0,0,45,72,1
C084,1,6,3,144.8,2,1,1,0,19,41,0
C084,2,8,3,296.8,7,6,4,0,13,79,0
C084,3,7,3,228.9,4,3,0,0,9,98,0
C084,4,5,5,128.2,1,0,1,0,16,90,0
C084,5,4,3,67.0,2,1,1,0,24,42,0
C084,6,3,1,97.3,2,2,1,0,16,46,0
C084,7,5,3,138.1,1,0,2,0,14,68,0
C084,8,8,4,235.5,6,3,4,0,18,32,0
C084,9,5,3,93.8,2,2,0,0,24,47,0
C084,10,9,4,326.9,4,2,2,0,12,15,0
C084,11,6,4,136.3,3,1,5,0,14,60,0
C084,12,9,2,264.5,5,2,2,0,14,46,0
C084,13,5,3,115.5,1,1,1,0,33,25,0
C084,14,4,3,122.4,4,3,1,0,22,48,0
C084,15,8,7,400.0,3,1,3,0,11,31,0
C084,16,11,6,387.1,9,5,5,0,10,27,0
C084,17,6,2,132.4,4,1,1,0,13,32,0
C084,18,15,7,356.1,10,4,7,0,7,41,0
C084,19,2,0,39.6,0,1,1,0,18,52,0
C084,20,5,0,152.1,1,1,1,0,16,70,0
C084,21,4,2,123.3,1,1,1,0,20,78,0
C084,22,11,4,257.8,6,3,4,0,7,103,0
C084,23,7,4,232.1,3,2,3,0,30,96,0
C084,24,7,3,250.9,5,3,1,0,14,98,0
C084,25,6,3,216.7,2,0,3,0,24,75,0
C084,26,8,6,244.9,1,1,4,0,9,95,0
C084,27,4,0,84.9,3,0,1,0,15,76,0
C084,28,8,2,269.0,3,1,5,0,16,95,0
C084,29,14,7,501.0,6,4,2,0,12,51,0
C084,30,6,4,236.1,5,5,5,0,41,93,0
C084,31,8,2,232.8,5,4,3,0,10,30,0
C084,32,9,4,269.9,5,1,5,0,12,27,0
C085,1,13,7,333.6,2,0,2,0,25,54,0
C085,2,11,5,303.0,3,1,7,0,22,82,0
C085,3,7,4,178.6,2,0,1,0,17,38,0
C085,4,8,4,208.0,2,1,3,0,15,91,0
C085,5,8,3,235.0,3,0,6,0,18,27,0
C085,6,11,7,539.4,3,1,4,0,8,28,0
C085,7,7,3,244.1,4,1,6,0,31,71,0
C085,8,19,7,349.6,6,3,4,0,2,56,0
C085,9,12,5,336.8,6,2,3,0,14,80,0
C085,10,16,7,332.4,6,3,8,0,5,21,0
C085,11,11,5,475.6,4,2,6,0,14,52,0
C085,12,10,5,196.5,3,0,4,0,23,95,0
C085,13,8,4,165.0,4,0,1,0,19,18,0
C085,14,7,5,160.3,2,0,2,0,14,83,0
C085,15,6,3,152.8,5,1,1,0,18,12,0
C085,16,9,5,318.9,4,2,3,0,13,13,0
C085,17,8,5,177.9,2,0,2,0,11,43,0
C085,18,16,7,338.0,6,3,4,0,6,37,0
C085,19,10,6,221.1,3,1,3,0,16,55,0
C085,20,12,7,265.8,6,2,3,0,15,54,0
C085,21,7,3,121.5,0,0,2,0,26,31,0
C085,22,14,6,252.9,4,0,7,0,2,101,0
C085,23,10,6,235.5,0,0,7,0,7,47,0
C085,24,14,6,429.9,9,1,5,0,24,19,0
C085,25,6,4,231.0,3,0,0,0,14,34,0
C085,26,8,2,347.8,4,0,3,0,21,63,0
C085,27,14,7,590.2,6,1,3,1,6,104,0
C085,28,6,4,142.2,3,1,1,0,13,36,0
C085,29,5,4,104.7,3,1,5,0,13,27,0
C085,30,11,5,231.6,4,2,5,0,14,91,0
C085,31,12,5,407.2,4,1,3,0,11,36,0
C085,32,11,7,206.7,4,1,5,0,15,14,1
C086,1,18,7,504.3,15,6,9,0,5,96,0
C086,2,14,7,438.8,9,5,6,0,6,47,0
C086,3,11,5,303.9,7,3,5,0,14,66,0
C086,4,17,6,421.8,9,8,9,0,2,91,0
C086,5,14,7,532.9,7,5,5,1,22,32,0
C086,6,9,4,256.3,3,1,1,0,19,58,0
C086,7,16,4,412.7,8,5,7,0,5,63,0
C086,8,16,7,376.4,9,4,8,0,16,12,0
C086,9,8,7,211.0,2,2,1,0,15,53,0
C086,10,15,6,364.1,8,5,2,0,8,37,0
C086,11,22,7,558.2,9,3,4,0,3,49,0
C086,12,11,6,302.1,4,4,1,0,16,70,0
C086,13,13,7,209.2,6,3,2,0,6,59,0
C086,14,7,5,283.9,4,3,4,0,17,39,0
C086,15,13,6,262.7,8,3,7,0,10,46,0
C086,16,9,4,228.3,6,4,4,0,20,31,0
C086,17,11,6,344.6,10,5,8,0,5,21,0
C086,18,19,7,457.6,11,6,5,0,7,102,0
C086,19,18,6,455.3,9,2,5,0,2,86,0
C086,20,13,7,268.9,11,3,2,0,14,17,0
C086,21,11,4,296.2,7,1,4,0,16,63,0
C086,22,17,5,424.6,2,1,4,0,3,16,0
C086,23,9,6,286.6,2,1,1,0,11,72,0
C086,24,10,5,271.6,3,1,4,0,15,86,0
C086,25,13,6,449.1,3,3,3,0,5,84,0
C086,26,10,5,322.3,7,4,3,0,12,57,0
C086,27,17,7,379.1,7,2,4,0,2,78,0
C086,28,13,7,453.2,6,4,9,0,10,81,0
C086,29,20,7,567.3,15,6,2,0,4,47,0
C086,30,12,6,319.4,2,1,1,0,9,46,0
C086,31,16,6,334.6,10,4,4,0,4,78,0
C086,32,14,7,496.5,8,3,4,0,7,79,0
C087,1,10,3,357.2,3,2,5,1,33,79,0
C087,2,11,6,255.1,5,3,4,0,12,77,0
C087,3,10,5,457.9,4,2,1,0,22,87,0
C087,4,16,5,459.7,3,2,5,0,3,49,0
C087,5,11,5,395.0,5,3,3,0,8,40,0
C087,6,19,6,408.3,14,6,5,0,5,24,0
C087,7,11,6,403.2,4,0,5,0,9,77,0
C087,8,10,6,348.7,7,2,5,0,27,21,0
C087,9,11,5,497.6,3,3,3,0,9,54,0
C087,10,8,4,279.9,1,0,1,0,13,41,0
C087,11,18,7,377.8,7,3,3,0,15,45,0
C087,12,16,6,385.0,5,2,5,0,4,85,0
C087,13,10,6,170.4,5,1,6,0,24,87,0
C087,14,17,7,370.1,7,4,5,0,3,14,0
C087,15,19,7,490.3,8,5,7,0,9,31,0
C087,16,6,5,153.5,2,2,2,0,23,88,0
C087,17,12,6,290.4,3,0,6,0,6,45,0
C087,18,19,7,701.6,9,3,5,0,9,102,0
C087,19,11,6,303.1,6,4,5,1,16,47,0
C087,20,11,5,342.9,4,3,3,0,5,52,0
C087,21,10,6,320.1,3,1,5,0,19,82,0
C087,22,22,7,733.8,12,4,9,1,8,82,0
C087,23,17,6,662.3,9,8,5,0,8,64,0
C087,24,10,4,260.0,5,4,5,0,40,37,0
C087,25,20,6,550.3,8,6,7,0,3,37,0
C087,26,13,6,365.5,7,4,4,0,7,41,0
C087,27,12,6,194.9,4,0,4,0,23,33,0
C087,28,15,7,483.5,9,6,6,0,4,35,0
C087,29,7,3,304.4,8,0,2,0,23,56,0
C087,30,14,7,535.9,7,4,4,0,9,38,0
C087,31,7,4,220.4,5,2,3,0,13,70,0
C087,32,6,3,221.0,3,1,5,0,20,101,1
C088,1,13,6,287.1,2,1,5,0,10,44,0
C088,2,7,1,206.3,1,0,3,0,13,44,0
C088,3,8,3,247.7,8,1,2,0,11,89,0
C088,4,5,2,106.0,6,2,2,0,15,52,0
C088,5,12,6,381.5,3,2,5,0,16,76,0
C088,6,7,3,289.7,2,1,0,0,22,37,0
C088,7,11,6,469.0,7,1,5,0,10,64,0
C088,8,16,7,487.7,5,2,2,0,4,89,0
C088,9,8,7,242.3,6,2,1,0,13,29,0
C088,10,6,2,151.0,2,0,2,0,18,52,0
C088,11,10,4,248.4,2,1,3,0,15,38,0
C088,12,4,2,106.5,4,0,3,0,15,83,0
C088,13,8,3,196.8,2,1,3,0,14,71,0
C088,14,7,2,212.9,5,0,3,0,11,62,0
C088,15,11,6,375.2,4,2,5,0,10,51,0
C088,16,7,3,239.9,5,1,2,0,21,44,0
C088,17,9,5,267.6,2,2,3,0,26,86,0
C088,18,9,4,137.7,2,0,1,0,17,51,0
C088,19,8,3,224.6,5,2,6,0,28,34,0
C088,20,8,2,196.0,3,0,3,0,9,46,0
C088,21,6,2,121.0,1,0,2,0,20,90,0
C088,22,5,3,252.0,1,0,2,0,19,45,0
C088,23,4,3,84.2,0,0,3,0,16,103,0
C088,24,5,3,119.0,3,0,2,0,22,54,0
C088,25,6,6,226.9,7,2,5,0,13,17,0
C088,26,4,1,160.3,1,0,2,0,16,58,0
C088,27,1,1,43.6,2,1,0,0,25,55,0
C088,28,6,4,140.1,1,1,1,0,48,70,0
C088,29,5,0,148.7,1,0,2,0,34,101,0
C088,30,7,3,182.5,2,0,6,0,19,104,0
C088,31,1,0,72.9,0,0,1,0,19,90,0
C088,32,3,0,72.7,1,0,0,0,32,96,1
C089,1,10,5,353.7,5,3,8,0,13,18,0
C089,2,9,4,278.0,3,2,2,0,19,103,0
C089,3,9,3,315.6,5,1,6,0,27,96,0
C089,4,14,7,353.7,6,2,5,0,14,66,0
C089,5,10,5,354.1,4,3,3,0,9,45,0
C089,6,6,3,147.4,1,1,2,0,15,89,0
C089,7,9,4,246.6,3,1,4,0,7,46,0
C089,8,11,7,296.2,2,2,6,0,7,87,0
C089,9,5,3,67.4,3,2,4,0,39,57,0
C089,10,3,0,52.5,1,1,0,0,18,50,0
C089,11,7,2,163.2,3,1,0,0,17,26,0
C089,12,7,4,213.7,3,2,4,0,19,48,0
C089,13,7,4,160.4,0,0,3,0,13,82,0
C089,14,13,6,367.3,5,1,5,0,15,49,0
C089,15,8,2,247.4,3,1,3,0,12,41,0
C089,16,6,4,189.2,1,0,3,0,16,25,0
C089,17,5,4,139.8,4,0,1,0,20,19,0
C089,18,9,4,282.4,4,0,1,1,10,58,0
C089,19,10,6,316.4,4,2,2,0,11,88,0
C089,20,6,3,140.7,2,1,2,0,16,64,0
C089,21,8,5,224.5,2,2,1,0,18,24,0
C089,22,9,4,193.3,3,2,5,0,26,16,0
C089,23,9,6,243.2,4,2,4,0,31,76,0
C089,24,17,7,496.3,10,6,8,0,12,18,0
C089,25,9,4,284.8,10,7,1,0,13,101,0
C089,26,16,6,365.5,9,4,5,0,4,26,0
C089,27,3,1,64.7,3,0,0,0,34,72,0
C089,28,3,0,103.0,1,1,2,0,25,78,0
C089,29,11,6,286.0,1,1,3,0,9,70,0
C089,30,7,2,101.5,1,1,5,0,11,74,0
C089,31,11,5,406.2,10,4,3,0,13,84,0
C089,32,9,5,220.2,0,0,4,0,12,88,0
C090,1,5,3,79.3,3,1,0,0,22,33,0
C090,2,8,6,241.0,3,2,1,0,23,41,0
C090,3,11,6,410.1,4,2,4,0,9,17,0
C090,4,8,4,303.7,3,2,4,0,9,94,0
C090,5,3,2,112.2,2,0,1,0,39,55,0
C090,6,11,5,248.5,2,0,5,0,9,52,0
C090,7,5,2,161.1,3,0,0,1,13,63,0
C090,8,8,4,141.0,4,1,3,0,17,40,0
C090,9,9,6,303.7,5,3,5,0,15,78,0
C090,10,7,3,328.7,2,0,1,0,23,66,0
C090,11,6,4,80.9,5,1,4,0,16,17,0
C090,12,4,2,55.2,3,0,0,0,17,64,0
C090,13,7,6,214.3,3,0,2,0,35,104,0
C090,14,13,6,305.6,3,1,2,1,32,59,0
C090,15,1,1,42.9,0,0,0,0,23,13,0
C090,16,2,1,57.9,0,1,0,0,23,58,0
C090,17,6,1,151.6,4,0,2,0,25,45,0
C090,18,6,4,169.4,1,0,1,1,14,15,0
C090,19,5,2,165.1,4,0,1,0,19,19,0
C090,20,8,5,256.4,4,4,4,0,11,97,0
C090,21,6,4,239.0,5,1,0,0,15,65,0
C090,22,7,5,194.0,3,0,3,0,17,15,0
C090,23,1,3,49.2,0,0,0,0,19,84,0
C090,24,1,1,43.3,1,0,0,1,33,38,0
C090,25,2,1,23.2,1,0,0,0,33,95,0
C090,26,0,1,20.0,0,0,0,1,31,59,0
C090,27,0,0,24.4,0,0,0,1,33,16,0
C090,28,0,0,0.0,0,0,0,0,45,102,0
C090,29,2,1,70.5,0,0,2,1,22,45,0
C090,30,1,0,51.8,1,0,1,0,28,103,0
C090,31,1,1,24.5,0,0,0,0,25,84,0
C090,32,0,0,4.2,0,0,0,0,52,58,0
C091,1,3,1,15.0,3,2,0,0,22,63,0
C091,2,4,1,138.9,1,0,3,0,34,30,0
C091,3,5,2,161.5,0,1,2,0,23,58,0
C091,4,6,4,134.6,2,0,3,0,13,40,0
C091,5,2,1,60.4,0,0,0,0,20,83,0
C091,6,5,3,195.1,4,0,1,0,15,95,0
C091,7,3,1,133.1,2,1,1,0,20,41,0
C091,8,4,4,105.6,0,0,1,0,25,49,0
C091,9,7,4,201.9,3,1,2,0,33,40,0
C091,10,5,3,165.8,2,0,0,0,16,31,0
C091,11,5,2,154.7,6,2,2,0,30,25,0
C091,12,3,1,82.5,0,0,4,0,22,91,0
C091,13,9,4,196.4,2,1,2,0,12,71,0
C091,14,4,4,161.9,2,1,0,0,20,67,0
C091,15,5,2,130.6,7,3,1,0,18,21,0
C091,16,2,2,80.6,0,0,1,0,24,70,0
C091,17,6,2,44.5,5,1,1,0,17,46,0
C091,18,7,5,106.6,3,1,5,0,19,33,0
C091,19,6,3,181.0,2,2,2,0,19,72,0
C091,20,3,1,98.5,3,1,1,0,23,41,0
C091,21,9,4,259.6,5,1,2,0,19,70,0
C091,22,3,0,102.5,3,2,0,0,21,19,0
C091,23,6,4,155.8,1,1,2,0,25,54,0
C091,24,6,4,142.6,4,3,3,0,13,76,0
C091,25,8,3,216.3,6,3,0,0,13,22,0
C091,26,5,1,98.0,2,0,2,0,14,57,0
C091,27,7,5,239.9,5,2,3,0,15,75,0
C091,28,9,5,127.3,1,1,1,0,9,98,0
C091,29,8,5,266.8,1,0,1,0,13,73,0
C091,30,5,2,118.3,2,1,0,0,13,27,0
C091,31,6,1,187.2,2,1,0,0,12,100,0
C091,32,5,2,122.9,3,0,1,0,24,15,0
C092,1,6,4,108.5,2,0,0,0,24,93,0
C092,2,7,2,248.4,1,0,2,0,13,76,0
C092,3,5,3,169.7,5,1,2,0,26,61,0
C092,4,5,2,50.9,3,1,3,1,23,101,0
C092,5,3,1,135.2,2,0,1,0,21,27,0
C092,6,1,0,7.6,0,1,0,0,20,82,0
C092,7,7,2,138.4,3,1,1,0,27,30,0
C092,8,11,6,242.9,2,0,4,0,6,68,0
C092,9,6,2,118.6,2,0,2,0,20,51,0
C092,10,8,6,282.8,4,3,2,0,21,19,0
C092,11,15,6,187.5,8,3,8,0,12,32,0
C092,12,10,7,361.4,7,2,4,0,18,16,0
C092,13,13,6,348.4,10,4,2,0,13,55,0
C092,14,5,1,65.1,2,1,2,0,29,12,0
C092,15,11,6,223.9,12,1,4,1,12,68,0
C092,16,6,3,162.6,1,0,0,0,17,91,0
C092,17,4,3,118.5,0,0,1,0,23,12,0
C092,18,5,3,190.3,5,0,1,0,12,103,0
C092,19,4,4,107.4,0,0,1,0,20,93,0
C092,20,12,7,100.4,2,1,1,0,20,84,0
C092,21,3,1,114.0,1,1,0,0,23,96,0
C092,22,9,3,298.8,3,1,3,0,8,97,0
C092,23,9,4,276.5,5,2,5,0,14,94,0
C092,24,10,4,154.4,5,1,2,0,23,19,0
C092,25,7,3,208.4,2,1,3,0,15,15,0
C092,26,5,2,185.4,2,0,0,0,36,84,0
C092,27,12,7,266.6,5,1,5,0,22,88,0
C092,28,7,4,291.4,3,0,1,0,15,46,0
C092,29,4,2,145.4,0,1,1,0,25,83,0
C092,30,9,4,276.0,2,1,2,0,26,74,0
C092,31,14,7,449.3,8,3,6,0,6,98,0
C092,32,14,7,453.5,6,4,6,0,9,16,0
C093,1,7,2,251.7,2,0,3,0,23,31,0
C093,2,8,5,341.6,3,2,5,0,12,74,0
C093,3,6,4,137.9,2,0,3,0,27,38,0
C093,4,7,4,264.7,4,0,4,0,14,81,0
C093,5,9,5,227.4,5,0,6,0,38,85,0
C093,6,5,5,127.8,2,1,0,0,18,94,0
C093,7,2,0,43.5,1,1,0,0,22,38,0
C093,8,3,2,81.0,1,0,1,0,29,46,0
C093,9,9,4,234.6,2,0,9,0,9,43,0
C093,10,7,5,200.1,2,1,1,0,14,102,0
C093,11,8,3,229.9,2,0,4,0,11,83,0
C093,12,9,4,309.2,2,1,2,0,8,58,0
C093,13,4,3,105.6,2,0,1,0,16,78,0
C093,14,4,3,114.9,2,1,2,0,22,43,0
C093,15,6,4,193.5,3,0,4,0,10,38,0
C093,16,4,2,97.5,4,1,1,0,34,93,0
C093,17,3,4,132.9,0,1,3,0,18,65,0
C093,18,3,1,74.9,1,0,0,0,15,59,0
C093,19,7,5,179.7,0,0,2,0,12,41,0
C093,20,1,0,33.8,1,0,1,0,26,65,0
C093,21,2,1,92.5,0,0,0,0,21,26,0
C093,22,3,1,127.4,0,0,0,0,19,96,0
C093,23,3,0,68.5,0,1,0,0,24,33,0
C093,24,3,1,103.5,2,0,0,0,29,40,0
C093,25,1,0,57.6,0,0,2,0,17,101,0
C093,26,0,1,0.0,0,0,0,0,30,68,0
C093,27,2,2,55.7,1,0,3,0,26,71,0
C093,28,0,0,7.9,1,1,0,0,29,82,0
C093,29,3,2,82.3,0,0,0,0,27,79,0
C093,30,1,1,5.5,0,0,0,0,23,61,0
C093,31,0,0,10.8,0,0,0,0,37,67,0
C093,32,0,0,0.0,1,0,0,0,31,76,1
C094,1,10,3,232.6,3,2,3,0,14,28,0
C094,2,12,5,292.7,3,2,3,0,12,95,0
C094,3,10,4,318.3,8,4,1,0,16,82,0
C094,4,14,7,245.8,5,1,7,1,9,27,0
C094,5,8,4,232.2,4,3,4,0,12,34,0
C094,6,6,5,148.0,1,1,3,0,24,101,0
C094,7,8,3,191.8,2,2,3,0,9,60,0
C094,8,9,4,161.4,1,0,6,0,19,25,0
C094,9,9,4,223.7,7,4,5,0,13,79,0
C094,10,20,7,584.0,11,5,4,0,10,52,0
C094,11,15,7,583.8,4,2,4,0,9,48,0
C094,12,12,6,562.1,4,4,3,0,21,71,0
C094,13,12,4,436.4,9,5,6,0,6,77,0
C094,14,7,3,161.1,2,1,1,0,23,39,0
C094,15,6,3,173.9,4,1,0,0,23,23,0
C094,16,8,4,154.3,2,1,4,0,9,23,0
C094,17,7,4,141.2,5,3,1,0,26,50,0
C094,18,5,3,107.3,2,2,1,0,23,76,0
C094,19,8,4,244.4,5,1,5,0,34,84,0
C094,20,6,4,115.9,1,0,1,0,17,63,0
C094,21,10,7,337.4,5,4,2,0,8,28,0
C094,22,10,7,300.0,3,2,4,0,12,95,0
C094,23,8,4,336.9,1,0,2,0,19,94,0
C094,24,14,5,422.5,3,1,2,0,3,66,0
C094,25,10,6,184.5,5,2,3,0,13,27,0
C094,26,8,4,269.6,4,1,2,0,15,100,0
C094,27,3,1,86.5,1,1,1,0,21,66,0
C094,28,4,3,113.1,2,1,3,0,23,37,0
C094,29,7,6,178.4,2,0,1,0,28,79,0
C094,30,2,1,60.8,0,1,0,0,30,82,0
C094,31,9,4,114.0,5,1,2,0,12,39,0
C094,32,5,4,42.5,1,0,1,1,21,45,1
C095,1,16,7,420.8,11,3,9,0,9,94,0
C095,2,19,7,538.0,12,3,7,0,17,40,0
C095,3,9,4,373.4,7,1,3,0,35,62,0
C095,4,9,2,164.2,4,1,4,0,17,81,0
C095,5,12,6,444.7,4,1,4,0,11,82,0
C095,6,10,6,195.7,6,2,4,0,9,85,0
C095,7,13,7,513.1,7,2,5,0,8,76,0
C095,8,10,6,417.2,5,1,4,0,13,37,0
C095,9,12,5,268.2,7,2,6,0,12,92,0
C095,10,10,3,385.6,5,0,4,0,10,18,0
C095,11,8,6,167.2,2,0,2,0,14,16,0
C095,12,14,7,439.6,4,0,4,0,28,54,0
C095,13,7,2,182.8,7,3,1,0,22,66,0
C095,14,11,6,225.5,5,0,3,0,14,52,0
C095,15,8,3,268.0,6,1,0,1,15,70,0
C095,16,8,4,147.9,1,0,1,0,15,44,0
C095,17,9,3,207.9,4,0,1,0,12,83,0
C095,18,9,4,204.6,6,0,5,0,10,28,0
C095,19,6,3,90.4,1,0,2,0,20,29,0
C095,20,3,1,41.8,0,0,4,0,19,21,0
C095,21,13,5,265.8,4,1,5,0,8,48,0
C095,22,5,3,160.8,1,0,1,0,19,55,0
C095,23,6,2,95.5,2,0,0,0,16,96,0
C095,24,7,4,253.6,1,0,5,0,12,16,0
C095,25,6,3,143.2,3,0,0,0,12,26,0
C095,26,6,2,198.1,5,1,0,0,16,94,0
C095,27,6,3,175.4,0,0,1,0,17,16,0
C095,28,4,1,126.6,1,0,1,0,14,85,0
C095,29,5,0,212.6,5,3,0,0,18,65,0
C095,30,12,5,311.6,6,2,1,0,9,80,0
C095,31,2,0,62.0,1,0,0,0,18,96,0
C095,32,6,6,124.0,5,1,0,0,23,34,1
C096,1,5,4,168.9,0,1,2,0,16,60,0
C096,2,2,1,53.0,0,0,0,1,33,40,0
C096,3,10,5,269.0,10,1,1,0,22,42,0
C096,4,2,1,70.3,0,1,0,0,21,51,0
C096,5,5,5,170.2,1,0,5,0,12,39,0
C096,6,4,2,167.0,2,0,0,0,22,27,0
C096,7,4,1,101.0,3,0,3,1,20,47,0
C096,8,4,5,116.2,3,1,4,0,19,21,0
C096,9,4,1,93.8,2,0,0,1,19,41,0
C096,10,3,0,134.8,0,0,0,0,16,79,0
C096,11,7,3,207.7,4,0,4,0,15,38,0
C096,12,5,4,123.3,1,0,1,0,35,18,0
C096,13,7,6,254.5,4,1,2,0,13,77,0
C096,14,5,2,133.8,1,1,2,0,20,58,0
C096,15,11,6,239.4,9,2,3,1,8,56,0
C096,16,8,4,118.5,4,0,2,0,9,24,0
C096,17,9,4,203.5,4,1,7,1,19,19,0
C096,18,5,1,154.4,2,0,1,1,29,76,0
C096,19,11,7,260.2,3,1,5,0,7,79,0
C096,20,6,3,189.8,1,0,2,1,12,48,0
C096,21,3,2,100.8,3,1,0,1,27,14,0
C096,22,2,2,58.9,0,0,0,0,32,46,0
C096,23,3,1,93.2,2,0,1,0,23,76,0
C096,24,1,0,41.5,0,0,0,1,24,12,0
C096,25,1,0,0.0,0,0,0,0,36,89,0
C096,26,0,0,3.0,0,0,0,0,61,75,0
C096,27,0,0,65.0,0,0,0,0,40,78,0
C096,28,0,0,19.0,0,0,0,0,36,36,0
C096,29,1,2,46.7,1,0,0,0,20,57,0
C096,30,0,2,14.1,0,0,0,0,38,21,0
C096,31,0,0,0.0,0,1,0,0,39,24,0
C096,32,0,0,0.0,0,0,0,0,29,41,0
C097,1,6,2,58.3,2,0,0,1,22,84,0
C097,2,8,4,338.0,1,0,0,0,12,94,0
C097,3,13,6,414.0,7,0,9,0,13,55,0
C097,4,8,5,178.0,5,2,2,0,17,60,0
C097,5,5,2,112.2,4,4,0,0,24,94,0
C097,6,6,3,159.9,5,3,2,0,23,97,0
C097,7,4,2,103.7,1,1,1,0,18,24,0
C097,8,10,6,248.1,6,1,2,0,12,40,0
C097,9,10,5,242.3,6,0,6,0,12,99,0
C097,10,8,3,290.4,4,1,5,0,11,71,0
C097,11,8,3,367.9,4,0,3,0,13,41,0
C097,12,3,0,56.7,2,0,1,0,17,78,0
C097,13,5,1,181.3,1,0,2,0,18,40,0
C097,14,2,0,24.9,2,1,3,0,19,52,0
C097,15,6,3,158.3,4,0,1,0,16,35,0
C097,16,10,7,228.0,6,0,4,0,9,55,0
C097,17,3,3,95.4,2,0,0,0,26,68,0
C097,18,4,1,140.7,0,0,0,0,16,61,0
C097,19,5,4,168.6,6,0,1,0,13,81,0
C097,20,1,1,27.0,2,0,0,0,25,73,0
C097,21,5,3,108.3,3,1,1,0,22,35,0
C097,22,1,0,40.6,0,0,0,0,32,63,0
C097,23,1,1,65.0,0,0,1,0,24,47,0
C097,24,1,0,46.0,1,0,0,0,20,19,0
C097,25,2,0,50.6,0,0,1,0,17,72,0
C097,26,0,0,12.9,0,0,0,0,35,87,0
C097,27,1,1,14.1,0,1,0,0,43,48,0
C097,28,2,1,28.5,1,1,1,0,24,75,0
C097,29,0,0,0.0,0,1,0,0,37,60,0
C097,30,1,0,40.5,0,0,0,0,26,37,0
C097,31,1,0,12.6,0,0,0,0,21,59,0
C097,32,0,0,0.0,0,0,0,0,33,41,1
C098,1,3,1,101.5,2,2,1,1,16,69,0
C098,2,0,1,2.9,0,1,1,0,29,40,0
C098,3,0,1,7.3,0,1,1,0,35,50,0
C098,4,3,0,106.6,0,1,3,0,18,47,0
C098,5,2,0,54.9,1,1,1,0,18,78,0
C098,6,3,1,66.3,0,0,0,0,21,12,0
C098,7,6,2,92.3,3,0,0,0,21,91,0
C098,8,7,1,185.4,2,1,0,0,24,23,0
C098,9,1,0,28.6,0,0,0,0,19,99,0
C098,10,7,3,185.5,5,1,1,0,14,90,0
C098,11,7,4,330.3,2,0,0,0,21,56,0
C098,12,1,0,19.2,0,1,0,0,19,54,0
C098,13,6,5,208.4,1,0,2,0,15,84,0
C098,14,1,1,48.0,0,1,0,0,19,36,0
C098,15,1,0,29.5,0,1,0,0,27,87,0
C098,16,5,3,127.2,1,1,3,0,19,95,0
C098,17,4,1,120.5,3,0,2,0,20,81,0
C098,18,4,3,97.6,1,0,1,0,23,57,0
C098,19,2,0,53.4,0,1,1,1,36,53,0
C098,20,5,4,127.5,0,1,2,0,18,34,0
C098,21,9,4,240.2,9,4,7,0,13,80,0
C098,22,2,2,55.3,5,2,0,0,33,34,0
C098,23,4,1,122.1,0,0,1,0,27,28,0
C098,24,1,0,19.5,0,1,1,0,17,74,0
C098,25,4,0,103.2,3,3,2,0,20,60,0
C098,26,2,1,75.4,2,2,1,0,23,97,0
C098,27,4,3,96.8,3,1,2,0,14,63,0
C098,28,3,0,71.9,1,0,1,0,17,29,0
C098,29,5,1,174.2,2,1,1,0,17,63,0
C098,30,5,0,190.5,1,0,1,0,14,34,0
C098,31,2,3,62.0,2,0,3,0,20,98,0
C098,32,7,3,193.0,3,0,4,0,16,30,0
C099,1,13,6,409.7,5,1,4,0,7,53,0
C099,2,7,4,215.2,3,1,2,0,22,100,0
C099,3,14,6,286.9,8,3,4,0,17,85,0
C099,4,10,6,358.4,6,1,3,0,11,102,0
C099,5,10,7,276.6,5,0,2,0,18,18,0
C099,6,18,6,622.8,8,1,10,0,6,73,0
C099,7,15,6,436.5,9,1,7,0,7,71,0
C099,8,15,7,390.9,4,1,5,0,22,39,0
C099,9,15,7,421.0,5,1,6,0,11,37,0
C099,10,9,3,236.8,4,1,3,0,29,59,0
C099,11,14,7,399.8,8,2,4,0,1,15,0
C099,12,7,4,226.6,5,0,0,0,16,68,0
C099,13,8,4,147.6,4,0,5,0,14,98,0
C099,14,19,6,633.0,5,0,4,0,7,73,0
C099,15,10,3,205.6,1,0,2,0,19,83,0
C099,16,10,5,314.2,6,3,1,0,9,22,0
C099,17,15,7,643.9,8,0,5,0,6,21,0
C099,18,12,7,308.4,10,2,5,0,19,32,0
C099,19,19,5,561.6,8,4,6,0,2,22,0
C099,20,16,5,330.4,9,0,7,0,11,55,0
C099,21,17,7,581.5,7,2,7,0,4,36,0
C099,22,13,7,362.3,4,1,1,0,7,41,0
C099,23,6,3,169.0,1,0,1,0,20,75,0
C099,24,17,6,297.4,3,1,5,0,9,83,0
C099,25,15,7,406.2,4,1,3,0,20,43,0
C099,26,9,5,277.1,2,1,2,0,10,15,0
C099,27,10,5,320.1,4,2,3,0,7,22,0
C099,28,21,7,684.3,11,1,7,0,5,64,0
C099,29,14,6,660.8,6,1,5,0,8,35,0
C099,30,15,7,260.7,10,1,6,0,5,57,0
C099,31,14,6,458.9,13,4,5,0,8,42,0
C099,32,15,4,325.4,11,1,5,0,7,28,0
C100,1,9,5,251.7,7,1,3,0,29,31,0
C100,2,19,7,603.3,9,5,5,0,4,27,0
C100,3,8,4,139.7,5,1,5,0,12,43,0
C100,4,12,5,448.5,6,3,2,0,9,44,0
C100,5,12,4,243.9,4,2,7,0,26,29,0
C100,6,11,2,378.1,5,3,3,0,9,49,0
C100,7,8,4,282.4,5,2,2,0,16,23,0
C100,8,13,4,477.9,7,3,5,0,11,27,0
C100,9,8,4,319.2,6,3,4,0,16,61,0
C100,10,11,7,292.2,4,0,6,0,15,49,0
C100,11,18,7,365.4,11,5,9,0,11,31,0
C100,12,9,4,216.5,2,1,1,0,12,101,0
C100,13,9,5,186.9,8,5,3,1,23,87,0
C100,14,4,1,141.4,0,1,1,0,22,29,0
C100,15,11,4,194.0,5,3,2,0,15,93,0
C100,16,11,6,302.1,6,3,3,0,5,58,0
C100,17,15,6,462.6,7,3,5,0,2,91,0
C100,18,3,2,103.9,1,0,1,0,24,23,0
C100,19,9,4,229.7,3,1,3,0,15,99,0
C100,20,9,5,275.1,6,3,2,0,21,90,0
C100,21,8,2,328.1,2,2,5,0,24,72,0
C100,22,9,4,219.3,2,0,1,0,20,31,0
C100,23,8,4,192.7,5,3,2,0,19,16,0
C100,24,8,5,268.9,4,2,1,0,26,34,0
C100,25,16,6,506.6,8,2,8,0,16,17,0
C100,26,13,7,311.8,1,1,6,0,15,103,0
C100,27,10,5,353.2,4,1,2,0,19,30,0
C100,28,13,6,289.4,4,1,2,0,7,88,0
C100,29,13,6,380.6,7,4,7,0,34,33,0
C100,30,16,7,253.3,10,2,9,0,15,88,0
C100,31,19,6,363.9,16,8,8,0,1,47,0
C100,32,13,6,370.2,5,2,7,0,17,48,1
C101,1,7,4,176.9,2,2,0,0,17,94,0
C101,2,4,3,70.1,2,1,3,0,29,56,0
C101,3,3,1,96.3,3,2,0,0,23,87,0
C101,4,6,5,154.3,2,0,4,0,12,75,0
C101,5,4,3,99.7,3,0,0,0,23,24,0
C101,6,3,2,84.3,2,1,2,0,29,45,0
C101,7,6,3,219.9,3,1,3,0,20,93,0
C101,8,4,2,92.7,2,1,3,0,19,73,0
C101,9,6,5,153.2,4,1,4,0,15,92,0
C101,10,8,4,186.7,2,0,1,0,19,29,0
C101,11,2,0,48.1,0,0,1,1,25,63,0
C101,12,2,1,0.0,1,0,1,0,19,75,0
C101,13,1,0,42.0,1,0,0,0,40,17,0
C101,14,1,1,29.9,0,0,0,0,53,100,0
C101,15,2,2,74.1,2,1,0,0,30,37,0
C101,16,3,1,67.2,2,1,0,0,16,62,0
C101,17,3,1,90.8,1,0,4,0,21,59,0
C101,18,2,2,28.1,1,1,1,0,20,104,0
C101,19,1,1,0.0,0,0,0,0,18,19,0
C101,20,1,1,22.8,0,0,1,0,22,69,0
C101,21,1,1,23.4,0,0,0,0,23,77,0
C101,22,1,0,25.3,1,0,0,1,26,57,0
C101,23,0,0,0.0,0,0,0,0,39,78,0
C101,24,5,2,165.3,1,0,0,0,16,25,0
C101,25,1,2,47.5,0,0,1,0,27,17,0
C101,26,7,3,165.7,1,0,1,0,14,28,0
C101,27,7,3,141.8,5,1,4,0,18,18,0
C101,28,5,0,139.3,3,0,1,0,17,74,0
C101,29,6,4,137.2,1,0,4,0,11,62,0
C101,30,1,0,26.5,2,1,1,0,19,49,0
C101,31,5,4,136.6,1,1,3,0,27,18,0
C101,32,4,2,128.7,2,0,0,0,16,78,0
C102,1,9,5,257.4,5,2,3,0,9,100,0
C102,2,10,5,329.4,4,0,2,0,10,20,0
C102,3,9,3,228.3,8,1,4,0,13,68,0
C102,4,7,5,190.0,1,0,1,0,10,17,0
C102,5,14,6,292.3,9,2,3,0,4,30,0
C102,6,12,7,83.0,8,3,3,0,5,37,0
C102,7,9,4,271.9,2,0,3,0,18,29,0
C102,8,9,5,286.0,5,2,3,0,11,47,0
C102,9,11,3,312.5,3,0,1,0,19,32,0
C102,10,9,4,290.8,7,1,5,0,13,103,0
C102,11,9,3,201.8,5,2,4,0,12,53,0
C102,12,6,5,114.9,3,0,2,0,26,103,0
C102,13,4,1,137.7,0,0,1,0,33,18,0
C102,14,10,6,336.9,4,0,5,0,22,66,0
C102,15,7,2,187.6,2,1,0,0,16,93,0
C102,16,9,7,260.1,2,1,3,0,27,35,0
C102,17,12,6,344.1,6,1,3,0,21,66,0
C102,18,12,6,290.6,3,0,5,1,27,61,0
C102,19,13,7,297.7,9,2,8,0,11,65,0
C102,20,17,6,699.2,4,1,8,0,17,58,0
C102,21,9,4,332.9,3,1,0,0,12,43,0
C102,22,11,6,401.9,6,0,4,0,23,91,0
C102,23,10,7,204.6,5,0,3,0,15,30,0
C102,24,10,7,300.5,3,1,3,0,11,45,0
C102,25,4,0,89.6,2,0,1,0,25,81,0
C102,26,6,4,78.5,3,0,3,0,13,33,0
C102,27,10,5,363.5,6,3,2,0,11,17,0
C102,28,12,5,158.9,6,0,5,0,13,77,0
C102,29,8,4,277.0,4,0,3,0,14,97,0
C102,30,17,7,369.7,8,1,8,0,7,37,0
C102,31,16,6,438.6,7,0,9,0,4,48,0
C102,32,7,4,211.9,2,1,0,0,16,85,0
C103,1,10,5,224.0,3,1,8,0,13,19,0
C103,2,14,7,434.0,8,2,4,0,5,38,0
C103,3,17,7,637.3,8,4,4,0,10,94,0
C103,4,24,4,359.1,9,3,12,0,4,99,0
C103,5,10,5,273.4,5,2,4,1,15,23,0
C103,6,11,6,223.5,3,0,2,0,6,45,0
C103,7,10,4,291.0,10,3,4,0,11,83,0
C103,8,12,7,349.4,5,0,6,0,13,87,0
C103,9,10,5,262.4,3,0,4,0,32,47,0
C103,10,10,7,352.4,5,1,5,0,12,17,0
C103,11,16,7,295.6,8,0,9,0,8,94,0
C103,12,15,6,379.8,5,1,7,0,5,62,0
C103,13,12,6,140.5,9,3,5,0,12,101,0
C103,14,14,7,440.2,7,0,6,0,5,40,0
C103,15,11,5,346.8,6,2,3,0,11,32,0
C103,16,12,6,516.9,3,0,4,0,3,56,0
C103,17,12,6,320.9,4,1,2,0,10,19,0
C103,18,16,7,375.4,9,2,1,1,7,70,0
C103,19,7,4,162.7,1,0,0,0,13,25,0
C103,20,21,7,829.9,14,3,6,0,5,81,0
C103,21,8,4,171.5,0,0,1,0,15,62,0
C103,22,13,7,309.1,5,2,4,0,12,13,0
C103,23,11,5,269.4,3,2,2,0,14,76,0
C103,24,12,4,327.7,8,3,3,0,12,41,0
C103,25,9,6,327.2,3,0,2,0,10,69,0
C103,26,15,6,317.1,5,2,7,0,5,91,0
C103,27,10,4,185.8,2,0,6,0,40,18,0
C103,28,13,6,393.3,5,2,7,0,7,69,0
C103,29,21,6,697.2,9,1,8,0,8,77,0
C103,30,17,6,282.7,9,1,6,0,4,55,0
C103,31,14,7,487.1,5,0,4,0,5,80,0
C103,32,11,6,305.1,4,0,2,0,11,84,0
C104,1,7,2,170.3,2,1,2,0,13,62,0
C104,2,9,5,244.8,4,1,0,0,11,31,0
C104,3,6,2,172.7,2,2,0,0,13,39,0
C104,4,10,2,261.7,0,0,4,0,7,72,0
C104,5,2,2,84.1,0,0,0,0,28,57,0
C104,6,13,7,361.5,12,7,12,0,13,40,0
C104,7,5,4,106.0,0,1,3,0,16,94,0
C104,8,8,3,289.3,8,6,6,0,14,96,0
C104,9,5,3,30.8,3,1,2,0,33,60,0
C104,10,14,6,291.6,8,4,6,0,7,97,0
C104,11,8,7,248.6,2,1,2,0,16,76,0
C104,12,12,7,341.3,5,3,2,0,4,41,0
C104,13,6,1,192.4,5,2,1,0,30,12,0
C104,14,10,4,327.3,4,2,3,0,13,85,0
C104,15,6,3,164.1,1,0,2,0,12,24,0
C104,16,3,0,70.5,0,0,1,0,22,88,0
C104,17,1,1,0.0,0,1,0,0,18,78,0
C104,18,5,5,107.5,5,2,3,0,12,100,0
C104,19,5,3,90.3,4,2,2,0,15,63,0
C104,20,3,0,73.6,0,0,3,0,22,46,0
C104,21,0,1,26.0,0,1,1,1,39,52,0
C104,22,11,7,244.0,2,0,5,0,10,82,0
C104,23,4,0,133.7,1,1,1,0,21,55,0
C104,24,10,3,241.2,7,3,2,0,10,28,0
C104,25,5,2,159.7,3,1,0,0,16,101,0
C104,26,5,3,177.2,1,1,2,1,31,37,0
C104,27,8,3,99.8,3,2,2,0,16,32,0
C104,28,6,5,123.9,5,1,3,0,15,80,0
C104,29,7,2,143.6,4,0,2,0,10,26,0
C104,30,7,5,218.2,1,0,3,0,13,85,0
C104,31,8,2,213.4,3,0,1,0,17,19,0
C104,32,7,2,223.3,3,2,0,0,35,44,0
C105,1,17,7,532.9,11,7,6,0,5,13,0
C105,2,15,5,523.5,8,4,3,0,20,20,0
C105,3,13,6,348.9,4,2,5,0,6,94,0
C105,4,10,1,184.7,4,2,3,0,8,19,0
C105,5,11,4,396.4,2,1,2,0,11,23,0
C105,6,10,6,282.4,5,3,3,0,10,67,0
C105,7,3,0,92.9,2,1,0,1,20,76,0
C105,8,12,4,404.8,2,1,2,0,9,84,0
C105,9,12,6,304.1,9,1,6,0,6,32,0
C105,10,10,4,283.2,5,3,3,0,11,101,0
C105,11,3,3,95.0,1,0,0,0,19,57,0
C105,12,11,5,73.3,8,4,4,0,10,87,0
C105,13,4,1,104.3,4,2,2,0,17,53,0
C105,14,14,7,145.1,3,3,6,0,13,52,0
C105,15,12,5,428.7,8,2,6,0,25,47,0
C105,16,10,5,189.7,6,3,6,0,12,99,0
C105,17,14,5,321.7,10,4,9,0,13,84,0
C105,18,4,2,40.4,2,0,1,0,26,37,0
C105,19,8,3,192.6,3,2,1,0,11,70,0
C105,20,1,1,61.4,0,1,0,0,21,86,0
C105,21,6,4,174.3,4,3,1,0,19,74,0
C105,22,10,7,316.3,4,1,1,0,14,15,0
C105,23,8,3,224.3,4,1,5,0,27,94,0
C105,24,5,4,174.1,3,2,2,0,17,103,0
C105,25,17,7,487.0,8,4,2,0,9,69,0
C105,26,17,7,586.2,8,5,4,0,4,70,0
C105,27,6,4,213.8,3,2,0,0,22,35,0
C105,28,13,6,354.0,9,6,4,0,7,45,0
C105,29,4,2,76.0,6,3,0,0,29,60,0
C105,30,12,7,227.2,4,2,7,0,8,54,0
C105,31,6,1,159.9,3,1,3,0,23,20,0
C105,32,5,2,142.7,3,1,1,0,15,39,1
C106,1,15,6,429.3,7,2,7,0,6,22,0
C106,2,13,7,403.9,6,1,2,0,10,20,0
C106,3,10,6,278.1,1,1,3,0,17,37,0
C106,4,15,7,387.6,6,2,5,0,8,36,0
C106,5,8,4,177.4,5,1,1,0,16,22,0
C106,6,9,4,102.9,5,1,3,0,14,100,0
C106,7,9,3,321.5,2,0,6,0,35,97,0
C106,8,13,6,304.9,8,1,6,0,18,46,0
C106,9,11,7,171.7,6,1,3,0,8,79,0
C106,10,16,7,449.6,10,3,8,0,11,57,0
C106,11,10,5,337.7,6,3,6,0,16,66,0
C106,12,9,4,247.7,6,1,3,0,10,85,0
C106,13,16,6,618.5,10,2,4,0,4,104,0
C106,14,19,7,587.3,10,1,7,0,10,72,0
C106,15,8,3,281.2,0,1,3,0,22,90,0
C106,16,9,2,234.0,6,3,2,0,15,33,0
C106,17,11,6,224.2,6,1,1,0,14,59,0
C106,18,9,5,319.8,4,2,5,0,26,56,0
C106,19,18,5,413.1,7,0,1,0,27,22,0
C106,20,10,6,227.4,9,1,5,0,13,21,0
C106,21,9,4,281.2,4,0,1,0,19,92,0
C106,22,5,1,189.0,1,0,1,0,26,44,0
C106,23,9,5,287.9,5,1,6,0,12,64,0
C106,24,18,6,430.7,11,3,6,0,19,26,0
C106,25,9,3,190.3,5,1,4,0,10,41,0
C106,26,14,6,372.6,5,3,3,0,19,52,0
C106,27,9,5,258.3,5,0,1,0,20,40,0
C106,28,4,2,147.9,2,1,2,0,21,100,0
C106,29,10,5,339.7,4,2,7,0,9,32,0
C106,30,17,7,324.2,7,2,5,0,6,75,0
C106,31,8,5,167.4,5,0,3,0,22,28,0
C106,32,10,5,217.6,3,0,4,0,21,13,0
C107,1,5,1,161.2,2,0,2,0,22,48,0
C107,2,8,3,220.2,4,0,1,0,11,28,0
C107,3,3,2,109.3,2,2,1,0,19,82,0
C107,4,5,0,173.6,6,0,1,0,19,22,0
C107,5,9,4,208.7,3,0,2,0,13,48,0
C107,6,6,5,200.2,9,2,1,0,16,19,0
C107,7,12,6,293.2,6,2,9,0,7,55,0
C107,8,8,3,111.7,4,1,3,0,17,100,0
C107,9,9,7,233.1,4,0,4,0,10,52,0
C107,10,6,4,168.9,6,1,4,0,14,52,0
C107,11,3,2,89.8,3,0,1,0,28,66,0
C107,12,0,1,0.0,0,0,1,0,31,50,0
C107,13,2,0,48.8,1,0,0,0,25,28,0
C107,14,4,1,128.8,3,2,0,0,22,21,0
C107,15,3,1,103.0,0,0,0,0,24,76,0
C107,16,5,3,169.5,6,0,2,0,13,16,0
C107,17,1,0,18.2,0,1,0,0,23,55,0
C107,18,6,2,265.6,0,0,2,0,17,13,0
C107,19,0,0,0.0,0,0,1,0,39,98,0
C107,20,1,1,51.9,0,0,2,0,22,63,0
C107,21,1,0,10.0,1,0,0,0,18,18,0
C107,22,3,2,0.0,0,0,0,0,26,33,0
C107,23,3,3,99.3,3,2,3,0,18,57,0
C107,24,0,0,0.0,0,1,0,0,45,68,0
C107,25,3,1,97.2,0,0,3,1,17,93,0
C107,26,2,2,90.1,0,0,0,0,20,89,0
C107,27,0,0,20.1,0,1,1,0,40,62,0
C107,28,3,0,86.1,1,0,1,0,19,20,0
C107,29,1,0,51.5,2,0,0,0,23,42,0
C107,30,0,0,0.0,0,0,0,0,38,76,0
C107,31,0,0,7.6,0,0,0,0,40,102,0
C107,32,0,0,0.0,0,0,0,0,33,24,1
C108,1,10,7,369.1,4,1,3,0,36,30,0
C108,2,10,5,285.2,4,2,4,0,11,17,0
C108,3,12,6,481.1,7,1,4,0,17,74,0
C108,4,6,3,186.3,2,0,4,0,23,67,0
C108,5,7,3,224.5,2,0,1,0,20,88,0
C108,6,9,4,282.0,3,1,4,0,12,87,0
C108,7,4,4,169.8,1,1,1,0,32,71,0
C108,8,15,7,311.9,4,1,4,0,7,20,0
C108,9,13,6,418.7,5,2,1,0,4,75,0
C108,10,5,5,136.2,0,0,3,0,22,28,0
C108,11,8,2,279.5,3,1,6,0,16,68,0
C108,12,8,3,128.6,5,1,4,0,10,21,0
C108,13,8,4,210.6,5,1,0,0,11,88,0
C108,14,9,5,287.3,3,1,3,0,12,85,0
C108,15,5,3,168.2,2,0,2,0,28,32,0
C108,16,3,1,99.9,2,2,1,0,18,30,0
C108,17,10,1,319.5,5,3,3,1,15,26,0
C108,18,9,5,267.8,3,1,2,1,11,26,0
C108,19,11,5,311.9,0,0,3,0,7,84,0
C108,20,16,4,371.4,5,1,10,0,5,18,0
C108,21,9,3,292.9,2,0,1,0,13,60,0
C108,22,5,1,168.5,3,1,2,0,29,42,0
C108,23,12,5,339.7,3,1,0,0,8,52,0
C108,24,4,2,112.7,1,0,2,0,23,94,0
C108,25,9,6,315.9,3,1,3,0,26,25,0
C108,26,7,1,150.6,3,1,1,0,20,65,0
C108,27,10,4,236.9,4,0,10,0,16,22,0
C108,28,8,4,257.6,7,4,2,0,13,85,0
C108,29,7,4,109.2,3,1,4,0,12,42,0
C108,30,8,3,297.4,5,1,1,0,16,61,0
C108,31,8,7,265.4,2,1,6,0,13,65,0
C108,32,10,3,289.6,6,2,3,0,10,28,1
C109,1,8,3,289.3,4,1,1,1,14,74,0
C109,2,5,5,124.5,1,0,1,0,17,61,0
C109,3,8,6,215.9,6,0,4,0,18,38,0
C109,4,7,5,183.3,9,4,2,0,14,49,0
C109,5,7,4,226.3,2,1,2,0,14,52,0
C109,6,5,4,159.6,2,1,2,0,16,90,0
C109,7,3,1,66.3,1,1,1,0,26,22,0
C109,8,6,4,57.8,1,0,5,0,14,75,0
C109,9,7,1,256.0,4,2,7,0,21,67,0
C109,10,8,3,315.0,1,1,2,0,9,13,0
C109,11,3,3,102.4,4,2,0,0,20,73,0
C109,12,8,4,209.0,7,2,4,0,21,91,0
C109,13,4,2,130.9,1,1,1,0,15,56,0
C109,14,9,4,312.1,4,0,0,0,22,18,0
C109,15,12,6,151.8,9,2,6,0,22,63,0
C109,16,10,5,289.2,4,2,2,0,14,38,0
C109,17,8,3,301.5,7,2,2,0,14,64,0
C109,18,5,0,197.5,1,1,4,0,13,36,0
C109,19,11,6,139.2,5,3,2,0,12,31,0
C109,20,7,3,227.7,6,1,1,0,21,50,0
C109,21,3,1,87.1,1,1,0,0,16,70,0
C109,22,7,3,210.8,2,1,5,0,18,59,0
C109,23,5,6,138.5,1,1,2,0,20,56,0
C109,24,5,3,70.1,1,0,0,0,29,72,0
C109,25,5,2,121.3,0,1,1,0,15,86,0
C109,26,7,6,194.8,3,1,2,0,14,81,0
C109,27,6,2,106.7,4,3,2,0,15,82,0
C109,28,11,6,303.3,5,1,4,0,12,62,0
C109,29,3,2,105.6,1,0,0,0,20,38,0
C109,30,3,2,102.4,2,2,3,0,16,61,0
C109,31,7,3,189.0,1,1,0,0,12,39,0
C109,32,7,3,140.4,6,2,1,0,13,102,0
C110,1,14,7,456.4,10,4,6,0,5,43,0
C110,2,12,5,382.0,8,2,2,0,7,41,0
C110,3,11,6,333.0,3,1,0,0,11,67,0
C110,4,13,7,535.5,4,1,3,0,5,19,0
C110,5,8,4,226.0,1,0,5,0,26,48,0
C110,6,15,7,523.5,8,1,2,0,12,44,0
C110,7,5,5,89.0,0,0,2,0,19,41,0
C110,8,8,3,263.1,5,2,2,0,11,55,0
C110,9,7,1,188.3,4,1,4,0,17,32,0
C110,10,8,3,321.4,6,3,3,0,12,25,0
C110,11,6,4,180.4,2,0,2,0,16,88,0
C110,12,9,6,344.9,3,1,1,0,10,72,0
C110,13,7,4,320.3,5,2,5,0,19,64,0
C110,14,10,5,254.4,2,2,7,0,7,66,0
C110,15,5,2,196.4,1,0,0,0,18,76,0
C110,16,9,4,277.3,1,0,4,0,24,57,0
C110,17,3,2,78.2,0,0,0,1,17,85,0
C110,18,10,4,316.4,6,3,5,0,12,100,0
C110,19,9,5,320.3,3,0,1,0,20,98,0
C110,20,4,2,148.9,0,0,2,0,33,33,0
C110,21,6,1,127.1,2,1,2,0,24,53,0
C110,22,5,2,114.0,1,1,3,0,25,77,0
C110,23,13,7,451.2,9,1,7,0,12,93,0
C110,24,9,4,225.1,5,1,1,0,13,40,0
C110,25,12,5,301.2,6,1,8,0,14,17,0
C110,26,7,3,251.4,2,0,4,0,24,41,0
C110,27,10,6,322.8,3,1,2,0,13,38,0
C110,28,9,6,193.2,7,1,3,0,20,29,0
C110,29,9,6,54.5,2,1,3,0,28,42,0
C110,30,7,4,118.7,2,1,1,0,23,94,0
C110,31,8,4,359.1,4,0,2,1,24,66,0
C110,32,5,5,191.2,1,0,1,0,17,45,0
C111,1,4,2,158.9,1,0,0,0,27,102,0
C111,2,7,3,170.3,3,0,3,0,20,24,0
C111,3,3,1,53.2,5,1,1,0,22,71,0
C111,4,3,2,42.0,1,0,2,0,16,102,0
C111,5,9,4,215.8,0,0,4,0,9,99,0
C111,6,3,1,101.0,0,0,1,0,17,76,0
C111,7,5,1,136.1,1,0,1,0,13,33,0
C111,8,0,0,0.0,0,0,0,0,33,83,0
C111,9,1,0,40.0,1,0,1,0,18,68,0
C111,10,2,0,11.0,2,1,0,0,17,41,0
C111,11,3,2,67.4,1,0,0,0,20,103,0
C111,12,6,1,260.2,2,0,4,0,13,45,0
C111,13,3,2,100.6,4,1,0,0,40,52,0
C111,14,0,0,0.0,0,0,0,0,31,21,0
C111,15,3,0,65.7,0,1,3,0,27,79,0
C111,16,1,0,0.0,0,1,0,0,20,82,0
C111,17,3,0,61.0,2,1,1,0,22,82,0
C111,18,2,0,62.0,2,0,1,0,21,102,0
C111,19,1,0,0.0,0,1,0,0,26,13,0
C111,20,3,1,116.9,0,0,0,0,20,99,0
C111,21,0,0,0.0,0,0,0,0,41,51,0
C111,22,1,0,0.0,1,0,0,0,39,37,0
C111,23,0,2,45.1,0,1,0,0,50,53,0
C111,24,1,1,38.6,1,0,0,0,26,87,0
C111,25,4,2,44.3,0,1,1,0,23,99,0
C111,26,1,1,45.9,0,0,1,0,24,66,0
C111,27,0,0,0.0,1,0,0,0,29,14,0
C111,28,0,0,0.0,0,0,0,0,34,36,0
C111,29,1,0,30.6,3,1,0,0,19,50,0
C111,30,0,0,29.3,0,0,0,0,35,61,0
C111,31,1,0,28.1,1,0,1,0,22,35,0
C111,32,0,0,37.3,0,0,0,0,34,62,0
C112,1,6,4,118.9,5,2,5,0,11,27,0
C112,2,7,4,220.7,5,2,2,0,36,66,0
C112,3,8,3,199.1,4,2,0,0,13,98,0
C112,4,5,3,169.0,4,1,1,0,40,77,0
C112,5,2,0,60.2,0,1,1,0,19,21,0
C112,6,5,5,147.0,2,0,1,0,21,15,0
C112,7,5,1,142.4,1,0,3,0,16,72,0
C112,8,11,5,329.5,5,3,3,0,10,60,0
C112,9,6,1,163.8,6,0,2,0,12,53,0
C112,10,4,4,115.9,1,0,1,0,24,70,0
C112,11,9,7,163.3,3,1,5,0,14,101,0
C112,12,4,2,125.7,2,0,1,0,17,94,0
C112,13,7,3,84.1,1,0,3,0,13,82,0
C112,14,6,5,117.9,1,0,0,0,20,59,0
C112,15,10,6,218.9,7,3,1,0,25,56,0
C112,16,3,2,39.6,3,1,1,0,25,42,0
C112,17,8,5,214.8,3,0,1,0,28,61,0
C112,18,9,5,162.0,4,1,6,0,14,100,0
C112,19,9,3,309.8,6,2,3,0,10,99,0
C112,20,10,4,272.8,6,1,3,0,9,27,0
C112,21,6,2,213.3,0,0,3,0,21,83,0
C112,22,3,0,76.6,1,0,0,0,20,44,0
C112,23,10,5,346.5,5,2,4,0,14,52,0
C112,24,6,4,137.3,5,3,2,0,17,93,0
C112,25,6,5,204.3,1,1,4,0,20,63,0
C112,26,4,0,75.6,0,0,1,0,19,96,0
C112,27,4,1,94.5,3,1,1,0,24,86,0
C112,28,2,1,57.5,0,0,1,0,26,82,0
C112,29,10,4,351.4,8,0,2,0,13,69,0
C112,30,7,4,219.7,1,1,2,0,27,73,0
C112,31,7,2,161.1,3,1,1,0,13,84,0
C112,32,10,6,366.3,5,2,5,0,15,45,0
C113,1,10,6,386.8,5,1,1,0,11,36,0
C113,2,4,4,100.7,0,0,1,0,20,13,0
C113,3,3,2,84.3,1,0,2,0,21,41,0
C113,4,6,3,96.6,2,0,1,0,33,80,0
C113,5,7,2,181.6,3,0,2,0,19,21,0
C113,6,2,1,106.5,0,0,0,0,19,36,0
C113,7,5,1,118.7,2,0,1,0,15,91,0
C113,8,3,3,39.2,0,0,1,0,15,67,0
C113,9,5,3,164.3,1,0,2,0,19,13,0
C113,10,4,3,128.3,3,1,0,0,26,71,0
C113,11,0,0,5.5,0,1,0,0,32,45,0
C113,12,5,1,116.4,4,0,1,0,13,64,0
C113,13,5,1,269.8,2,1,3,0,16,33,0
C113,14,0,1,42.3,0,1,0,0,40,32,0
C113,15,2,0,58.8,1,0,0,0,24,69,0
C113,16,0,0,0.0,0,0,0,0,42,30,0
C113,17,0,0,0.0,0,0,0,0,36,96,0
C113,18,0,1,17.5,0,0,0,0,41,31,0
C113,19,0,0,5.5,0,1,0,1,45,39,0
C113,20,1,0,18.7,0,0,0,0,21,96,0
C113,21,0,0,3.5,0,1,0,0,32,28,0
C113,22,1,0,0.0,0,0,0,0,24,39,0
C113,23,0,0,0.0,0,0,0,0,37,44,0
C113,24,0,0,0.0,0,0,0,0,37,16,0
C113,25,0,0,0.2,0,0,0,0,33,17,0
C113,26,1,1,38.6,0,0,0,0,33,60,0
C113,27,1,1,35.9,0,0,0,0,18,56,0
C113,28,0,1,1.6,0,1,0,0,42,37,0
C113,29,1,0,0.6,0,0,1,0,26,14,0
C113,30,0,0,0.0,0,0,0,0,39,83,0
C113,31,2,1,64.9,2,0,0,0,27,20,0
C113,32,0,0,0.0,0,0,0,0,40,95,0
C114,1,6,4,195.4,3,3,1,0,18,83,0
C114,2,14,5,265.8,9,1,0,0,14,60,0
C114,3,11,6,353.0,3,1,1,0,5,65,0
C114,4,7,3,220.4,1,0,3,1,14,101,0
C114,5,12,6,370.5,8,4,5,0,5,56,0
C114,6,8,4,267.5,2,2,5,0,14,18,0
C114,7,19,7,410.7,10,2,5,1,11,51,0
C114,8,14,7,496.5,9,5,5,1,16,55,0
C114,9,19,6,626.0,5,4,11,0,14,67,0
C114,10,12,5,347.4,7,3,2,0,5,85,0
C114,11,10,4,143.2,6,2,0,0,17,39,0
C114,12,14,6,399.5,10,5,5,0,5,70,0
C114,13,14,6,363.6,5,3,5,0,6,83,0
C114,14,19,7,390.4,11,5,5,0,15,22,0
C114,15,5,4,193.1,6,4,1,1,13,42,0
C114,16,14,7,267.2,8,4,5,0,22,93,0
C114,17,9,3,312.8,2,1,2,0,19,102,0
C114,18,15,7,531.0,9,6,2,0,19,89,0
C114,19,15,5,633.6,8,4,7,0,3,35,0
C114,20,10,5,258.6,9,4,3,0,18,39,0
C114,21,10,6,262.8,3,2,7,0,9,89,0
C114,22,10,6,118.8,5,0,1,0,10,33,0
C114,23,7,3,200.3,1,0,5,0,22,20,0
C114,24,9,5,326.7,2,2,2,0,22,94,0
C114,25,10,2,262.8,6,3,7,1,8,99,0
C114,26,3,2,75.8,0,1,0,0,16,60,0
C114,27,4,0,95.5,1,0,1,0,17,80,0
C114,28,0,0,0.0,0,0,0,0,28,101,0
C114,29,3,0,150.2,2,1,2,0,30,18,0
C114,30,3,2,74.2,0,0,1,0,28,54,0
C114,31,0,0,0.0,0,0,0,0,35,96,0
C114,32,2,2,1.5,1,0,2,0,18,61,1
C115,1,8,3,208.5,5,1,2,0,21,38,0
C115,2,10,5,366.0,5,0,1,0,12,45,0
C115,3,12,6,276.7,8,4,4,0,11,35,0
C115,4,10,4,233.5,3,2,6,0,19,61,0
C115,5,11,4,219.2,8,3,7,0,23,101,0
C115,6,11,6,311.1,7,2,3,0,11,21,0
C115,7,10,5,246.7,5,0,0,0,14,97,0
C115,8,3,1,43.0,3,2,1,0,17,103,0
C115,9,9,4,277.9,4,1,2,0,18,58,0
C115,10,9,4,257.5,4,1,5,0,9,77,0
C115,11,10,5,330.0,4,0,4,0,14,104,0
C115,12,4,3,89.7,2,1,2,0,18,74,0
C115,13,3,2,84.6,0,0,0,0,16,98,0
C115,14,14,6,355.7,6,0,4,0,11,64,0
C115,15,5,3,184.9,3,0,5,0,31,29,0
C115,16,8,5,235.9,5,2,2,0,19,65,0
C115,17,3,3,112.6,3,1,1,1,20,18,0
C115,18,9,4,271.6,6,3,2,0,27,42,0
C115,19,7,3,267.2,4,1,4,0,11,76,0
C115,20,7,3,133.1,2,0,2,0,17,89,0
C115,21,10,6,182.7,6,2,7,0,12,64,0
C115,22,11,6,318.5,2,1,7,0,9,59,0
C115,23,4,2,114.9,3,1,0,0,23,77,0
C115,24,8,3,197.2,7,2,3,0,11,88,0
C115,25,12,6,448.6,3,2,5,0,13,79,0
C115,26,12,6,336.1,8,2,4,0,22,68,0
C115,27,6,5,289.3,1,1,1,0,20,32,0
C115,28,5,3,144.3,3,0,2,0,24,67,0
C115,29,9,4,264.2,2,0,2,0,28,49,0
C115,30,11,7,432.3,6,0,3,0,12,62,0
C115,31,11,5,202.9,3,2,3,0,10,18,0
C115,32,9,4,183.9,2,2,3,0,13,21,1
C116,1,5,1,197.9,1,0,4,0,18,100,0
C116,2,4,3,192.6,0,1,0,0,16,29,0
C116,3,7,2,236.2,2,0,0,0,15,93,0
C116,4,3,1,93.4,2,0,1,0,26,41,0
C116,5,0,1,38.5,0,0,0,0,51,40,0
C116,6,3,2,94.0,0,0,1,0,23,30,0
C116,7,1,0,29.9,0,0,0,0,49,28,0
C116,8,3,2,23.5,1,0,0,0,21,55,0
C116,9,3,3,99.2,1,0,1,1,21,59,0
C116,10,8,5,76.1,4,0,1,0,17,19,0
C116,11,4,0,177.1,2,0,1,0,21,97,0
C116,12,2,2,81.2,0,0,2,0,17,87,0
C116,13,2,1,23.4,1,0,0,0,23,58,0
C116,14,1,1,83.5,2,0,0,0,17,74,0
C116,15,1,0,15.8,0,0,0,0,20,36,0
C116,16,1,0,29.9,0,0,0,0,22,85,0
C116,17,2,1,91.9,0,0,0,0,18,19,0
C116,18,4,2,124.5,2,1,0,0,32,52,0
C116,19,3,0,66.4,0,0,0,0,23,82,0
C116,20,3,1,64.7,1,0,0,0,45,34,0
C116,21,1,0,0.0,0,0,0,0,54,67,0
C116,22,4,4,112.3,2,0,1,0,27,82,0
C116,23,4,4,136.2,2,0,4,0,25,70,0
C116,24,0,0,0.0,0,0,0,0,40,39,0
C116,25,1,1,5.8,1,1,0,1,22,78,0
C116,26,2,1,21.0,0,0,1,0,20,32,0
C116,27,2,2,51.6,1,0,0,0,25,61,0
C116,28,1,1,4.8,0,0,0,0,44,104,0
C116,29,4,2,165.2,3,1,0,0,22,45,0
C116,30,1,0,55.4,0,0,0,0,22,57,0
C116,31,2,2,108.0,1,0,0,0,21,31,0
C116,32,3,2,76.6,1,0,1,0,17,43,0
C117,1,8,6,287.5,4,3,1,0,17,85,0
C117,2,8,4,252.5,2,0,3,0,11,28,0
C117,3,14,6,256.8,7,1,7,0,9,39,0
C117,4,17,7,412.6,6,1,5,0,5,40,0
C117,5,3,1,59.1,3,1,1,0,24,67,0
C117,6,8,4,202.9,4,0,3,0,11,41,0
C117,7,13,6,305.8,5,1,2,0,7,93,0
C117,8,15,6,470.7,5,3,4,0,4,92,0
C117,9,14,6,448.1,5,0,2,1,6,68,0
C117,10,10,5,225.4,6,1,1,0,12,20,0
C117,11,12,6,387.5,8,2,8,0,10,97,0
C117,12,6,1,129.3,0,0,3,1,23,80,0
C117,13,6,4,86.7,2,0,3,0,28,32,0
C117,14,10,3,168.3,4,1,4,0,24,50,0
C117,15,8,1,208.5,4,2,2,0,14,21,0
C117,16,5,3,182.1,3,1,1,0,23,93,0
C117,17,11,5,357.2,11,3,4,0,8,92,0
C117,18,12,6,299.5,4,0,2,0,15,79,0
C117,19,15,6,269.2,6,1,2,0,28,40,0
C117,20,13,7,325.2,11,4,5,0,6,20,0
C117,21,13,7,460.1,6,2,3,0,9,88,0
C117,22,21,6,423.6,12,2,3,0,6,50,0
C117,23,17,7,200.0,7,1,3,0,24,55,0
C117,24,13,7,357.7,5,0,9,0,8,36,0
C117,25,12,5,282.2,4,1,2,0,12,89,0
C117,26,10,5,295.3,5,0,4,0,6,34,0
C117,27,10,5,104.1,2,0,2,0,8,102,0
C117,28,12,7,346.3,6,2,3,0,9,67,0
C117,29,14,6,223.5,6,1,3,0,18,34,0
C117,30,18,7,753.3,9,3,5,0,2,62,0
C117,31,13,7,269.6,8,3,2,0,19,31,0
C117,32,8,5,285.1,7,2,3,0,17,48,0
C118,1,7,6,187.6,4,0,4,0,13,58,0
C118,2,7,3,220.1,2,2,3,0,15,72,0
C118,3,14,7,305.8,7,4,5,0,4,70,0
C118,4,5,3,186.6,2,1,1,0,24,40,0
C118,5,14,7,353.5,6,1,4,0,15,76,0
C118,6,13,6,555.4,6,1,7,0,3,12,0
C118,7,12,4,251.1,5,1,4,0,11,48,0
C118,8,5,3,169.0,2,0,3,0,20,62,0
C118,9,7,4,244.5,4,0,4,0,14,103,0
C118,10,14,6,332.0,4,0,6,0,10,92,0
C118,11,7,6,171.5,2,0,1,0,10,64,0
C118,12,18,7,375.9,7,3,9,0,2,78,0
C118,13,8,5,205.3,8,4,6,0,27,99,0
C118,14,12,7,303.6,7,2,2,0,6,77,0
C118,15,15,6,445.9,3,0,2,0,6,36,0
C118,16,13,7,411.7,5,0,5,0,18,12,0
C118,17,15,7,597.1,3,0,7,0,4,65,0
C118,18,11,6,229.0,9,0,4,0,19,67,0
C118,19,19,7,458.9,6,3,7,0,2,41,0
C118,20,15,7,373.2,5,2,4,0,4,13,0
C118,21,13,6,334.7,6,3,5,0,9,61,0
C118,22,13,7,542.2,10,5,4,0,13,34,0
C118,23,13,7,396.1,5,1,6,0,18,86,0
C118,24,13,6,268.7,6,0,5,0,5,98,0
C118,25,8,5,135.4,4,1,4,0,11,99,0
C118,26,8,3,160.6,0,0,4,0,11,19,0
C118,27,9,3,195.6,0,0,6,0,21,61,0
C118,28,10,3,304.6,5,2,4,0,14,31,0
C118,29,11,7,187.4,7,1,6,0,12,66,0
C118,30,17,7,671.1,11,4,5,0,3,29,0
C118,31,6,3,124.0,3,1,1,0,14,63,0
C118,32,11,3,218.4,5,2,6,0,6,35,0
C119,1,5,4,147.8,3,2,2,0,15,35,0
C119,2,9,2,168.1,4,2,3,0,12,26,0
C119,3,4,2,102.3,4,1,4,0,27,79,0
C119,4,7,4,133.8,5,2,0,0,16,83,0
C119,5,7,3,217.6,3,2,0,0,13,69,0
C119,6,5,5,98.0,4,1,2,0,17,90,0
C119,7,4,2,76.6,4,1,2,0,22,32,0
C119,8,3,2,74.4,2,1,1,0,34,28,0
C119,9,7,5,123.9,2,1,2,0,15,48,0
C119,10,5,2,135.8,1,0,4,0,21,91,0
C119,11,2,1,54.1,1,0,0,0,24,49,0
C119,12,6,3,104.6,7,5,3,0,16,67,0
C119,13,3,1,92.4,2,0,3,0,18,34,0
C119,14,4,3,90.4,2,0,2,0,26,48,0
C119,15,3,0,116.1,1,1,1,0,34,97,0
C119,16,6,2,192.8,1,1,1,0,16,17,0
C119,17,5,2,173.5,2,0,1,0,15,27,0
C119,18,1,1,99.7,0,1,0,0,26,102,0
C119,19,1,0,63.6,0,0,0,0,24,103,0
C119,20,7,4,255.7,0,0,2,0,22,81,0
C119,21,2,1,53.5,0,0,1,0,26,75,0
C119,22,7,4,242.0,3,1,1,0,15,28,0
C119,23,4,3,117.6,1,1,2,0,23,72,0
C119,24,1,0,39.8,1,1,0,0,25,34,0
C119,25,0,1,0.0,0,1,0,0,46,92,0
C119,26,3,3,91.6,2,1,0,0,15,15,0
C119,27,0,1,0.0,0,0,0,1,40,84,0
C119,28,0,0,0.0,0,0,0,0,42,67,0
C119,29,1,0,0.0,0,1,1,0,20,38,0
C119,30,0,0,5.6,0,0,0,0,31,101,0
C119,31,1,0,44.5,0,1,1,0,21,82,0
C119,32,1,0,42.4,0,1,0,0,33,33,0
C120,1,8,3,186.6,4,1,4,0,14,31,0
C120,2,7,5,187.4,3,1,3,0,19,54,0
C120,3,6,4,203.4,3,1,3,0,19,30,0
C120,4,7,5,141.9,4,0,1,0,15,67,0
C120,5,11,4,281.7,5,1,4,0,11,68,0
C120,6,9,5,313.0,5,2,2,0,28,12,0
C120,7,6,2,182.7,1,1,0,1,21,73,0
C120,8,10,5,285.7,5,2,2,0,15,85,0
C120,9,7,4,217.2,4,2,2,0,29,15,0
C120,10,15,7,317.1,4,0,4,1,13,71,0
C120,11,10,5,274.1,5,1,4,0,15,72,0
C120,12,11,6,340.0,8,2,4,0,12,65,0
C120,13,9,4,201.8,3,1,4,1,14,47,0
C120,14,10,6,373.4,5,1,2,0,8,53,0
C120,15,7,4,143.1,5,3,4,0,20,96,0
C120,16,17,7,425.9,7,1,6,0,2,39,0
C120,17,7,4,187.9,3,0,0,0,17,48,0
C120,18,13,7,380.4,5,0,4,0,12,96,0
C120,19,8,3,231.9,3,0,2,0,15,44,0
C120,20,8,5,122.9,3,0,1,0,22,77,0
C120,21,8,5,213.9,4,1,2,1,15,70,0
C120,22,18,5,534.6,8,2,5,0,3,58,0
C120,23,9,6,236.9,8,4,3,0,28,15,0
C120,24,4,0,121.9,3,0,1,0,19,21,0
C120,25,1,0,3.7,1,0,0,0,25,32,0
C120,26,1,0,49.8,0,0,0,0,20,23,0
C120,27,0,0,0.0,0,0,0,0,34,42,0
C120,28,0,0,0.0,0,0,0,1,31,20,0
C120,29,0,0,9.8,0,0,0,0,43,78,0
C120,30,1,1,43.5,0,0,0,1,30,59,0
C120,31,0,1,2.9,0,0,0,0,48,72,0
C120,32,0,0,4.9,0,0,0,0,29,80,0
C121,1,10,6,273.1,7,2,5,0,8,93,0
C121,2,5,3,153.2,2,1,2,0,22,36,0
C121,3,11,3,288.1,6,2,4,0,14,36,0
C121,4,9,6,187.1,4,2,5,0,31,83,0
C121,5,10,3,244.8,3,1,9,0,9,79,0
C121,6,12,6,343.1,5,3,4,0,13,63,0
C121,7,8,5,286.9,0,0,1,0,11,74,0
C121,8,9,2,165.6,3,1,2,0,9,58,0
C121,9,9,6,25.8,0,0,3,0,20,25,0
C121,10,5,5,154.6,2,0,3,0,20,24,0
C121,11,3,2,116.6,1,0,1,0,23,95,0
C121,12,11,7,320.2,1,1,5,1,21,80,0
C121,13,5,1,162.6,4,1,2,0,14,73,0
C121,14,9,3,286.3,4,1,6,0,12,72,0
C121,15,7,3,156.6,2,1,3,0,11,53,0
C121,16,6,5,125.5,0,0,1,0,25,94,0
C121,17,8,4,156.0,2,0,3,0,11,24,0
C121,18,3,1,104.7,3,1,0,1,26,73,0
C121,19,7,1,127.8,3,0,4,0,14,50,0
C121,20,3,2,80.4,0,0,0,0,18,101,0
C121,21,8,4,180.5,4,1,3,0,12,12,0
C121,22,7,5,190.5,3,1,5,1,20,74,0
C121,23,6,3,151.1,1,1,7,0,18,90,0
C121,24,2,1,21.5,0,0,0,0,30,35,0
C121,25,0,0,0.0,0,0,1,0,32,12,0
C121,26,0,1,4.5,0,0,0,1,31,21,0
C121,27,0,0,37.9,0,1,0,0,35,87,0
C121,28,0,1,35.1,2,1,1,0,31,91,0
C121,29,1,0,13.6,0,0,2,0,23,24,0
C121,30,0,0,24.3,0,0,0,0,41,45,0
C121,31,0,0,0.0,0,0,0,0,31,94,0
C121,32,1,0,0.0,0,0,1,1,22,81,0
C122,1,11,2,354.7,4,0,4,0,8,19,0
C122,2,7,1,93.6,4,1,3,0,11,57,0
C122,3,7,3,133.2,7,0,1,0,16,19,0
C122,4,5,6,118.2,6,1,0,0,19,103,0
C122,5,6,1,210.8,5,3,0,0,18,32,0
C122,6,10,7,187.6,4,1,7,0,31,57,0
C122,7,7,3,126.8,3,2,1,0,20,38,0
C122,8,5,2,125.0,2,0,1,0,19,87,0
C122,9,6,2,154.4,0,0,3,0,17,49,0
C122,10,4,0,148.4,1,0,3,0,23,15,0
C122,11,4,3,114.2,1,0,0,0,21,87,0
C122,12,9,4,293.5,5,0,1,0,9,27,0
C122,13,3,1,82.1,0,1,1,0,23,43,0
C122,14,15,6,550.3,3,0,2,0,7,94,0
C122,15,4,5,140.3,3,1,2,0,20,39,0
C122,16,8,5,58.7,5,0,5,0,19,47,0
C122,17,5,4,160.3,1,0,1,0,22,53,0
C122,18,7,4,180.7,5,2,1,0,16,75,0
C122,19,5,3,197.0,6,1,4,0,25,79,0
C122,20,12,4,350.2,11,2,4,0,11,77,0
C122,21,2,1,16.2,1,0,1,0,24,76,0
C122,22,5,1,166.8,3,1,1,0,38,37,0
C122,23,10,5,264.0,1,1,4,0,24,16,0
C122,24,6,2,91.5,3,0,1,0,20,81,0
C122,25,3,3,165.0,1,1,0,0,19,41,0
C122,26,7,4,259.2,3,0,3,0,15,75,0
C122,27,6,4,180.1,3,1,0,0,31,67,0
C122,28,8,3,247.3,2,0,3,0,12,85,0
C122,29,7,5,145.6,4,2,2,0,24,100,0
C122,30,13,7,328.8,5,1,6,0,6,32,0
C122,31,6,1,146.5,1,1,2,0,12,98,0
C122,32,13,7,324.9,5,0,5,0,7,86,0
C123,1,6,3,230.8,3,0,1,0,22,15,0
C123,2,9,5,140.8,3,2,6,1,26,87,0
C123,3,9,4,251.3,1,1,4,0,36,56,0
C123,4,11,6,378.1,0,0,7,0,9,86,0
C123,5,8,4,213.5,4,1,2,0,29,59,0
C123,6,13,6,341.1,5,0,5,0,12,95,0
C123,7,7,5,145.0,2,1,0,0,14,21,0
C123,8,13,7,328.3,4,2,4,1,7,15,0
C123,9,12,7,249.5,8,0,2,0,18,14,0
C123,10,7,4,173.6,2,2,3,0,19,42,0
C123,11,7,4,176.4,5,1,3,0,13,19,0
C123,12,8,5,195.5,1,0,3,0,9,86,0
C123,13,10,7,319.2,6,2,3,0,9,64,0
C123,14,8,5,220.6,7,2,4,1,24,47,0
C123,15,9,5,159.1,0,0,3,0,19,13,0
C123,16,11,7,268.9,6,2,8,0,6,46,0
C123,17,5,2,116.3,3,0,0,0,13,37,0
C123,18,15,5,466.2,8,2,7,0,7,21,0
C123,19,12,7,283.3,6,1,3,0,23,17,0
C123,20,14,7,369.6,11,2,1,0,5,92,0
C123,21,11,7,455.0,10,6,3,0,7,20,0
C123,22,10,4,461.5,4,0,3,0,15,83,0
C123,23,18,7,546.3,5,1,6,0,7,19,0
C123,24,9,5,265.6,5,2,4,0,13,33,0
C123,25,13,7,298.1,5,1,2,0,9,51,0
C123,26,15,7,411.9,5,3,9,1,10,33,0
C123,27,9,5,133.2,3,1,3,0,10,33,0
C123,28,7,4,194.3,2,0,1,0,18,84,0
C123,29,12,6,348.4,7,2,6,1,9,41,0
C123,30,8,3,231.4,3,1,3,0,26,66,0
C123,31,9,4,253.6,3,1,1,0,17,22,0
C123,32,8,4,197.2,5,0,2,1,25,85,1
C124,1,7,4,164.5,2,0,0,0,21,34,0
C124,2,15,7,360.2,8,0,5,0,20,39,0
C124,3,9,4,308.9,6,0,6,0,9,76,0
C124,4,4,1,123.1,0,0,1,0,30,98,0
C124,5,6,2,122.0,3,0,4,0,12,15,0
C124,6,7,3,156.2,4,0,1,0,18,49,0
C124,7,4,1,90.9,3,2,2,0,19,84,0
C124,8,13,6,304.0,9,1,3,0,9,99,0
C124,9,3,2,70.8,1,0,0,0,18,66,0
C124,10,8,4,238.4,2,0,3,0,14,94,0
C124,11,2,1,78.4,0,0,1,0,23,40,0
C124,12,0,0,8.3,0,1,0,0,29,100,0
C124,13,7,4,159.9,4,1,0,0,17,21,0
C124,14,3,2,77.6,1,0,1,0,19,61,0
C124,15,5,3,189.4,4,0,0,0,17,73,0
C124,16,1,0,38.1,1,0,0,0,20,96,0
C124,17,9,6,237.1,6,3,0,0,11,104,0
C124,18,3,0,36.9,1,1,2,0,19,63,0
C124,19,4,2,138.6,1,0,0,0,29,15,0
C124,20,5,2,124.7,1,0,1,0,14,79,0
C124,21,1,1,58.1,1,0,0,0,25,75,0
C124,22,1,0,47.3,0,1,0,0,26,17,0
C124,23,0,0,0.0,0,0,0,1,41,104,0
C124,24,1,2,24.4,1,0,0,0,22,45,0
C124,25,1,1,37.5,1,0,1,0,22,34,0
C124,26,0,0,0.0,0,1,1,1,32,50,0
C124,27,1,0,16.8,0,1,1,0,22,12,0
C124,28,0,0,0.0,0,1,0,0,29,24,0
C124,29,1,0,0.0,0,0,1,0,24,12,0
C124,30,0,0,0.0,0,0,0,0,34,87,0
C124,31,1,0,60.0,3,1,0,0,28,93,0
C124,32,0,1,19.2,0,1,0,0,29,23,0
C125,1,13,7,180.7,3,0,3,0,12,71,0
C125,2,22,7,656.9,7,3,6,0,3,97,0
C125,3,15,5,215.9,3,0,3,0,6,97,0
C125,4,13,6,337.5,4,1,2,0,10,56,0
C125,5,6,3,124.2,6,3,0,0,14,33,0
C125,6,15,7,343.2,14,3,6,0,7,72,0
C125,7,17,7,510.5,7,1,11,0,5,102,0
C125,8,15,7,369.1,3,0,1,0,3,58,0
C125,9,7,2,198.4,3,1,3,0,13,50,0
C125,10,13,7,418.9,8,0,9,0,8,34,0
C125,11,17,7,614.2,8,3,9,0,3,96,0
C125,12,14,6,388.2,5,2,5,0,15,13,0
C125,13,17,7,519.1,7,3,8,0,9,36,0
C125,14,5,2,164.6,1,0,0,0,17,89,0
C125,15,8,4,228.3,2,0,2,0,15,29,0
C125,16,10,6,210.5,3,0,1,0,16,16,0
C125,17,19,7,653.0,12,2,6,1,12,47,0
C125,18,22,7,538.2,13,2,10,0,4,84,0
C125,19,24,7,589.9,9,1,5,0,4,60,0
C125,20,19,6,743.4,4,1,6,0,14,77,0
C125,21,11,7,245.9,3,1,3,0,16,64,0
C125,22,12,6,552.4,5,1,1,0,18,98,0
C125,23,9,5,254.1,5,2,3,0,11,82,0
C125,24,14,7,394.3,7,1,9,0,13,42,0
C125,25,12,4,280.2,4,0,4,0,7,58,0
C125,26,18,6,541.4,6,5,3,0,4,38,0
C125,27,17,7,466.2,14,1,4,0,1,98,0
C125,28,19,7,483.0,9,2,8,0,10,12,0
C125,29,19,7,528.7,5,1,3,0,5,33,0
C125,30,13,7,433.8,2,2,3,0,15,93,0
C125,31,8,3,177.2,6,3,0,0,19,23,0
C125,32,16,7,579.8,5,1,11,0,8,44,0
C126,1,6,2,213.6,3,2,3,0,14,15,0
C126,2,7,2,195.3,1,1,1,0,21,50,0
C126,3,6,4,129.7,4,1,1,0,18,92,0
C126,4,8,4,123.3,1,1,2,0,14,42,0
C126,5,10,4,290.8,4,0,2,0,12,60,0
C126,6,5,1,159.5,0,0,1,0,23,63,0
C126,7,4,0,108.3,0,0,0,0,21,89,0
C126,8,5,2,89.0,2,0,1,0,23,73,0
C126,9,3,2,152.4,0,1,2,0,19,96,0
C126,10,5,3,92.8,0,0,1,0,19,86,0
C126,11,2,1,58.2,0,0,0,0,20,13,0
C126,12,4,4,84.5,5,2,1,0,15,38,0
C126,13,4,2,178.2,1,0,2,0,26,44,0
C126,14,3,3,109.6,0,0,1,0,18,77,0
C126,15,1,1,5.0,1,0,0,0,23,19,0
C126,16,0,0,5.3,0,0,1,0,38,40,0
C126,17,5,2,177.8,4,0,4,0,17,21,0
C126,18,0,0,0.0,0,0,1,0,31,23,0
C126,19,4,1,123.8,2,1,0,0,24,75,0
C126,20,6,2,161.0,2,0,1,0,27,13,0
C126,21,2,1,112.9,2,0,1,0,20,87,0
C126,22,0,0,12.9,0,0,0,0,29,51,0
C126,23,0,2,0.0,0,0,0,0,40,97,0
C126,24,0,0,4.3,1,0,0,0,42,87,0
C126,25,1,0,22.5,0,0,0,0,29,58,0
C126,26,2,0,23.8,1,0,0,0,23,51,0
C126,27,0,0,0.0,0,1,0,1,29,62,0
C126,28,0,0,0.0,0,0,1,0,45,41,0
C126,29,0,1,19.0,0,1,0,0,37,24,0
C126,30,0,0,2.8,0,0,0,0,35,82,0
C126,31,1,0,50.0,0,0,1,0,29,81,0
C126,32,0,0,31.6,0,0,0,0,32,37,0
C127,1,6,3,187.7,2,0,1,0,20,16,0
C127,2,6,3,105.0,2,0,1,0,17,88,0
C127,3,11,7,352.9,3,1,3,0,22,83,0
C127,4,8,5,215.5,4,0,3,0,10,104,0
C127,5,8,5,151.1,3,0,5,0,14,19,0
C127,6,14,7,225.8,3,0,4,0,15,16,0
C127,7,2,1,40.2,1,1,0,0,19,77,0
C127,8,3,0,0.0,2,0,2,0,26,104,0
C127,9,7,3,249.9,4,1,1,0,11,42,0
C127,10,5,3,109.5,2,1,0,0,13,99,0
C127,11,6,3,179.7,3,1,2,0,16,65,0
C127,12,6,0,91.4,2,1,1,0,21,79,0
C127,13,8,3,208.6,6,1,2,0,19,101,0
C127,14,1,1,0.0,2,0,0,0,44,38,0
C127,15,4,2,85.4,1,1,3,0,36,77,0
C127,16,5,4,201.5,1,1,2,0,31,93,0
C127,17,4,2,121.6,0,0,0,1,16,12,0
C127,18,6,5,146.8,3,0,3,0,13,64,0
C127,19,4,1,74.2,1,1,2,0,15,65,0
C127,20,2,1,71.1,1,0,0,0,29,21,0
C127,21,2,2,24.4,1,0,1,0,17,49,0
C127,22,3,2,53.9,3,0,0,0,25,21,0
C127,23,3,1,44.2,0,1,1,0,21,22,0
C127,24,2,1,90.7,2,0,0,0,33,52,0
C127,25,5,5,161.8,6,0,3,0,13,14,0
C127,26,2,1,78.8,0,1,1,0,25,23,0
C127,27,0,0,21.7,0,0,0,0,36,104,0
C127,28,5,3,111.6,1,0,1,0,13,30,0
C127,29,3,3,70.9,0,0,1,0,21,91,0
C127,30,1,0,61.6,0,1,0,0,34,71,0
C127,31,0,0,0.0,1,0,1,0,50,22,0
C127,32,0,2,39.5,0,0,0,0,41,85,1
C128,1,8,2,170.4,2,1,0,0,24,15,0
C128,2,7,3,227.9,2,0,1,0,27,77,0
C128,3,5,0,101.3,5,3,1,0,22,21,0
C128,4,4,2,128.0,3,2,1,0,15,101,0
C128,5,7,3,158.7,4,3,2,0,10,26,0
C128,6,3,2,63.1,1,0,0,0,31,15,0
C128,7,4,0,66.3,3,2,0,0,19,97,0
C128,8,6,4,145.9,3,3,2,0,13,74,0
C128,9,3,1,92.4,1,1,0,0,21,86,0
C128,10,11,7,246.2,3,2,6,0,16,86,0
C128,11,3,2,80.6,0,1,0,0,15,77,0
C128,12,9,5,177.9,2,1,2,0,13,93,0
C128,13,5,1,162.5,4,2,1,0,15,19,0
C128,14,4,5,71.7,2,2,0,0,14,85,0
C128,15,6,5,213.1,0,0,3,0,18,89,0
C128,16,5,1,179.6,3,3,2,1,18,22,0
C128,17,7,5,180.6,1,0,4,0,17,100,0
C128,18,1,1,14.1,0,1,0,0,22,59,0
C128,19,4,5,98.8,2,1,0,0,19,67,0
C128,20,6,3,185.3,2,1,0,0,18,102,0
C128,21,4,1,167.6,0,0,1,0,21,53,0
C128,22,4,0,107.4,1,1,2,0,39,23,0
C128,23,7,2,211.0,4,1,2,0,19,33,0
C128,24,6,3,50.4,2,1,2,0,16,30,0
C128,25,8,4,154.2,2,2,3,0,10,77,0
C128,26,5,2,143.9,0,1,1,0,18,63,0
C128,27,6,5,193.7,1,0,1,0,15,14,0
C128,28,3,0,102.7,1,0,0,0,30,70,0
C128,29,12,7,342.3,4,1,2,0,7,20,0
C128,30,6,2,251.5,0,1,2,0,24,35,0
C128,31,10,4,204.6,1,0,1,0,11,101,0
C128,32,9,5,390.8,2,2,3,0,15,59,0
C129,1,10,4,212.3,6,1,2,0,8,95,0
C129,2,6,5,219.6,1,0,1,0,18,47,0
C129,3,17,7,367.5,7,0,4,0,7,88,0
C129,4,12,5,50.9,6,0,1,0,14,64,0
C129,5,8,2,184.5,8,4,3,0,13,53,0
C129,6,9,4,250.4,4,1,3,0,19,16,0
C129,7,10,7,178.4,5,2,4,0,8,63,0
C129,8,7,5,156.1,3,0,0,0,13,96,0
C129,9,9,6,320.3,3,0,0,0,16,31,0
C129,10,6,2,151.2,2,1,2,0,35,84,0
C129,11,5,4,92.0,3,3,3,0,14,23,0
C129,12,8,5,142.1,2,0,2,0,10,51,0
C129,13,5,2,172.9,0,0,2,0,14,87,0
C129,14,7,4,170.7,3,0,3,0,22,25,0
C129,15,7,1,226.1,5,0,3,0,24,40,0
C129,16,6,3,178.2,1,0,1,0,20,72,0
C129,17,9,5,312.0,3,2,6,0,13,18,0
C129,18,7,5,217.6,5,1,1,0,10,67,0
C129,19,12,6,196.6,6,1,2,0,4,31,0
C129,20,5,3,177.3,1,0,3,0,17,76,0
C129,21,6,3,164.6,2,1,2,1,17,37,0
C129,22,10,6,150.4,5,2,5,0,12,29,0
C129,23,7,0,153.0,2,0,3,0,29,100,0
C129,24,6,3,161.5,3,0,4,0,17,101,0
C129,25,12,7,315.0,6,0,2,0,8,34,0
C129,26,9,1,276.5,5,2,1,0,12,100,0
C129,27,6,1,131.2,2,0,2,0,12,89,0
C129,28,9,6,324.9,6,1,5,0,18,62,0
C129,29,7,3,203.6,2,0,3,0,11,29,0
C129,30,5,1,108.8,2,0,1,0,26,53,0
C129,31,8,4,269.9,10,2,2,0,9,30,0
C129,32,8,6,334.8,3,0,1,0,11,92,0
C130,1,13,7,326.9,4,2,2,0,14,27,0
C130,2,3,0,115.7,1,0,1,0,20,92,0
C130,3,10,6,317.3,7,2,6,0,22,74,0
C130,4,9,6,289.5,3,0,2,0,10,54,0
C130,5,10,6,264.5,4,1,3,0,9,27,0
C130,6,13,6,396.4,10,1,3,0,10,94,0
C130,7,8,5,308.5,7,2,3,1,11,47,0
C130,8,11,6,236.9,5,3,3,1,16,100,0
C130,9,12,6,461.3,7,2,7,0,15,82,0
C130,10,13,7,463.0,7,3,5,0,12,103,0
C130,11,8,4,123.1,4,2,4,0,17,21,0
C130,12,14,6,457.6,8,1,3,0,7,79,0
C130,13,7,4,189.6,3,0,1,0,22,26,0
C130,14,7,6,160.7,2,1,4,1,23,103,0
C130,15,9,4,276.0,1,0,2,0,10,53,0
C130,16,7,4,275.9,0,0,2,0,24,72,0
C130,17,5,3,145.4,3,2,0,0,21,47,0
C130,18,9,3,218.0,2,0,1,0,27,60,0
C130,19,5,4,74.2,0,1,2,0,28,15,0
C130,20,5,1,63.4,3,0,0,0,16,70,0
C130,21,6,3,187.7,2,0,1,0,21,70,0
C130,22,13,6,391.0,7,4,6,0,8,77,0
C130,23,11,5,412.2,5,1,3,0,9,36,0
C130,24,4,4,105.1,1,1,2,1,17,75,0
C130,25,2,1,77.2,1,1,0,0,28,83,0
C130,26,0,0,2.8,0,1,0,0,32,36,0
C130,27,0,0,27.9,0,0,0,0,33,70,0
C130,28,0,0,3.8,0,1,0,0,31,103,0
C130,29,1,0,12.0,0,0,2,0,29,76,0
C130,30,0,0,47.1,0,0,0,0,42,34,0
C130,31,1,3,27.8,1,0,0,1,21,81,0
C130,32,2,1,75.3,5,1,1,0,18,86,0
C131,1,7,2,183.9,5,1,5,0,16,41,0
C131,2,11,7,202.1,8,4,4,0,11,27,0
C131,3,8,2,217.5,2,1,2,0,13,45,0
C131,4,7,2,167.6,6,3,1,0,12,72,0
C131,5,7,2,214.6,3,1,4,0,11,28,0
C131,6,12,4,273.6,4,3,5,0,18,45,0
C131,7,11,4,261.2,5,4,2,0,9,71,0
C131,8,10,6,339.5,3,2,0,0,17,23,0
C131,9,10,6,345.1,4,2,5,0,7,20,0
C131,10,8,4,154.4,4,1,3,0,18,48,0
C131,11,7,5,195.7,3,1,1,0,17,68,0
C131,12,16,7,314.2,3,1,6,0,9,42,0
C131,13,7,3,234.7,3,1,5,0,25,101,0
C131,14,8,5,261.4,5,1,1,0,24,31,0
C131,15,15,7,477.8,8,5,7,0,7,57,0
C131,16,13,6,378.5,5,3,4,0,5,21,0
C131,17,8,3,252.9,1,1,3,0,10,95,0
C131,18,13,7,360.7,7,4,2,0,7,76,0
C131,19,10,5,296.7,4,1,4,0,9,45,0
C131,20,5,3,117.4,1,1,2,0,22,55,0
C131,21,11,6,294.7,6,4,2,0,21,48,0
C131,22,13,6,551.4,7,3,4,0,7,104,0
C131,23,4,0,101.2,1,1,4,0,20,51,0
C131,24,10,7,146.0,7,1,1,0,23,47,0
C131,25,4,1,115.5,4,2,0,0,17,27,0
C131,26,8,4,391.4,3,0,3,0,12,44,0
C131,27,8,2,208.6,1,0,5,0,15,75,0
C131,28,8,1,237.2,5,2,1,0,8,69,0
C131,29,10,7,217.8,7,2,2,0,10,46,0
C131,30,19,7,573.2,9,5,2,0,4,79,0
C131,31,7,3,236.1,0,1,3,0,15,52,0
C131,32,10,7,310.6,4,3,1,0,10,77,0
C132,1,10,3,241.9,4,0,4,0,21,88,0
C132,2,6,2,228.4,2,0,2,0,16,35,0
C132,3,5,4,136.8,4,0,3,0,15,64,0
C132,4,5,3,32.3,4,1,2,0,14,85,0
C132,5,9,5,158.1,6,2,2,0,20,13,0
C132,6,7,2,239.5,2,1,1,0,28,36,0
C132,7,10,4,249.7,5,1,2,0,9,101,0
C132,8,5,3,104.8,0,0,3,0,29,37,0
C132,9,13,7,261.8,7,3,6,0,7,45,0
C132,10,9,6,268.0,4,1,1,1,10,22,0
C132,11,6,2,220.7,3,2,0,0,24,76,0
C132,12,7,3,136.8,5,1,3,0,26,72,0
C132,13,6,3,197.6,1,0,2,0,16,42,0
C132,14,10,6,307.7,4,2,5,0,12,44,0
C132,15,5,5,125.1,4,2,2,0,20,92,0
C132,16,8,3,125.9,3,1,3,0,11,14,0
C132,17,7,6,251.0,6,1,6,0,22,55,0
C132,18,6,2,115.1,4,0,1,0,19,36,0
C132,19,5,1,128.6,2,0,1,0,21,29,0
C132,20,4,3,88.3,2,1,1,0,24,24,0
C132,21,10,6,273.9,8,0,3,0,23,93,0
C132,22,4,4,145.5,1,0,1,0,16,62,0
C132,23,4,5,115.7,2,0,1,0,23,86,0
C132,24,6,1,186.9,2,0,1,1,14,100,0
C132,25,17,6,460.9,9,0,5,0,7,76,0
C132,26,10,3,353.8,3,0,6,0,14,44,0
C132,27,3,0,64.6,0,0,2,0,23,76,0
C132,28,7,2,117.7,3,0,1,0,13,45,0
C132,29,9,5,118.8,5,0,2,0,15,104,0
C132,30,11,7,323.3,6,1,5,0,11,42,0
C132,31,15,6,436.9,8,3,5,0,12,67,0
C132,32,12,5,71.9,4,2,3,1,14,80,1
C133,1,7,6,214.8,3,0,1,0,36,82,0
C133,2,5,2,120.1,2,1,2,0,14,103,0
C133,3,2,1,42.4,1,0,0,0,23,14,0
C133,4,12,6,235.5,7,3,6,0,8,15,0
C133,5,14,7,289.2,4,0,2,1,13,90,0
C133,6,5,4,177.2,1,1,2,0,17,19,0
C133,7,9,3,279.7,6,1,2,0,14,95,0
C133,8,10,5,239.3,5,1,3,0,11,45,0
C133,9,13,6,390.1,4,0,4,0,7,51,0
C133,10,15,7,704.8,6,0,2,0,4,77,0
C133,11,13,7,441.8,6,2,4,0,9,45,0
C133,12,8,5,217.4,6,1,5,0,11,45,0
C133,13,14,7,470.9,8,4,5,0,13,34,0
C133,14,8,3,186.1,1,1,8,0,19,67,0
C133,15,9,5,251.2,8,2,7,1,32,45,0
C133,16,7,4,202.6,1,0,2,0,14,47,0
C133,17,13,7,393.7,3,1,1,0,7,15,0
C133,18,13,7,366.0,6,1,4,1,9,73,0
C133,19,18,5,498.3,10,2,7,0,2,86,0
C133,20,10,5,246.4,5,1,4,0,8,54,0
C133,21,10,4,322.4,3,1,2,0,9,31,0
C133,22,14,6,388.4,8,0,4,0,13,14,0
C133,23,4,4,119.1,3,1,1,0,21,67,0
C133,24,4,0,86.1,2,0,0,0,22,103,0
C133,25,0,0,11.3,0,0,0,0,37,65,0
C133,26,1,0,15.3,0,0,1,1,32,41,0
C133,27,0,1,0.0,0,0,0,0,42,20,0
C133,28,0,0,0.0,0,1,0,0,41,96,0
C133,29,0,0,9.4,0,1,0,1,48,61,0
C133,30,0,1,28.6,0,0,1,0,30,82,0
C133,31,0,1,13.5,0,0,0,1,48,27,0
C133,32,0,0,13.2,0,1,0,1,33,97,1
C134,1,7,3,164.1,2,0,3,0,13,54,0
C134,2,13,7,458.6,6,2,4,0,11,30,0
C134,3,3,3,106.1,1,1,0,1,17,94,0
C134,4,8,4,241.6,8,2,4,0,12,63,0
C134,5,14,7,325.9,7,2,1,0,18,101,0
C134,6,5,2,128.1,3,1,3,0,15,69,0
C134,7,9,5,226.6,5,1,1,0,13,87,0
C134,8,6,3,184.5,1,0,1,0,22,48,0
C134,9,4,3,85.1,1,1,2,0,36,36,0
C134,10,6,2,134.9,5,1,4,1,16,15,0
C134,11,5,2,89.5,3,0,2,0,13,12,0
C134,12,7,5,212.1,4,0,2,0,14,89,0
C134,13,7,2,274.8,4,1,3,0,15,98,0
C134,14,8,2,196.5,2,0,2,0,22,80,0
C134,15,4,4,138.3,1,0,0,0,14,54,0
C134,16,4,2,171.0,2,0,0,0,19,49,0
C134,17,8,3,310.6,4,2,1,0,15,23,0
C134,18,4,3,183.8,1,0,3,0,21,77,0
C134,19,6,6,113.8,0,0,4,0,27,25,0
C134,20,2,2,36.4,1,0,1,0,28,49,0
C134,21,8,4,194.0,6,2,3,0,11,60,0
C134,22,4,2,102.1,1,0,3,0,33,83,0
C134,23,2,1,43.1,2,0,1,0,23,34,0
C134,24,4,3,70.0,4,1,1,0,24,68,0
C134,25,2,0,86.2,0,0,1,0,21,40,0
C134,26,4,3,44.7,0,0,3,0,20,90,0
C134,27,1,2,15.4,0,0,0,0,23,59,0
C134,28,0,0,7.8,0,1,0,0,31,26,0
C134,29,0,0,8.5,0,0,0,0,32,27,0
C134,30,1,1,33.5,0,0,1,0,23,68,0
C134,31,0,1,6.8,0,0,0,0,35,41,0
C134,32,1,1,32.6,0,0,0,0,22,74,1
C135,1,8,6,230.8,1,0,0,0,19,54,0
C135,2,11,7,389.7,1,1,5,0,23,99,0
C135,3,15,7,606.4,6,2,1,0,6,102,0
C135,4,4,2,95.7,4,2,1,0,32,103,0
C135,5,6,2,136.9,5,1,0,0,36,74,0
C135,6,8,6,166.4,2,0,5,0,21,93,0
C135,7,9,5,228.3,6,1,3,0,13,17,0
C135,8,6,1,179.3,1,0,2,0,12,64,0
C135,9,10,6,276.8,4,0,2,0,19,31,0
C135,10,6,3,145.8,2,1,1,0,21,33,0
C135,11,12,6,222.7,4,0,5,0,7,92,0
C135,12,8,3,261.4,2,1,4,1,11,31,0
C135,13,15,6,628.2,5,0,6,0,9,59,0
C135,14,11,4,346.1,3,0,4,1,16,55,0
C135,15,11,7,360.7,6,1,2,0,15,23,0
C135,16,14,6,224.0,5,0,3,0,5,103,0
C135,17,9,2,362.8,2,0,3,0,34,103,0
C135,18,13,7,204.0,14,4,4,1,3,100,0
C135,19,10,6,323.9,6,1,3,0,11,86,0
C135,20,4,1,70.0,2,0,0,0,21,100,0
C135,21,13,6,453.0,4,0,7,0,19,23,0
C135,22,6,1,213.4,2,1,4,0,23,75,0
C135,23,3,0,110.5,1,0,1,0,30,70,0
C135,24,4,3,38.1,3,1,2,0,27,15,0
C135,25,0,0,0.0,1,0,0,0,45,87,0
C135,26,0,0,11.3,0,0,0,0,30,22,0
C135,27,0,1,33.6,0,0,0,1,32,61,0
C135,28,0,1,9.9,1,0,1,1,30,83,0
C135,29,0,0,0.0,1,1,2,1,37,23,0
C135,30,1,0,44.0,0,0,0,0,18,14,0
C135,31,0,0,0.0,0,1,0,0,32,81,0
C135,32,0,0,0.0,0,1,0,0,38,54,0
C136,1,9,5,287.6,2,1,1,0,7,56,0
C136,2,5,1,141.0,1,1,2,0,26,66,0
C136,3,4,2,65.7,0,0,1,0,21,13,0
C136,4,8,5,244.3,1,0,2,0,15,64,0
C136,5,8,5,268.9,1,0,2,0,9,85,0
C136,6,5,2,96.7,6,1,2,0,18,48,0
C136,7,7,4,236.4,5,1,3,0,16,17,0
C136,8,8,4,162.4,6,1,1,0,12,76,0
C136,9,11,5,225.6,2,1,3,0,13,71,0
C136,10,5,2,148.1,1,0,3,0,18,63,0
C136,11,12,7,500.6,5,1,2,0,12,96,0
C136,12,5,3,121.0,3,1,3,0,15,49,0
C136,13,9,3,345.9,6,2,1,0,8,16,0
C136,14,11,6,384.2,3,0,7,0,18,100,0
C136,15,5,2,77.5,3,0,0,0,14,104,0
C136,16,5,0,181.6,0,1,0,0,41,24,0
C136,17,5,2,123.2,1,0,1,0,17,32,0
C136,18,5,3,147.5,0,0,0,0,17,23,0
C136,19,5,0,156.1,2,0,1,0,16,47,0
C136,20,7,2,177.5,5,3,4,0,10,87,0
C136,21,7,3,168.1,3,1,2,0,18,24,0
C136,22,11,6,237.0,4,1,2,0,8,41,0
C136,23,6,4,186.2,3,1,3,0,19,100,0
C136,24,5,2,119.0,3,1,3,0,20,70,0
C136,25,7,4,260.8,2,1,3,0,21,60,0
C136,26,5,2,88.8,1,1,2,0,18,66,0
C136,27,2,2,55.0,2,0,1,0,26,60,0
C136,28,7,0,191.2,3,0,0,0,13,74,0
C136,29,8,4,327.4,5,1,1,0,13,95,0
C136,30,4,2,114.2,0,1,2,0,15,27,0
C136,31,7,3,312.7,2,0,1,0,24,28,0
C136,32,12,7,285.7,8,3,2,0,16,38,0
C137,1,13,7,326.6,7,3,4,0,6,60,0
C137,2,11,5,296.3,4,1,1,1,7,74,0
C137,3,9,6,222.0,5,1,5,0,10,21,0
C137,4,12,6,149.2,6,1,3,0,5,48,0
C137,5,15,7,525.4,3,1,6,0,8,89,0
C137,6,10,3,384.0,10,1,3,0,13,33,0
C137,7,15,6,466.0,6,2,8,0,9,90,0
C137,8,14,7,394.1,7,0,1,0,9,36,0
C137,9,12,5,331.6,4,1,3,0,8,37,0
C137,10,10,5,302.9,6,0,0,0,19,102,0
C137,11,12,7,331.0,5,0,2,0,32,86,0
C137,12,3,1,73.7,0,0,0,0,20,19,0
C137,13,5,5,197.8,1,0,0,0,17,55,0
C137,14,12,7,247.1,5,2,7,1,13,62,0
C137,15,8,4,115.3,5,1,7,0,9,40,0
C137,16,10,5,304.0,5,0,2,0,11,35,0
C137,17,9,5,238.7,8,1,3,0,16,67,0
C137,18,11,6,282.8,3,0,1,0,25,46,0
C137,19,9,5,295.3,2,0,2,0,12,42,0
C137,20,8,3,185.5,6,3,1,0,25,100,0
C137,21,9,3,258.0,8,0,2,0,11,70,0
C137,22,12,5,338.7,8,2,2,0,5,103,0
C137,23,11,4,427.2,3,0,2,0,29,82,0
C137,24,13,6,530.0,3,0,3,0,4,80,0
C137,25,11,6,332.6,5,0,1,0,15,82,0
C137,26,9,2,269.6,5,1,0,0,12,59,0
C137,27,12,6,197.8,8,4,6,0,10,26,0
C137,28,9,4,240.8,3,0,0,1,11,12,0
C137,29,10,3,244.4,2,1,3,0,9,83,0
C137,30,10,3,400.2,8,2,2,0,16,22,0
C137,31,12,4,539.9,2,0,2,0,8,93,0
C137,32,11,4,515.3,1,0,3,0,9,34,0
C138,1,11,5,315.0,6,4,1,0,8,62,0
C138,2,5,2,171.6,0,1,0,0,21,103,0
C138,3,11,6,203.6,2,1,0,0,19,103,0
C138,4,8,5,160.6,3,2,5,0,10,66,0
C138,5,2,0,72.4,3,1,0,0,26,12,0
C138,6,4,4,120.8,1,0,0,0,19,47,0
C138,7,0,0,0.0,0,0,0,0,33,46,0
C138,8,0,0,0.0,0,0,0,0,36,60,0
C138,9,5,0,158.9,4,1,0,0,23,21,0
C138,10,1,2,5.5,0,0,0,0,22,54,0
C138,11,5,1,85.1,3,1,3,0,13,62,0
C138,12,4,0,138.5,1,0,1,0,17,92,0
C138,13,2,3,86.0,1,1,2,0,30,39,0
C138,14,1,1,47.5,0,0,0,0,24,47,0
C138,15,0,0,43.7,0,0,0,0,38,25,0
C138,16,3,0,54.6,0,0,1,0,17,56,0
C138,17,0,0,47.7,0,1,0,0,28,71,0
C138,18,2,1,18.6,0,0,1,0,20,83,0
C138,19,1,2,0.0,0,0,0,0,25,57,0
C138,20,0,0,0.0,0,1,0,0,37,94,0
C138,21,3,1,19.4,1,0,1,0,31,29,0
C138,22,4,2,73.4,0,1,0,0,19,15,0
C138,23,1,0,0.0,1,1,1,0,20,23,0
C138,24,1,0,27.1,0,0,0,0,27,26,0
C138,25,0,0,0.0,0,1,0,0,38,78,0
C138,26,0,0,20.2,0,0,0,0,34,71,0
C138,27,0,1,0.0,0,0,0,0,33,36,0
C138,28,0,1,0.0,0,0,0,0,42,42,0
C138,29,0,0,0.0,0,0,0,0,32,39,0
C138,30,1,0,43.2,0,0,0,0,34,80,0
C138,31,0,0,0.0,0,0,0,0,30,12,0
C138,32,0,1,0.0,0,0,0,0,42,45,0
C139,1,5,4,64.3,4,2,1,0,15,12,0
C139,2,2,2,76.7,0,0,0,0,39,74,0
C139,3,3,1,132.0,2,2,0,0,30,22,0
C139,4,5,2,99.5,3,0,3,0,17,77,0
C139,5,1,0,6.4,0,0,0,0,25,80,0
C139,6,5,1,73.7,3,1,2,0,14,67,0
C139,7,4,5,99.0,3,1,2,0,21,19,0
C139,8,6,1,197.9,4,1,4,0,22,73,0
C139,9,2,1,53.1,2,0,0,0,24,102,0
C139,10,8,4,242.4,6,1,1,0,14,63,0
C139,11,3,3,152.3,0,1,1,0,15,43,0
C139,12,1,0,57.9,0,0,0,1,23,65,0
C139,13,4,2,146.1,2,0,0,0,17,93,0
C139,14,3,2,126.3,1,0,0,0,24,77,0
C139,15,0,0,39.7,0,0,0,0,34,76,0
C139,16,3,0,135.8,1,0,0,0,23,100,0
C139,17,2,1,70.1,2,1,1,0,16,54,0
C139,18,2,0,3.8,4,1,1,0,21,59,0
C139,19,1,0,0.0,3,1,0,0,27,33,0
C139,20,1,0,5.9,0,1,0,0,19,32,0
C139,21,6,3,138.0,3,1,1,0,26,79,0
C139,22,6,4,233.5,3,2,2,0,13,70,0
C139,23,4,4,89.9,1,1,1,0,27,49,0
C139,24,2,2,62.6,1,1,0,0,28,103,0
C139,25,4,4,121.6,1,0,2,0,16,34,0
C139,26,2,1,62.7,0,0,1,0,16,55,0
C139,27,1,1,24.6,0,1,0,0,23,81,0
C139,28,5,6,137.5,2,2,1,0,56,79,0
C139,29,2,0,32.6,1,0,0,0,29,28,0
C139,30,2,0,66.3,1,0,0,0,26,81,0
C139,31,3,2,52.5,2,1,0,0,20,77,0
C139,32,1,0,11.8,0,0,0,0,18,49,1
C140,1,11,7,182.0,9,2,2,0,24,18,0
C140,2,11,6,278.1,3,2,3,0,8,100,0
C140,3,10,5,260.9,3,0,4,0,17,18,0
C140,4,13,7,423.6,6,1,5,0,24,60,0
C140,5,11,7,361.1,6,0,5,0,15,65,0
C140,6,15,6,292.0,7,2,2,0,6,53,0
C140,7,10,3,237.6,4,1,5,0,8,67,0
C140,8,13,7,338.6,7,2,3,0,8,25,0
C140,9,4,0,118.4,1,0,3,0,32,49,0
C140,10,8,6,175.5,5,0,3,0,17,78,0
C140,11,12,6,289.5,5,2,6,0,4,17,0
C140,12,10,7,249.8,3,1,2,0,15,26,0
C140,13,13,7,479.7,3,1,2,0,4,57,0
C140,14,11,6,281.6,2,0,1,0,17,40,0
C140,15,10,3,250.1,5,1,3,0,18,103,0
C140,16,15,5,279.9,5,1,8,0,12,89,0
C140,17,12,7,347.6,7,5,5,0,11,35,0
C140,18,10,6,228.1,5,1,2,0,13,57,0
C140,19,17,7,266.4,8,1,6,0,2,19,0
C140,20,13,7,256.4,3,1,5,0,6,24,0
C140,21,13,7,395.4,8,2,4,1,4,55,0
C140,22,11,2,374.6,4,1,1,0,18,59,0
C140,23,16,5,720.7,10,2,8,0,28,94,0
C140,24,13,5,456.7,3,2,3,0,9,88,0
C140,25,7,5,192.1,1,0,1,0,13,33,0
C140,26,10,4,367.6,5,2,4,0,7,67,0
C140,27,13,6,383.5,9,4,6,0,23,12,0
C140,28,7,4,142.7,1,0,5,0,12,77,0
C140,29,15,6,522.0,6,1,6,0,3,44,0
C140,30,16,6,562.7,7,1,3,0,7,87,0
C140,31,17,6,502.9,4,1,8,0,2,81,0
C140,32,16,7,423.7,9,1,5,0,20,83,0
C141,1,8,4,233.1,6,2,3,0,22,96,0
C141,2,5,4,181.0,3,0,1,0,18,40,0
C141,3,4,6,34.9,0,0,1,0,17,89,0
C141,4,8,6,246.3,2,0,2,0,13,57,0
C141,5,9,3,282.0,2,0,8,0,13,91,0
C141,6,5,1,133.4,0,0,1,1,23,103,0
C141,7,11,4,314.7,2,1,2,0,11,49,0
C141,8,7,0,196.6,6,0,1,0,13,45,0
C141,9,5,3,107.2,3,0,0,0,25,102,0
C141,10,9,5,223.0,1,1,2,0,9,17,0
C141,11,3,0,167.6,2,0,1,0,26,22,0
C141,12,4,1,68.3,2,1,0,0,35,18,0
C141,13,2,1,41.1,2,0,0,0,16,13,0
C141,14,5,2,129.3,5,1,4,0,21,17,0
C141,15,5,0,62.2,2,0,2,0,32,47,0
C141,16,2,1,66.7,0,1,0,0,24,102,0
C141,17,5,3,147.0,2,1,1,0,13,14,0
C141,18,6,5,68.7,1,0,3,0,20,33,0
C141,19,2,1,44.5,0,1,1,0,20,63,0
C141,20,3,3,57.4,1,1,1,0,18,86,0
C141,21,2,1,79.5,0,0,1,0,22,18,0
C141,22,3,2,83.8,1,1,1,0,16,80,0
C141,23,4,3,120.3,2,0,1,0,15,40,0
C141,24,2,0,32.0,1,0,2,0,33,88,0
C141,25,1,0,0.0,2,0,1,0,19,28,0
C141,26,0,0,0.0,0,0,0,0,45,74,0
C141,27,0,0,13.5,0,1,0,0,32,92,0
C141,28,0,1,0.0,0,0,1,1,40,100,0
C141,29,2,0,52.6,0,1,1,0,43,70,0
C141,30,0,0,0.0,1,0,0,0,49,22,0
C141,31,1,1,17.9,1,0,0,0,24,81,0
C141,32,1,1,68.5,0,0,0,0,24,50,0
C142,1,13,7,377.7,3,0,0,0,9,41,0
C142,2,8,2,231.2,3,2,1,0,12,92,0
C142,3,9,5,214.7,2,1,1,0,31,73,0
C142,4,13,6,396.7,7,2,1,0,7,29,0
C142,5,11,5,194.1,3,2,2,0,22,74,0
C142,6,9,6,189.5,6,4,2,1,12,45,0
C142,7,3,3,91.4,0,0,0,0,22,99,0
C142,8,9,5,243.1,2,1,3,0,18,93,0
C142,9,11,6,370.2,6,4,2,0,10,43,0
C142,10,8,5,301.7,6,4,2,0,13,69,0
C142,11,10,4,163.4,4,2,1,0,17,56,0
C142,12,12,7,259.8,6,2,4,0,11,37,0
C142,13,10,6,208.7,6,1,6,0,21,20,0
C142,14,7,4,312.6,0,0,2,0,29,32,0
C142,15,11,5,238.2,4,0,4,0,14,84,0
C142,16,7,4,195.9,3,1,1,0,18,55,0
C142,17,8,7,138.0,5,4,5,0,9,23,0
C142,18,12,7,370.2,7,3,4,0,13,40,0
C142,19,14,6,392.3,7,1,9,0,11,84,0
C142,20,17,6,700.3,4,3,5,0,5,87,0
C142,21,3,0,75.6,0,1,0,0,29,70,0
C142,22,5,3,124.7,0,0,4,1,19,60,0
C142,23,10,5,101.6,2,1,3,0,27,43,0
C142,24,6,3,196.0,1,1,1,0,15,27,0
C142,25,8,4,256.9,3,1,2,0,16,76,0
C142,26,6,2,172.6,3,2,2,0,12,98,0
C142,27,8,5,237.6,3,0,2,0,17,48,0
C142,28,4,1,163.1,3,2,2,0,17,38,0
C142,29,5,1,132.6,1,1,4,0,21,24,0
C142,30,5,4,164.0,1,1,1,1,12,102,0
C142,31,4,0,96.1,0,1,2,0,17,53,0
C142,32,6,4,203.8,2,2,2,0,26,89,1
C143,1,11,7,356.2,4,0,3,0,10,82,0
C143,2,9,5,201.4,3,1,6,0,8,71,0
C143,3,8,3,192.0,5,1,3,0,21,51,0
C143,4,7,3,83.1,1,0,2,0,26,31,0
C143,5,7,4,221.9,4,2,3,0,16,34,0
C143,6,7,5,187.2,6,1,3,0,12,93,0
C143,7,14,7,377.0,9,2,6,0,6,42,0
C143,8,9,6,156.4,6,1,2,0,10,103,0
C143,9,13,5,516.2,5,2,7,0,12,90,0
C143,10,5,5,166.2,0,0,0,0,23,28,0
C143,11,10,3,266.6,4,2,2,0,13,56,0
C143,12,14,7,578.5,7,1,4,0,18,23,0
C143,13,8,0,214.8,4,0,1,0,25,93,0
C143,14,9,5,265.9,3,1,4,0,21,31,0
C143,15,12,5,172.8,12,3,7,0,10,78,0
C143,16,13,7,352.7,7,1,5,0,15,32,0
C143,17,7,2,241.5,1,0,5,0,21,18,0
C143,18,8,4,119.2,2,0,3,0,16,63,0
C143,19,5,5,207.6,3,1,4,0,22,19,0
C143,20,13,7,237.3,4,1,7,0,15,27,0
C143,21,3,0,99.1,3,0,0,0,17,51,0
C143,22,2,0,65.4,0,0,1,0,33,84,0
C143,23,5,1,225.1,1,0,3,0,22,44,0
C143,24,7,3,155.4,1,0,3,0,12,39,0
C143,25,5,3,202.5,2,0,2,0,24,88,0
C143,26,8,6,178.1,4,1,0,0,15,86,0
C143,27,3,2,125.7,1,1,1,0,36,53,0
C143,28,11,4,371.1,4,0,0,0,9,64,0
C143,29,7,3,262.8,3,0,4,0,18,47,0
C143,30,12,4,439.2,7,1,6,0,21,96,0
C143,31,9,4,300.2,12,2,1,0,18,52,0
C143,32,6,2,225.4,3,0,1,0,15,65,0
C144,1,12,5,469.4,4,0,2,1,9,19,0
C144,2,7,4,135.3,1,1,1,0,13,52,0
C144,3,12,6,262.9,9,1,4,0,13,70,0
C144,4,6,2,68.2,5,0,1,0,14,96,0
C144,5,10,2,250.7,5,4,6,1,17,85,0
C144,6,3,0,135.9,1,1,0,0,17,31,0
C144,7,12,5,443.6,5,2,7,0,6,104,0
C144,8,13,6,259.9,7,1,6,1,10,57,0
C144,9,8,3,174.6,4,2,2,0,27,25,0
C144,10,11,5,315.4,6,1,3,0,10,83,0
C144,11,9,2,203.1,6,0,0,0,17,53,0
C144,12,6,4,204.9,2,0,5,1,28,14,0
C144,13,4,3,84.6,0,1,3,0,22,67,0
C144,14,9,3,183.1,3,0,3,1,13,90,0
C144,15,4,3,137.4,2,1,0,0,20,82,0
C144,16,9,5,272.0,6,1,3,0,17,19,0
C144,17,10,3,256.1,4,1,3,0,9,42,0
C144,18,7,2,231.3,3,1,1,0,30,68,0
C144,19,7,4,240.6,6,1,3,0,16,49,0
C144,20,6,0,168.0,6,1,2,1,17,102,0
C144,21,6,2,92.1,1,0,3,0,14,103,0
C144,22,8,2,169.2,2,0,3,0,13,81,0
C144,23,3,1,89.4,3,2,1,0,19,34,0
C144,24,1,0,0.0,1,0,2,0,31,52,0
C144,25,2,1,20.7,1,1,0,0,28,91,0
C144,26,0,0,0.0,1,0,0,0,29,67,0
C144,27,0,0,0.0,0,0,0,0,31,68,0
C144,28,0,0,22.8,0,0,0,1,34,92,0
C144,29,0,0,0.0,0,0,0,0,46,96,0
C144,30,0,1,49.9,0,0,0,0,31,61,0
C144,31,0,0,0.0,0,0,1,0,36,74,0
C144,32,0,0,74.0,0,0,0,0,33,34,0
C145,1,8,2,223.5,1,1,5,0,14,87,0
C145,2,10,5,159.1,4,2,2,0,15,55,0
C145,3,4,0,145.5,1,0,2,0,24,59,0
C145,4,2,1,34.5,3,2,1,0,27,104,0
C145,5,5,3,170.6,6,4,0,0,21,20,0
C145,6,9,3,240.5,7,4,3,0,13,13,0
C145,7,11,6,390.4,4,4,2,0,6,74,0
C145,8,4,2,84.9,3,1,1,0,28,12,0
C145,9,7,4,233.6,3,2,0,0,12,43,0
C145,10,4,2,76.6,4,4,1,0,21,83,0
C145,11,6,2,177.6,4,1,0,0,15,63,0
C145,12,5,4,176.2,1,1,0,0,15,44,0
C145,13,3,1,67.9,0,1,0,0,16,55,0
C145,14,5,1,153.2,0,1,1,1,19,90,0
C145,15,3,1,71.8,0,1,4,0,19,68,0
C145,16,5,1,161.9,4,3,1,0,28,18,0
C145,17,1,0,42.1,1,0,0,0,24,82,0
C145,18,0,0,0.0,0,0,0,0,32,71,0
C145,19,3,1,117.5,1,0,1,0,32,15,0
C145,20,2,0,74.4,4,2,1,0,33,70,0
C145,21,0,0,0.0,0,1,1,0,33,63,0
C145,22,3,0,104.9,2,1,0,0,19,91,0
C145,23,3,1,124.4,1,0,0,0,16,100,0
C145,24,1,0,31.0,1,1,0,0,29,47,0
C145,25,1,1,50.5,0,1,1,0,28,69,0
C145,26,2,0,67.4,0,1,0,0,20,12,0
C145,27,0,0,4.8,0,0,0,0,33,31,0
C145,28,3,2,59.0,3,0,0,0,30,19,0
C145,29,0,0,0.0,0,0,0,0,30,12,0
C145,30,1,0,20.2,0,1,0,0,24,88,0
C145,31,0,0,0.0,0,1,0,0,32,79,0
C145,32,0,0,6.1,0,1,0,0,41,30,1
C146,1,11,6,262.5,7,3,3,0,17,55,0
C146,2,11,6,434.5,2,0,0,0,10,103,0
C146,3,13,7,507.4,6,4,4,0,11,84,0
C146,4,12,3,403.1,4,2,4,0,5,81,0
C146,5,15,7,481.2,6,2,6,0,6,97,0
C146,6,9,6,295.5,3,0,3,0,19,74,0
C146,7,20,6,680.5,8,1,4,0,6,79,0
C146,8,14,5,259.8,2,1,6,0,2,99,0
C146,9,8,6,155.6,2,0,3,0,10,13,0
C146,10,8,4,289.7,3,0,4,0,13,57,0
C146,11,9,5,207.9,3,1,2,0,14,93,0
C146,12,12,4,246.0,4,2,4,0,9,52,0
C146,13,12,7,331.9,10,3,3,0,15,77,0
C146,14,7,4,208.6,8,2,5,0,40,98,0
C146,15,10,1,342.6,11,4,5,0,18,41,0
C146,16,13,7,530.8,5,2,2,0,9,96,0
C146,17,10,6,445.2,1,0,3,0,11,23,0
C146,18,10,5,194.0,2,0,1,0,14,76,0
C146,19,11,7,317.5,7,1,6,0,13,99,0
C146,20,12,6,375.6,5,1,6,0,12,34,0
C146,21,15,7,729.9,5,0,2,0,1,100,0
C146,22,11,7,191.5,7,1,4,0,5,68,0
C146,23,9,4,244.6,6,2,3,0,11,55,0
C146,24,10,6,243.3,5,3,3,0,13,44,0
C146,25,9,6,292.7,2,0,2,1,11,26,0
C146,26,8,4,217.0,8,1,0,0,15,32,0
C146,27,11,6,195.8,10,1,3,0,6,32,0
C146,28,8,6,232.0,5,3,2,0,11,25,0
C146,29,7,2,244.9,5,0,5,0,38,42,0
C146,30,13,7,343.8,8,2,1,0,3,38,0
C146,31,15,6,360.6,13,5,4,0,9,50,0
C146,32,13,7,383.0,5,0,2,0,7,51,0
C147,1,6,3,72.9,1,1,1,0,15,12,0
C147,2,8,6,213.4,3,0,3,0,10,25,0
C147,3,13,6,311.0,8,2,3,0,49,96,0
C147,4,3,2,44.3,1,1,0,0,31,69,0
C147,5,11,6,400.1,7,3,6,0,13,52,0
C147,6,9,4,158.4,6,2,2,0,14,84,0
C147,7,13,7,286.9,10,3,4,0,5,102,0
C147,8,0,1,10.8,0,0,0,0,36,63,0
C147,9,7,3,119.1,1,1,3,0,33,36,0
C147,10,4,2,54.7,0,1,3,0,18,102,0
C147,11,5,3,149.8,3,1,3,0,22,37,0
C147,12,5,4,127.8,5,0,2,0,17,77,0
C147,13,6,2,213.6,4,0,1,1,22,45,0
C147,14,2,2,43.6,1,0,2,0,16,22,0
C147,15,0,0,10.7,0,0,0,0,38,25,0
C147,16,3,1,122.5,1,0,3,0,20,84,0
C147,17,9,4,227.9,3,2,3,0,12,88,0
C147,18,8,2,216.0,2,0,2,0,22,21,0
C147,19,2,1,79.4,0,0,1,0,19,26,0
C147,20,1,0,0.0,1,0,0,0,26,66,0
C147,21,1,1,64.4,0,1,0,0,21,89,0
C147,22,0,1,0.0,0,0,0,0,38,40,0
C147,23,2,1,91.3,0,1,1,0,23,104,0
C147,24,1,0,52.3,0,0,1,0,26,42,0
C147,25,2,3,70.0,0,0,0,0,23,93,0
C147,26,2,2,53.6,1,0,0,0,26,85,0
C147,27,1,1,38.4,0,0,0,0,32,55,0
C147,28,0,0,19.0,1,0,1,1,38,24,0
C147,29,1,0,0.8,0,0,0,0,21,59,0
C147,30,0,0,0.0,0,1,0,0,31,40,0
C147,31,1,2,90.6,0,0,0,0,18,69,0
C147,32,0,1,0.0,0,0,0,0,40,78,0
C148,1,7,4,94.6,1,0,1,0,16,96,0
C148,2,10,4,117.2,9,4,3,0,12,31,0
C148,3,10,5,291.2,4,2,4,0,23,64,0
C148,4,10,5,445.6,6,3,1,0,9,47,0
C148,5,9,4,309.4,7,1,4,1,16,83,0
C148,6,10,5,203.6,5,2,4,1,10,65,0
C148,7,11,5,263.0,6,1,8,0,6,90,0
C148,8,18,7,533.3,7,1,9,0,5,66,0
C148,9,3,1,0.0,4,2,0,0,23,87,0
C148,10,14,7,440.6,6,2,3,0,20,32,0
C148,11,12,5,397.5,8,1,5,0,7,80,0
C148,12,16,7,534.3,10,3,5,0,9,61,0
C148,13,11,7,127.9,3,0,5,0,18,25,0
C148,14,7,6,185.3,2,0,1,0,15,92,0
C148,15,7,2,171.5,6,1,4,0,31,44,0
C148,16,8,5,283.8,6,0,0,0,15,18,0
C148,17,13,6,231.4,6,1,5,0,10,51,0
C148,18,9,4,241.8,5,1,3,1,21,21,0
C148,19,13,7,329.1,6,3,3,0,11,17,0
C148,20,13,6,456.7,3,0,6,0,9,69,0
C148,21,9,6,277.9,6,0,4,0,25,49,0
C148,22,8,5,194.9,0,0,2,0,13,60,0
C148,23,11,7,455.5,4,1,2,0,17,49,0
C148,24,8,2,197.4,3,0,2,0,19,28,0
C148,25,1,0,0.0,0,0,0,0,22,50,0
C148,26,0,0,32.8,0,0,1,0,36,35,0
C148,27,1,2,10.9,0,1,0,0,25,62,0
C148,28,1,0,16.6,0,0,0,0,21,80,0
C148,29,1,0,0.0,1,0,0,0,20,40,0
C148,30,2,2,66.1,2,0,1,0,24,103,0
C148,31,3,1,106.8,0,0,1,0,19,43,0
C148,32,0,0,0.0,0,0,0,0,37,86,0
C149,1,5,1,121.5,4,2,2,0,13,36,0
C149,2,3,0,65.5,1,1,1,0,17,81,0
C149,3,3,0,42.0,1,1,0,0,15,38,0
C149,4,5,3,167.1,2,1,0,0,18,78,0
C149,5,10,5,276.8,6,2,5,0,17,35,0
C149,6,4,2,128.3,1,0,0,0,18,19,0
C149,7,5,1,119.5,6,3,1,0,31,21,0
C149,8,3,1,90.6,2,2,1,1,22,27,0
C149,9,4,3,38.5,2,1,0,0,30,85,0
C149,10,4,3,112.2,3,1,1,0,30,13,0
C149,11,2,1,96.7,0,0,0,0,17,47,0
C149,12,1,0,0.0,0,0,0,0,22,14,0
C149,13,3,2,29.6,2,2,0,0,15,90,0
C149,14,1,0,0.0,2,0,1,0,26,85,0
C149,15,6,2,209.6,1,0,3,0,19,75,0
C149,16,1,0,35.4,2,2,0,0,19,83,0
C149,17,0,1,0.0,0,0,0,0,40,45,0
C149,18,0,0,3.6,0,1,0,0,32,24,0
C149,19,0,0,0.0,0,1,1,0,29,66,0
C149,20,0,0,18.6,0,0,0,0,34,35,0
C149,21,0,0,0.0,0,1,0,0,32,51,0
C149,22,0,0,0.0,0,1,1,0,28,29,0
C149,23,0,0,1.9,0,1,0,0,46,70,0
C149,24,1,0,25.4,0,0,0,0,19,54,0
C149,25,0,0,0.0,0,0,0,0,33,96,0
C149,26,0,0,13.2,0,1,0,0,35,28,0
C149,27,0,0,0.0,0,0,0,0,31,101,0
C149,28,1,0,41.5,0,1,0,0,17,16,0
C149,29,1,3,19.6,0,0,0,0,19,21,0
C149,30,0,0,11.0,0,1,0,1,46,14,0
C149,31,0,1,0.0,0,0,0,0,30,65,0
C149,32,0,1,0.0,0,1,0,0,38,91,1
C150,1,9,1,150.4,3,2,4,0,7,67,0
C150,2,13,7,446.7,6,4,1,0,18,33,0
C150,3,11,4,317.9,5,3,4,0,8,31,0
C150,4,3,1,99.1,2,0,0,0,19,73,0
C150,5,14,7,397.1,9,2,2,0,4,21,0
C150,6,12,5,371.1,0,0,3,0,10,42,0
C150,7,8,6,138.4,4,3,1,0,10,81,0
C150,8,12,6,266.7,5,1,5,0,9,66,0
C150,9,9,4,202.6,3,0,0,0,25,46,0
C150,10,12,7,298.5,6,2,4,0,7,90,0
C150,11,5,3,89.7,6,2,1,0,30,80,0
C150,12,8,4,234.3,3,2,3,0,33,48,0
C150,13,12,5,191.5,5,1,2,0,12,45,0
C150,14,12,6,398.4,5,4,2,0,21,34,0
C150,15,21,6,636.7,12,8,10,0,0,16,0
C150,16,10,6,382.5,3,0,3,0,20,33,0
C150,17,7,3,196.0,5,1,2,0,17,83,0
C150,18,6,4,156.9,3,3,0,0,21,79,0
C150,19,13,7,277.5,5,3,4,0,7,24,0
C150,20,10,6,191.1,1,1,3,0,9,35,0
C150,21,11,5,247.4,3,1,4,0,12,14,0
C150,22,9,4,251.3,4,2,4,0,21,27,0
C150,23,5,3,72.9,4,1,2,0,18,102,0
C150,24,5,1,214.5,4,3,1,0,20,56,0
C150,25,12,7,345.9,7,4,7,0,14,33,0
C150,26,12,5,335.9,6,4,5,0,7,57,0
C150,27,8,4,214.5,2,1,2,0,15,41,0
C150,28,7,3,175.3,4,2,5,0,16,18,0
C150,29,9,4,220.4,5,1,0,0,9,48,0
C150,30,9,2,347.4,5,4,3,0,7,77,0
C150,31,14,6,334.9,8,2,0,0,7,71,0
C150,32,14,7,445.2,6,3,1,0,20,15,0
C151,1,3,1,100.7,1,1,0,0,26,27,0
C151,2,5,3,137.2,0,0,2,0,17,24,0
C151,3,3,3,150.7,0,0,0,0,22,54,0
C151,4,4,4,84.1,1,0,2,0,20,78,0
C151,5,2,2,34.8,1,0,1,0,29,18,0
C151,6,3,1,103.0,0,1,0,0,22,42,0
C151,7,1,0,48.3,1,0,1,0,20,90,0
C151,8,3,0,87.5,3,0,1,0,16,75,0
C151,9,1,1,35.0,1,0,0,0,22,39,0
C151,10,3,2,74.0,2,1,1,0,16,64,0
C151,11,2,1,65.8,0,1,0,0,25,38,0
C151,12,3,3,117.6,0,0,2,0,30,27,0
C151,13,0,0,44.9,0,0,0,0,36,54,0
C151,14,3,2,26.9,3,0,1,0,23,46,0
C151,15,2,1,50.0,1,0,2,0,29,35,0
C151,16,0,0,6.2,0,1,0,0,36,65,0
C151,17,0,0,5.6,0,0,0,0,34,15,0
C151,18,1,1,5.9,0,1,0,0,32,95,0
C151,19,0,1,11.5,0,0,0,0,36,25,0
C151,20,3,2,123.1,2,1,0,0,26,27,0
C151,21,0,1,0.0,0,0,0,0,35,40,0
C151,22,1,2,0.0,0,0,0,0,38,27,0
C151,23,1,0,17.2,0,0,0,0,27,99,0
C151,24,1,0,27.6,3,3,0,1,31,72,0
C151,25,1,0,34.9,1,1,0,0,31,14,0
C151,26,0,0,0.0,0,1,0,0,34,23,0
C151,27,1,0,16.4,0,1,0,0,19,34,0
C151,28,0,0,0.0,0,0,0,0,30,24,0
C151,29,0,0,0.0,0,1,0,0,42,75,0
C151,30,0,0,13.2,0,0,0,1,35,77,0
C151,31,0,0,0.0,0,0,1,0,36,76,0
C151,32,0,0,0.0,0,0,0,0,33,52,0
C152,1,5,2,84.1,3,1,0,0,38,97,0
C152,2,9,4,173.6,6,0,6,0,12,74,0
C152,3,6,4,176.4,2,0,3,1,16,28,0
C152,4,4,2,134.2,1,1,0,0,29,87,0
C152,5,4,1,99.1,0,0,4,0,20,31,0
C152,6,1,2,26.0,0,0,0,0,30,63,0
C152,7,6,2,158.3,7,2,0,0,21,58,0
C152,8,5,2,153.7,3,0,3,0,24,65,0
C152,9,4,0,111.4,4,0,1,0,17,85,0
C152,10,4,3,97.8,0,0,0,0,17,44,0
C152,11,1,0,36.8,2,0,0,0,26,83,0
C152,12,6,3,157.0,4,2,1,0,33,98,0
C152,13,4,1,114.5,1,0,1,0,31,50,0
C152,14,4,3,143.8,1,0,1,0,17,95,0
C152,15,3,2,87.3,1,0,0,1,18,46,0
C152,16,6,4,88.8,4,0,4,1,15,43,0
C152,17,2,0,93.4,0,1,1,0,19,80,0
C152,18,2,1,60.8,1,0,1,0,26,82,0
C152,19,3,1,56.3,2,0,1,0,22,55,0
C152,20,1,1,37.7,0,0,2,0,20,102,0
C152,21,7,2,224.3,4,0,2,0,40,89,0
C152,22,1,1,51.2,1,0,0,0,43,64,0
C152,23,4,1,103.6,1,0,3,1,17,97,0
C152,24,4,1,120.4,2,0,1,0,24,30,0
C152,25,6,5,209.1,5,1,1,0,27,15,0
C152,26,3,3,113.6,1,1,2,0,39,38,0
C152,27,9,2,308.0,2,0,2,0,21,77,0
C152,28,2,0,36.7,3,2,0,0,18,17,0
C152,29,5,4,119.5,2,0,0,0,15,67,0
C152,30,7,3,237.2,4,0,2,1,18,28,0
C152,31,6,5,231.7,4,1,1,0,35,26,0
C152,32,7,4,176.4,2,1,4,0,27,57,0
C153,1,14,6,343.6,8,5,5,0,2,36,0
C153,2,7,4,99.2,3,1,0,0,25,43,0
C153,3,7,4,183.5,3,1,2,0,14,70,0
C153,4,8,3,187.7,6,4,2,0,18,82,0
C153,5,10,2,293.8,6,4,3,0,22,56,0
C153,6,11,4,288.5,6,3,5,0,7,104,0
C153,7,7,1,105.6,5,1,1,0,12,30,0
C153,8,4,1,81.4,0,0,3,0,18,84,0
C153,9,9,5,182.9,5,3,3,0,12,79,0
C153,10,7,3,198.0,3,2,1,0,22,48,0
C153,11,6,1,153.7,3,2,3,0,16,80,0
C153,12,5,2,166.3,1,0,1,0,28,104,0
C153,13,7,5,119.4,2,1,4,0,11,17,0
C153,14,13,7,403.0,10,3,3,0,11,28,0
C153,15,7,3,147.0,2,2,3,0,30,60,0
C153,16,8,3,256.6,5,3,2,0,14,85,0
C153,17,5,1,162.7,2,1,1,0,18,45,0
C153,18,5,4,80.8,3,0,1,0,17,31,0
C153,19,13,7,376.3,3,2,4,0,4,103,0
C153,20,4,2,120.9,2,1,0,0,31,15,0
C153,21,7,5,197.8,2,0,6,0,14,67,0
C153,22,7,5,160.0,2,1,2,0,16,53,0
C153,23,9,6,339.4,3,1,6,0,22,46,0
C153,24,5,3,160.9,1,1,2,0,18,92,0
C153,25,7,4,144.6,1,0,1,0,12,42,0
C153,26,5,0,153.5,2,2,2,0,24,16,0
C153,27,11,6,406.2,2,1,4,0,21,58,0
C153,28,9,4,186.4,2,1,1,0,13,40,0
C153,29,9,4,219.2,2,1,2,0,21,87,0
C153,30,12,6,296.2,7,3,4,0,4,43,0
C153,31,9,4,216.8,3,2,4,0,12,15,0
C153,32,13,7,329.5,7,4,8,0,7,47,0
C154,1,12,6,424.8,8,3,3,0,10,50,0
C154,2,13,6,211.6,4,1,11,0,11,17,0
C154,3,13,6,287.7,8,2,7,0,3,26,0
C154,4,11,5,362.0,6,1,3,0,7,64,0
C154,5,13,7,283.1,3,1,6,1,5,63,0
C154,6,13,7,391.5,5,1,7,0,12,15,0
C154,7,10,5,126.6,7,2,7,0,35,104,0
C154,8,7,1,302.4,6,2,1,0,15,81,0
C154,9,10,5,268.4,1,0,4,0,16,59,0
C154,10,9,5,424.4,2,0,3,0,14,24,0
C154,11,11,5,211.2,7,2,2,0,9,76,0
C154,12,10,4,269.4,4,0,5,0,22,24,0
C154,13,14,7,326.8,6,1,3,1,21,50,0
C154,14,13,7,315.1,5,1,1,0,12,43,0
C154,15,14,6,667.4,6,2,2,0,27,82,0
C154,16,9,5,162.2,4,1,3,0,10,43,0
C154,17,16,6,334.1,7,1,5,0,3,101,0
C154,18,5,1,126.0,4,0,1,1,26,48,0
C154,19,13,6,510.9,8,3,4,0,7,83,0
C154,20,17,7,335.2,6,1,2,0,7,47,0
C154,21,8,3,143.4,4,1,2,0,13,17,0
C154,22,9,6,310.5,3,1,3,0,13,22,0
C154,23,7,4,129.8,3,0,2,1,25,76,0
C154,24,16,7,212.7,4,0,4,0,6,59,0
C154,25,1,0,35.0,1,0,0,0,23,36,0
C154,26,7,4,245.9,1,0,1,0,22,57,0
C154,27,0,0,0.0,0,0,0,0,33,79,0
C154,28,3,2,127.3,1,1,1,0,25,104,0
C154,29,2,1,18.2,1,1,1,1,18,49,0
C154,30,10,5,280.4,7,2,5,0,7,99,0
C154,31,0,0,20.3,0,1,0,1,31,67,0
C154,32,2,1,88.9,3,1,0,0,20,17,1
C155,1,12,5,438.7,6,0,6,0,10,62,0
C155,2,5,1,133.6,0,0,1,0,26,50,0
C155,3,16,7,560.9,7,1,4,0,11,58,0
C155,4,14,7,557.5,4,1,7,0,8,63,0
C155,5,10,6,340.1,6,1,2,0,9,83,0
C155,6,9,3,285.4,3,1,1,0,9,34,0
C155,7,11,4,327.6,6,1,2,0,10,21,0
C155,8,9,6,171.6,4,0,3,0,26,25,0
C155,9,6,3,158.8,1,0,1,1,14,33,0
C155,10,12,6,398.5,6,3,3,0,19,60,0
C155,11,10,5,342.0,11,2,2,0,19,57,0
C155,12,12,6,320.4,4,0,3,0,22,69,0
C155,13,12,7,531.9,6,0,6,0,4,53,0
C155,14,10,7,371.2,2,0,2,0,6,80,0
C155,15,12,5,321.7,4,2,7,0,19,52,0
C155,16,15,6,673.7,6,2,3,0,10,70,0
C155,17,14,7,232.7,6,1,6,0,12,31,0
C155,18,10,5,312.3,5,1,4,0,8,34,0
C155,19,13,6,309.4,8,1,5,0,9,33,0
C155,20,10,5,286.7,3,0,2,0,24,78,0
C155,21,13,7,322.9,4,2,7,0,7,54,0
C155,22,10,7,331.8,9,4,2,0,11,35,0
C155,23,8,4,201.1,5,2,4,0,9,100,0
C155,24,16,7,395.4,5,3,5,0,6,79,0
C155,25,7,4,183.4,3,0,1,0,13,86,0
C155,26,10,5,379.8,4,1,4,0,25,21,0
C155,27,6,2,111.2,0,1,0,0,19,39,0
C155,28,13,7,252.3,9,3,5,0,5,53,0
C155,29,15,6,418.5,6,0,5,0,5,52,0
C155,30,8,3,194.2,2,1,4,0,17,56,0
C155,31,12,7,321.7,4,1,2,0,13,100,0
C155,32,8,5,299.4,3,1,2,0,12,102,0
C156,1,6,2,151.0,2,0,5,0,20,77,0
C156,2,6,2,192.1,2,2,3,0,24,70,0
C156,3,18,7,488.2,4,0,5,0,7,46,0
C156,4,8,6,202.0,3,2,2,0,21,99,0
C156,5,8,4,202.5,4,0,1,0,11,63,0
C156,6,8,5,140.8,3,2,2,0,10,103,0
C156,7,16,6,341.5,7,2,1,0,3,81,0
C156,8,13,6,490.1,4,1,4,0,12,67,0
C156,9,9,6,252.8,4,1,2,0,29,90,0
C156,10,20,7,652.3,12,5,8,0,17,33,0
C156,11,6,1,79.5,4,1,2,0,18,37,0
C156,12,4,1,106.2,1,1,2,0,25,31,0
C156,13,10,6,290.6,5,4,2,0,14,62,0
C156,14,9,5,316.1,2,2,7,0,18,102,0
C156,15,6,1,142.9,4,4,0,0,17,81,0
C156,16,4,0,131.7,0,0,1,0,18,85,0
C156,17,10,7,305.5,6,2,2,0,26,22,0
C156,18,9,6,304.1,4,2,3,0,10,18,0
C156,19,7,4,243.7,4,1,1,0,18,27,0
C156,20,8,5,199.9,2,2,4,0,9,63,0
C156,21,11,4,277.1,8,3,1,0,26,40,0
C156,22,16,7,402.6,7,4,7,0,16,94,0
C156,23,10,5,204.3,6,2,5,0,18,34,0
C156,24,7,4,250.7,5,0,2,0,14,76,0
C156,25,9,4,186.0,4,1,1,0,16,26,0
C156,26,12,7,481.6,5,4,2,0,22,34,0
C156,27,6,3,207.8,1,0,2,0,14,103,0
C156,28,10,7,235.2,5,3,2,0,21,70,0
C156,29,6,5,119.4,5,3,1,0,25,89,0
C156,30,10,5,200.5,10,5,5,0,8,30,0
C156,31,7,5,168.7,3,2,1,0,14,30,0
C156,32,10,7,259.1,5,4,7,0,8,44,1
C157,1,5,2,121.6,2,0,4,0,24,62,0
C157,2,4,1,96.3,1,0,1,0,23,12,0
C157,3,4,2,118.9,3,1,0,0,30,27,0
C157,4,5,2,180.9,2,0,2,0,17,28,0
C157,5,7,4,235.1,4,0,4,0,23,86,0
C157,6,10,5,298.1,6,1,3,0,10,61,0
C157,7,6,2,248.8,3,2,1,0,13,62,0
C157,8,9,5,267.5,3,0,2,0,16,13,0
C157,9,8,4,253.3,3,0,3,0,13,46,0
C157,10,4,1,183.3,0,0,1,0,21,91,0
C157,11,2,2,75.4,1,0,0,0,26,53,0
C157,12,4,1,129.0,1,1,1,0,19,66,0
C157,13,7,2,227.3,3,0,0,0,12,73,0
C157,14,5,3,199.3,0,1,2,0,17,100,0
C157,15,6,3,254.9,3,2,4,0,35,37,0
C157,16,2,3,25.9,0,0,2,0,17,34,0
C157,17,8,6,112.8,6,1,1,0,27,76,0
C157,18,4,2,111.9,1,1,1,0,16,48,0
C157,19,3,0,50.8,3,1,2,0,20,39,0
C157,20,5,4,140.9,1,0,2,0,21,102,0
C157,21,10,5,260.6,4,3,3,0,16,49,0
C157,22,6,3,133.0,2,0,2,0,15,97,0
C157,23,3,4,66.5,2,0,1,0,15,48,0
C157,24,8,2,270.9,3,0,1,0,12,87,0
C157,25,3,3,90.8,0,0,1,0,20,95,0
C157,26,7,5,154.0,7,3,2,0,18,100,0
C157,27,5,2,102.5,6,1,4,0,16,25,0
C157,28,8,4,133.3,4,1,4,0,14,26,0
C157,29,6,4,82.3,3,1,2,0,20,60,0
C157,30,8,4,275.7,2,1,1,0,13,68,0
C157,31,8,5,270.2,2,1,2,0,12,28,0
C157,32,4,1,88.3,2,1,2,0,20,73,0
C158,1,9,5,284.8,2,0,2,0,21,67,0
C158,2,14,6,388.7,4,1,3,0,5,98,0
C158,3,6,2,91.4,3,0,2,0,15,95,0
C158,4,2,3,59.1,0,0,0,0,22,15,0
C158,5,10,3,149.3,5,1,7,0,8,56,0
C158,6,11,7,182.1,6,2,2,0,8,59,0
C158,7,10,4,474.2,6,0,1,0,39,45,0
C158,8,9,5,241.3,4,1,3,0,19,74,0
C158,9,6,3,168.1,1,0,2,0,24,63,0
C158,10,7,3,223.1,5,0,2,0,27,31,0
C158,11,7,2,143.3,3,0,2,1,15,19,0
C158,12,15,6,614.2,10,2,6,0,11,48,0
C158,13,11,7,279.2,2,0,4,0,6,30,0
C158,14,10,5,305.0,4,1,3,0,9,99,0
C158,15,7,3,250.8,4,1,0,0,15,67,0
C158,16,12,7,457.7,6,1,1,0,15,94,0
C158,17,13,7,303.5,2,0,2,0,15,62,0
C158,18,11,7,298.0,9,2,0,0,18,19,0
C158,19,8,4,247.8,4,1,4,0,17,74,0
C158,20,12,6,451.9,5,1,2,0,9,58,0
C158,21,11,4,263.8,10,4,3,0,7,28,0
C158,22,7,6,244.0,4,0,0,0,15,81,0
C158,23,5,2,159.5,1,0,1,0,17,67,0
C158,24,12,5,259.1,3,1,6,0,6,56,0
C158,25,15,7,233.4,5,0,2,0,23,14,0
C158,26,18,6,390.8,8,2,4,0,3,82,0
C158,27,12,6,312.5,11,3,1,0,11,40,0
C158,28,11,3,408.8,4,3,7,1,7,79,0
C158,29,9,5,201.3,2,0,3,0,21,27,0
C158,30,10,5,225.9,4,1,7,0,8,19,0
C158,31,5,2,202.0,0,0,0,0,31,50,0
C158,32,10,3,270.3,2,1,2,0,16,82,1
C159,1,9,5,297.4,7,1,1,0,13,22,0
C159,2,17,5,537.2,7,3,4,0,18,46,0
C159,3,13,7,247.0,7,2,4,0,11,82,0
C159,4,14,7,255.6,8,0,6,0,14,17,0
C159,5,10,4,223.9,3,0,5,0,7,47,0
C159,6,10,6,206.1,4,0,2,0,20,52,0
C159,7,14,7,365.4,6,0,5,0,12,57,0
C159,8,10,7,219.2,7,1,3,0,12,90,0
C159,9,9,6,196.4,1,0,3,0,21,72,0
C159,10,14,7,547.0,8,3,3,0,7,53,0
C159,11,14,7,422.6,4,1,2,0,8,88,0
C159,12,12,7,293.8,4,0,5,0,5,87,0
C159,13,6,3,236.8,2,0,2,0,17,71,0
C159,14,16,7,632.6,3,0,2,0,4,19,0
C159,15,20,7,408.5,9,2,10,0,1,42,0
C159,16,17,5,481.8,8,1,2,0,7,18,0
C159,17,5,2,91.4,4,2,2,0,28,58,0
C159,18,8,4,228.9,3,1,1,0,16,45,0
C159,19,10,5,396.5,4,2,5,1,16,88,0
C159,20,12,7,297.1,8,2,7,0,25,60,0
C159,21,9,5,181.5,5,1,4,0,8,71,0
C159,22,8,5,146.2,8,0,3,0,22,47,0
C159,23,18,7,512.4,7,1,5,0,1,57,0
C159,24,13,7,258.8,4,2,5,0,9,23,0
C159,25,10,4,281.6,2,1,0,0,12,69,0
C159,26,20,6,551.0,7,4,8,0,6,81,0
C159,27,14,7,404.7,6,0,6,0,16,74,0
C159,28,6,3,105.0,3,1,2,0,30,30,0
C159,29,10,4,369.5,4,0,1,0,10,85,0
C159,30,12,6,339.3,5,2,7,0,10,57,0
C159,31,18,6,354.1,7,1,6,0,9,13,0
C159,32,11,6,223.5,5,1,2,0,27,39,1
C160,1,11,6,418.2,6,1,6,0,20,96,0
C160,2,4,5,127.8,1,0,1,0,22,70,0
C160,3,0,0,0.0,2,1,0,0,39,97,0
C160,4,8,5,318.8,2,1,3,0,17,83,0
C160,5,9,3,302.7,6,1,1,0,45,85,0
C160,6,3,2,115.8,1,1,2,0,22,26,0
C160,7,2,3,45.6,1,1,0,0,20,56,0
C160,8,11,6,286.5,1,1,4,0,8,61,0
C160,9,1,0,25.0,1,0,0,0,19,53,0
C160,10,4,1,125.2,1,0,1,0,21,52,0
C160,11,6,2,236.9,1,0,2,1,19,42,0
C160,12,5,1,153.6,0,0,1,0,25,76,0
C160,13,4,2,99.8,2,1,0,0,18,58,0
C160,14,3,2,63.9,1,1,0,0,22,41,0
C160,15,11,6,336.6,5,1,4,0,13,20,0
C160,16,5,2,122.9,3,1,0,0,22,47,0
C160,17,7,5,199.8,1,0,2,0,13,93,0
C160,18,5,2,143.5,2,0,4,0,13,27,0
C160,19,3,0,69.4,3,0,1,0,23,34,0
C160,20,5,3,143.9,0,0,0,0,21,68,0
C160,21,3,1,159.9,1,0,1,0,25,87,0
C160,22,3,1,44.4,0,0,0,0,20,12,0
C160,23,13,7,380.4,4,2,0,0,4,87,0
C160,24,2,1,44.9,1,0,2,0,20,62,0
C160,25,6,1,159.3,1,0,1,0,16,72,0
C160,26,8,4,188.8,2,1,2,0,11,59,0
C160,27,7,3,198.2,4,2,1,0,14,60,0
C160,28,9,3,289.9,4,1,2,0,11,69,0
C160,29,2,2,28.9,2,0,0,0,18,100,0
C160,30,12,6,311.8,5,3,5,0,10,64,0
C160,31,4,3,51.8,2,0,0,0,22,39,0
C160,32,3,0,87.4,3,0,0,0,26,62,1
C161,1,5,3,97.1,3,1,1,0,17,26,0
C161,2,5,0,172.6,1,0,1,0,14,54,0
C161,3,9,6,285.0,8,2,1,0,16,28,0
C161,4,4,1,152.2,5,3,0,0,21,26,0
C161,5,4,4,144.3,1,0,0,0,16,76,0
C161,6,5,2,101.1,2,1,1,0,18,102,0
C161,7,9,7,230.6,4,2,3,0,13,75,0
C161,8,4,0,117.9,3,2,2,0,21,93,0
C161,9,7,3,300.5,2,1,2,0,14,50,0
C161,10,7,4,161.8,3,0,0,0,13,25,0
C161,11,7,5,196.3,0,0,3,0,25,27,0
C161,12,9,6,147.4,3,2,5,0,10,79,0
C161,13,1,0,27.5,0,0,1,0,20,22,0
C161,14,10,5,351.2,2,2,3,0,10,65,0
C161,15,4,3,152.0,1,0,3,0,19,26,0
C161,16,5,1,171.7,1,1,5,0,23,72,0
C161,17,6,3,214.1,5,1,4,0,23,53,0
C161,18,5,2,171.2,2,1,0,0,16,47,0
C161,19,3,2,104.1,3,1,3,0,30,96,0
C161,20,2,0,51.0,1,0,0,0,30,97,0
C161,21,3,1,70.9,0,0,1,0,40,12,0
C161,22,4,3,65.0,1,0,0,0,18,30,0
C161,23,6,0,135.0,0,0,1,0,17,75,0
C161,24,5,2,158.1,3,0,2,0,32,73,0
C161,25,7,6,166.0,1,1,2,0,13,80,0
C161,26,10,5,264.6,8,1,4,0,16,72,0
C161,27,5,3,152.2,4,3,0,0,12,16,0
C161,28,5,2,92.4,1,0,1,0,19,20,0
C161,29,5,5,171.0,1,0,1,0,20,81,0
C161,30,3,4,33.0,3,1,1,0,26,41,0
C161,31,10,3,95.0,3,1,4,0,11,69,0
C161,32,5,2,138.1,4,1,3,0,32,79,1
C162,1,12,7,263.9,7,1,2,0,16,85,0
C162,2,12,6,424.7,7,2,6,0,11,62,0
C162,3,10,6,383.8,4,1,2,0,8,100,0
C162,4,14,7,445.9,6,4,4,0,12,98,0
C162,5,6,4,157.8,4,2,3,0,15,78,0
C162,6,8,6,158.0,3,2,2,0,18,66,0
C162,7,7,5,209.1,0,1,1,0,21,60,0
C162,8,1,1,12.8,0,0,0,0,42,95,0
C162,9,10,4,241.9,2,1,2,0,23,73,0
C162,10,5,2,130.7,2,2,4,0,19,48,0
C162,11,1,0,20.7,0,1,0,0,32,29,0
C162,12,5,2,219.4,2,1,1,0,13,16,0
C162,13,10,4,164.9,5,3,3,0,18,71,0
C162,14,4,1,54.9,2,2,3,0,14,81,0
C162,15,2,2,10.2,1,0,0,0,26,60,0
C162,16,6,3,135.6,2,0,5,0,16,28,0
C162,17,4,2,110.9,1,1,0,0,19,96,0
C162,18,3,3,84.5,0,1,0,0,23,80,0
C162,19,7,3,233.4,4,2,1,1,18,57,0
C162,20,4,4,163.2,3,2,1,0,20,34,0
C162,21,6,3,155.3,3,2,2,0,41,48,0
C162,22,4,3,148.8,2,1,3,0,30,29,0
C162,23,8,6,212.4,5,1,3,0,14,48,0
C162,24,2,0,53.2,2,2,0,0,19,23,0
C162,25,4,1,84.7,2,1,0,0,29,93,0
C162,26,8,3,77.4,3,2,1,0,11,70,0
C162,27,7,4,104.4,5,2,4,0,14,55,0
C162,28,4,1,118.6,1,0,1,0,25,43,0
C162,29,9,6,309.2,8,5,0,0,24,104,0
C162,30,4,1,126.1,0,0,0,0,16,27,0
C162,31,10,6,258.5,1,1,2,0,14,19,0
C162,32,12,6,408.9,3,0,5,0,13,35,0
C163,1,4,4,121.2,2,0,0,0,28,81,0
C163,2,11,5,400.4,5,2,4,0,7,40,0
C163,3,7,5,149.2,2,1,3,0,12,103,0
C163,4,9,4,209.8,2,1,4,0,15,80,0
C163,5,8,5,113.2,7,2,0,0,14,34,0
C163,6,7,4,277.8,7,4,3,0,29,72,0
C163,7,7,4,251.6,6,0,3,0,19,74,0
C163,8,11,6,157.2,4,1,6,0,9,48,0
C163,9,4,1,53.9,3,0,1,0,25,46,0
C163,10,7,4,304.8,4,1,3,0,14,102,0
C163,11,14,6,345.4,6,1,5,0,15,69,0
C163,12,3,1,90.2,2,2,1,0,16,69,0
C163,13,5,3,148.1,0,0,2,0,17,35,0
C163,14,9,5,230.2,3,0,6,0,16,25,0
C163,15,2,1,43.8,5,1,1,0,37,69,0
C163,16,8,5,229.7,4,1,3,0,22,51,0
C163,17,8,2,225.6,1,0,2,0,17,24,0
C163,18,8,5,190.6,3,1,3,0,11,86,0
C163,19,11,6,299.2,6,3,3,0,18,19,0
C163,20,9,5,160.1,6,1,2,0,10,34,0
C163,21,9,5,314.8,6,1,4,0,17,44,0
C163,22,7,4,131.5,8,1,0,0,18,22,0
C163,23,7,3,294.1,0,1,5,0,18,25,0
C163,24,11,7,302.0,6,1,2,0,14,71,0
C163,25,11,6,206.6,4,2,6,0,7,38,0
C163,26,9,6,250.4,7,2,1,0,19,14,0
C163,27,9,5,369.9,5,2,5,0,13,46,0
C163,28,11,5,349.4,5,1,4,0,10,28,0
C163,29,4,3,51.4,3,1,2,0,15,61,0
C163,30,9,4,235.0,9,1,5,0,12,89,0
C163,31,7,5,89.0,3,2,2,0,18,83,0
C163,32,7,4,213.0,1,0,1,0,16,104,1
C164,1,10,5,253.1,5,2,3,0,16,33,0
C164,2,17,6,448.4,8,1,5,0,7,87,0
C164,3,7,3,243.4,1,0,2,0,20,30,0
C164,4,9,5,236.3,6,3,2,0,23,94,0
C164,5,9,3,239.7,7,1,1,1,8,83,0
C164,6,4,1,100.2,3,0,2,0,28,65,0
C164,7,12,6,379.3,4,0,4,0,5,104,0
C164,8,6,4,202.0,3,1,0,0,16,66,0
C164,9,5,4,156.1,1,0,2,0,24,54,0
C164,10,3,1,71.8,1,1,0,0,15,18,0
C164,11,12,7,375.8,4,1,6,0,11,46,0
C164,12,14,6,448.9,9,2,4,0,6,20,0
C164,13,5,4,177.8,4,0,1,0,15,81,0
C164,14,14,6,377.6,7,2,6,0,10,73,0
C164,15,11,6,288.6,3,1,6,0,12,26,0
C164,16,11,5,472.8,1,0,7,0,16,51,0
C164,17,13,6,392.9,5,2,8,0,7,70,0
C164,18,6,1,118.1,3,1,1,0,21,12,0
C164,19,9,3,270.0,5,1,2,0,19,53,0
C164,20,5,2,150.3,1,0,3,0,18,43,0
C164,21,5,4,219.0,4,0,0,0,13,33,0
C164,22,9,4,161.9,0,0,1,0,11,73,0
C164,23,10,6,351.5,6,1,1,0,14,98,0
C164,24,7,4,200.2,0,0,5,0,25,44,0
C164,25,8,4,193.9,3,0,2,0,14,102,0
C164,26,7,1,251.4,5,1,0,0,20,73,0
C164,27,10,6,262.9,4,2,2,0,14,98,0
C164,28,10,5,354.3,1,0,0,0,10,70,0
C164,29,9,3,268.7,4,2,1,1,18,94,0
C164,30,11,5,358.1,8,1,5,0,9,12,0
C164,31,6,3,197.2,2,1,3,0,13,23,0
C164,32,5,2,105.8,3,1,0,0,19,28,0
C165,1,3,3,117.7,0,0,1,0,19,90,0
C165,2,3,1,116.2,1,0,0,0,16,17,0
C165,3,7,3,92.9,8,4,3,0,12,12,0
C165,4,4,0,159.2,4,2,0,0,33,90,0
C165,5,7,6,136.5,4,1,3,1,17,22,0
C165,6,9,6,176.2,4,3,4,1,14,104,0
C165,7,9,7,217.5,7,5,1,0,10,41,0
C165,8,8,2,274.8,6,3,4,0,18,46,0
C165,9,8,3,67.8,1,1,3,1,16,21,0
C165,10,7,2,119.9,4,2,1,0,11,23,0
C165,11,6,2,89.4,3,3,1,0,21,100,0
C165,12,3,1,125.3,1,0,0,1,18,68,0
C165,13,6,2,223.1,1,1,4,0,16,14,0
C165,14,1,0,0.0,0,1,1,0,21,23,0
C165,15,9,2,279.5,3,1,5,0,16,29,0
C165,16,7,3,216.2,5,2,5,0,24,100,0
C165,17,6,1,93.5,7,2,2,0,35,38,0
C165,18,3,2,145.3,1,0,1,0,35,86,0
C165,19,7,4,231.2,1,1,2,1,19,22,0
C165,20,5,5,130.0,3,1,3,0,14,61,0
C165,21,8,2,241.0,7,4,1,0,20,63,0
C165,22,4,1,94.9,1,1,0,0,17,96,0
C165,23,3,0,31.5,0,0,3,0,16,14,0
C165,24,0,0,0.0,0,1,0,0,30,22,0
C165,25,0,0,17.1,0,1,0,0,48,36,0
C165,26,0,1,8.4,0,1,0,0,37,98,0
C165,27,1,1,31.3,0,1,0,0,27,12,0
C165,28,0,0,0.0,0,1,0,0,41,31,0
C165,29,0,2,0.0,0,0,0,0,34,87,0
C165,30,0,1,9.6,0,0,1,0,28,82,0
C165,31,0,1,5.1,0,1,0,0,45,34,0
C165,32,1,2,2.2,0,0,0,0,34,77,1
C166,1,13,7,542.0,11,2,4,0,7,38,0
C166,2,16,7,491.3,4,1,3,0,3,21,0
C166,3,9,4,238.5,3,1,4,0,21,84,0
C166,4,9,6,76.8,1,0,1,0,29,83,0
C166,5,13,7,365.9,6,2,5,1,15,43,0
C166,6,12,7,336.3,3,0,0,0,6,89,0
C166,7,12,6,323.7,5,1,2,0,22,85,0
C166,8,15,6,390.0,2,0,4,0,16,20,0
C166,9,9,4,279.8,2,2,6,0,21,96,0
C166,10,14,7,342.0,9,2,5,0,14,97,0
C166,11,8,4,198.9,4,1,2,0,19,45,0
C166,12,7,1,210.7,1,1,4,0,15,27,0
C166,13,14,7,286.6,6,1,4,0,6,66,0
C166,14,20,6,1077.1,12,3,3,1,9,50,0
C166,15,9,6,239.6,3,1,8,0,31,24,0
C166,16,6,5,39.0,5,0,3,0,24,42,0
C166,17,12,5,319.6,8,1,6,0,31,85,0
C166,18,9,5,257.9,2,0,2,0,27,13,0
C166,19,6,3,208.0,0,0,3,0,31,80,0
C166,20,5,2,170.7,3,0,1,1,17,61,0
C166,21,6,4,234.2,1,0,0,0,13,102,0
C166,22,4,3,163.0,2,1,1,0,18,86,0
C166,23,4,2,106.9,0,0,3,0,17,34,0
C166,24,7,3,241.9,5,5,3,0,12,53,0
C166,25,5,3,119.1,4,0,2,0,14,27,0
C166,26,5,2,127.1,4,1,0,0,24,56,0
C166,27,6,4,174.5,4,2,2,0,19,37,0
C166,28,1,0,23.8,0,0,0,0,21,93,0
C166,29,3,2,29.8,3,2,1,0,22,29,0
C166,30,7,2,280.2,2,0,1,0,18,75,0
C166,31,1,1,29.6,0,1,0,0,33,33,0
C166,32,6,4,212.6,7,0,1,0,20,37,0
C167,1,0,0,0.0,0,0,0,0,30,44,0
C167,2,4,3,68.1,1,1,4,0,16,43,0
C167,3,4,3,86.0,0,0,3,0,20,20,0
C167,4,2,3,69.7,0,0,0,0,20,56,0
C167,5,4,3,150.5,3,1,0,0,15,77,0
C167,6,5,3,32.3,3,1,2,0,17,95,0
C167,7,3,3,68.0,0,0,0,0,15,77,0
C167,8,3,3,55.2,0,0,1,0,16,99,0
C167,9,4,2,102.8,1,1,1,0,19,80,0
C167,10,2,1,65.4,0,0,0,0,23,28,0
C167,11,6,2,143.2,1,0,1,0,16,103,0
C167,12,2,0,38.8,0,0,1,0,27,69,0
C167,13,3,0,99.1,5,0,2,0,31,90,0
C167,14,0,0,0.0,0,0,0,0,38,22,0
C167,15,3,2,51.2,1,0,0,0,25,56,0
C167,16,5,2,80.7,0,0,1,0,19,13,0
C167,17,2,2,31.7,0,1,1,0,30,86,0
C167,18,3,3,12.8,3,2,0,0,21,50,0
C167,19,0,0,0.0,0,0,0,0,35,68,0
C167,20,3,0,85.2,1,0,1,0,18,96,0
C167,21,3,3,50.9,4,0,0,0,24,32,0
C167,22,3,1,94.8,2,0,1,0,32,82,0
C167,23,3,2,42.6,1,0,1,1,29,57,0
C167,24,3,1,60.9,2,1,3,0,23,17,0
C167,25,2,2,101.5,0,0,0,0,30,38,0
C167,26,3,2,119.1,2,0,1,0,25,80,0
C167,27,5,2,154.3,4,2,3,0,17,74,0
C167,28,1,1,84.4,0,0,0,0,27,96,0
C167,29,2,0,69.3,0,0,1,0,23,86,0
C167,30,1,0,37.1,2,1,0,0,28,93,0
C167,31,1,0,15.6,1,0,0,1,44,92,0
C167,32,2,1,99.6,1,0,1,0,20,16,1
C168,1,1,0,0.0,0,1,1,0,24,73,0
C168,2,5,1,85.6,2,0,2,0,21,50,0
C168,3,6,5,98.9,4,0,2,1,37,22,0
C168,4,9,4,162.2,3,0,1,0,17,59,0
C168,5,4,2,120.2,2,1,3,1,16,65,0
C168,6,1,0,19.7,1,1,0,0,27,53,0
C168,7,6,3,170.7,4,1,1,0,19,82,0
C168,8,4,2,151.8,1,1,1,0,32,64,0
C168,9,3,2,47.2,1,0,1,0,24,18,0
C168,10,4,2,129.2,2,1,1,0,23,69,0
C168,11,5,2,121.9,2,0,1,0,16,81,0
C168,12,6,3,189.1,3,0,2,0,23,28,0
C168,13,4,2,123.2,1,0,2,0,19,45,0
C168,14,5,3,121.4,4,1,1,0,19,93,0
C168,15,6,1,63.6,2,1,0,0,15,102,0
C168,16,1,0,27.1,0,0,0,0,38,74,0
C168,17,3,2,87.0,0,0,1,0,34,42,0
C168,18,4,2,128.1,4,3,0,0,17,84,0
C168,19,3,3,51.9,1,1,0,0,16,90,0
C168,20,3,0,138.6,0,0,1,0,37,92,0
C168,21,5,3,114.2,2,0,2,1,20,91,0
C168,22,2,2,69.9,3,1,0,0,29,81,0
C168,23,2,2,108.7,0,0,2,0,20,46,0
C168,24,3,1,102.6,1,1,0,0,21,104,0
C168,25,5,5,179.0,2,1,1,0,12,80,0
C168,26,6,5,166.8,4,3,0,0,15,96,0
C168,27,3,3,120.0,1,1,0,0,19,23,0
C168,28,0,0,33.0,0,0,0,0,45,25,0
C168,29,1,1,36.0,1,1,0,0,23,76,0
C168,30,1,0,101.4,0,1,0,1,26,49,0
C168,31,6,4,213.3,0,1,0,0,20,79,0
C168,32,3,0,49.0,2,0,1,0,31,81,1
C169,1,14,7,467.1,3,0,10,0,10,32,0
C169,2,10,5,247.9,5,1,2,0,17,12,0
C169,3,12,7,255.3,2,1,3,0,6,84,0
C169,4,7,3,121.1,3,0,4,0,17,96,0
C169,5,9,5,344.0,3,0,7,0,13,58,0
C169,6,16,7,302.7,3,1,4,0,8,47,0
C169,7,14,7,524.6,4,0,2,0,6,18,0
C169,8,10,5,302.6,6,3,4,0,10,81,0
C169,9,13,7,532.2,4,2,9,0,3,25,0
C169,10,5,3,91.8,3,0,0,0,16,15,0
C169,11,6,5,190.0,3,1,1,0,12,46,0
C169,12,16,7,553.0,10,1,5,1,8,88,0
C169,13,7,6,154.7,2,0,1,0,18,47,0
C169,14,10,6,275.0,4,0,2,0,35,89,0
C169,15,7,1,198.4,2,1,0,0,12,12,0
C169,16,11,4,303.2,8,4,4,0,12,96,0
C169,17,7,5,196.6,9,1,3,0,13,21,0
C169,18,11,5,273.0,5,2,2,1,30,50,0
C169,19,3,2,128.8,1,0,1,0,26,31,0
C169,20,3,1,103.6,1,1,0,0,27,20,0
C169,21,3,0,135.4,0,0,0,0,21,56,0
C169,22,8,6,237.9,4,0,2,0,19,29,0
C169,23,4,2,146.8,2,0,0,0,24,70,0
C169,24,7,2,254.0,4,0,4,0,10,12,0
C169,25,3,3,61.7,1,0,0,0,24,102,0
C169,26,3,0,72.9,2,0,0,0,18,13,0
C169,27,4,3,130.2,2,0,1,0,17,99,0
C169,28,7,5,169.2,0,0,3,0,20,51,0
C169,29,3,2,103.0,3,1,1,0,22,95,0
C169,30,1,0,0.0,0,1,2,0,27,78,0
C169,31,4,1,128.0,1,0,3,0,24,57,0
C169,32,4,2,179.7,1,1,1,0,33,59,0
C170,1,5,2,164.4,3,0,2,0,25,62,0
C170,2,4,2,81.6,2,1,3,0,20,97,0
C170,3,6,4,160.8,1,0,1,0,24,62,0
C170,4,6,3,220.1,1,1,2,0,17,20,0
C170,5,6,1,104.1,2,2,3,0,13,28,0
C170,6,2,1,78.3,1,0,0,0,19,85,0
C170,7,3,1,55.4,1,0,1,0,27,99,0
C170,8,4,1,154.5,1,1,3,0,16,13,0
C170,9,2,1,57.2,0,1,0,0,30,12,0
C170,10,2,2,63.5,0,1,0,0,26,56,0
C170,11,6,4,169.0,3,1,2,0,22,55,0
C170,12,3,3,16.3,2,1,2,0,31,77,0
C170,13,0,2,0.0,0,1,0,0,35,96,0
C170,14,1,0,56.9,1,0,0,0,46,57,0
C170,15,1,0,37.0,1,1,1,1,22,19,0
C170,16,3,3,73.9,1,1,3,0,18,30,0
C170,17,2,0,52.8,0,1,2,0,38,102,0
C170,18,2,2,17.8,2,1,0,0,24,104,0
C170,19,1,1,28.4,0,0,1,0,26,66,0
C170,20,4,3,140.3,4,1,2,0,17,53,0
C170,21,1,1,25.4,0,0,1,0,22,97,0
C170,22,0,0,0.0,0,0,0,0,63,33,0
C170,23,3,1,91.2,1,1,2,0,24,100,0
C170,24,1,1,31.3,0,0,0,0,27,83,0
C170,25,4,2,113.2,1,1,1,0,23,96,0
C170,26,2,1,29.1,2,0,0,0,19,31,0
C170,27,2,1,35.5,0,0,0,0,27,52,0
C170,28,6,3,202.5,4,1,0,0,21,39,0
C170,29,4,1,87.1,0,0,3,0,22,30,0
C170,30,1,0,29.7,1,0,0,0,23,84,0
C170,31,2,1,26.5,0,0,0,0,22,62,0
C170,32,1,0,67.9,0,1,1,0,21,76,0
C171,1,11,6,293.6,9,1,8,1,13,84,0
C171,2,24,6,673.4,13,6,9,0,4,90,0
C171,3,14,7,551.8,6,1,7,0,4,66,0
C171,4,15,6,379.0,3,1,3,0,10,88,0
C171,5,10,5,340.1,6,1,4,0,25,43,0
C171,6,12,7,359.4,6,0,3,0,11,26,0
C171,7,12,7,277.5,4,2,3,0,7,40,0
C171,8,14,7,451.0,6,2,8,0,3,48,0
C171,9,13,5,402.7,8,4,6,0,10,49,0
C171,10,7,5,288.5,5,0,4,0,12,47,0
C171,11,12,7,268.4,3,0,4,1,16,80,0
C171,12,9,6,251.6,2,0,4,0,8,66,0
C171,13,13,7,405.9,4,1,10,0,15,93,0
C171,14,17,7,366.3,8,1,7,0,24,45,0
C171,15,14,6,342.0,5,1,8,0,7,28,0
C171,16,18,7,313.7,14,3,6,0,3,68,0
C171,17,14,7,441.2,11,1,4,0,3,52,0
C171,18,15,7,428.1,8,2,6,1,10,12,0
C171,19,9,4,201.5,4,0,4,0,11,85,0
C171,20,16,7,549.5,8,1,3,0,9,32,0
C171,21,15,7,459.1,6,1,10,0,11,13,0
C171,22,6,4,172.0,2,1,3,0,22,103,0
C171,23,11,5,422.5,4,1,3,0,15,42,0
C171,24,21,7,499.6,7,2,8,0,1,66,0
C171,25,14,7,472.9,9,1,3,0,9,41,0
C171,26,11,6,339.4,4,1,7,0,21,90,0
C171,27,12,6,450.3,5,2,2,0,12,83,0
C171,28,16,6,370.0,5,1,6,0,0,92,0
C171,29,10,5,179.5,5,2,2,0,7,72,0
C171,30,14,6,283.1,3,1,4,0,9,58,0
C171,31,9,5,155.5,4,1,2,0,18,43,0
C171,32,13,7,214.9,3,0,1,0,10,78,1
C172,1,16,6,288.3,7,4,5,1,32,15,0
C172,2,15,7,676.4,7,1,3,0,19,47,0
C172,3,9,5,239.2,4,0,4,0,22,50,0
C172,4,5,2,109.3,2,0,0,0,36,40,0
C172,5,6,4,281.3,1,1,2,0,17,93,0
C172,6,14,6,401.0,7,4,5,0,24,54,0
C172,7,13,6,436.3,10,3,4,0,8,16,0
C172,8,12,6,333.0,7,1,5,0,14,34,0
C172,9,11,5,255.3,6,2,3,0,13,30,0
C172,10,14,5,598.0,7,0,3,0,21,59,0
C172,11,11,4,213.9,10,3,4,0,16,45,0
C172,12,12,6,321.0,9,1,7,0,13,40,0
C172,13,9,3,175.0,4,1,3,1,9,40,0
C172,14,11,6,439.4,7,3,3,0,7,15,0
C172,15,12,6,461.3,1,0,7,1,14,97,0
C172,16,9,5,219.4,2,1,5,0,16,80,0
C172,17,8,4,143.0,8,2,5,0,13,91,0
C172,18,6,2,199.3,1,1,3,0,14,46,0
C172,19,15,7,654.3,10,6,3,0,4,100,0
C172,20,7,4,125.3,1,0,1,0,19,43,0
C172,21,9,3,304.0,4,0,3,1,34,79,0
C172,22,14,5,265.0,4,0,3,1,6,62,0
C172,23,6,2,245.0,2,0,2,1,23,91,0
C172,24,6,4,145.5,1,1,0,0,16,48,0
C172,25,1,1,41.6,0,1,1,0,31,40,0
C172,26,1,0,29.7,0,0,0,0,25,13,0
C172,27,0,0,0.0,0,1,0,1,34,51,0
C172,28,2,2,53.2,0,0,0,0,20,28,0
C172,29,1,1,43.1,1,0,2,0,18,72,0
C172,30,0,0,21.8,0,0,0,0,40,12,0
C172,31,0,1,0.0,0,0,0,0,36,56,0
C172,32,0,0,41.5,0,0,0,0,30,48,0
C173,1,8,4,284.7,1,1,4,0,13,34,0
C173,2,5,3,116.7,3,1,3,0,27,65,0
C173,3,9,4,256.8,5,3,4,0,11,49,0
C173,4,14,6,496.9,7,5,2,0,4,25,0
C173,5,9,3,69.0,5,2,2,0,8,60,0
C173,6,13,7,377.3,3,2,3,0,29,25,0
C173,7,8,3,180.7,2,1,2,0,15,99,0
C173,8,17,7,497.5,11,7,5,0,7,66,0
C173,9,11,6,327.0,1,0,2,0,15,46,0
C173,10,11,5,414.0,7,2,6,0,34,29,0
C173,11,9,6,222.1,3,3,1,0,11,77,0
C173,12,8,5,166.9,3,1,2,0,10,82,0
C173,13,9,5,281.9,6,3,6,0,18,102,0
C173,14,7,2,262.2,3,2,2,0,18,12,0
C173,15,11,7,284.9,8,3,2,0,11,94,0
C173,16,9,3,252.4,1,0,2,0,8,91,0
C173,17,8,6,270.8,3,1,2,0,21,70,0
C173,18,5,2,183.4,4,1,3,0,16,103,0
C173,19,6,1,83.3,1,0,1,0,16,70,0
C173,20,12,7,431.6,5,4,9,0,18,55,0
C173,21,8,5,209.3,1,1,1,0,46,103,0
C173,22,12,6,536.1,5,3,2,0,5,43,0
C173,23,9,4,248.3,3,2,2,0,18,24,0
C173,24,3,1,110.3,5,1,1,0,34,32,0
C173,25,8,2,243.8,3,1,5,0,24,27,0
C173,26,7,7,198.4,3,0,2,0,16,77,0
C173,27,11,7,370.6,7,1,4,0,8,19,0
C173,28,8,5,240.0,5,1,3,0,25,87,0
C173,29,8,4,218.4,4,3,3,0,26,80,0
C173,30,12,7,248.6,5,3,4,0,25,53,0
C173,31,7,6,129.5,4,1,2,0,13,67,0
C173,32,6,4,145.2,3,1,4,0,33,64,1
C174,1,10,7,329.7,1,1,4,0,19,86,0
C174,2,18,7,476.7,7,2,7,0,13,18,0
C174,3,8,5,48.5,3,0,6,0,15,36,0
C174,4,14,7,381.1,3,1,2,0,8,21,0
C174,5,14,7,303.7,2,0,6,0,6,95,0
C174,6,8,3,342.6,4,1,1,0,13,16,0
C174,7,10,6,293.7,3,1,3,0,17,103,0
C174,8,16,7,370.6,10,1,3,0,9,27,0
C174,9,10,6,199.7,2,1,1,0,9,60,0
C174,10,11,5,279.3,6,1,4,0,11,100,0
C174,11,8,3,261.1,6,3,2,0,11,26,0
C174,12,8,6,194.2,4,1,1,0,12,90,0
C174,13,10,5,377.6,3,2,3,0,18,23,0
C174,14,10,1,294.9,2,1,4,0,14,89,0
C174,15,12,7,339.8,6,1,6,0,14,66,0
C174,16,8,5,219.9,4,2,2,0,17,50,0
C174,17,5,3,63.9,3,0,1,0,13,21,0
C174,18,13,7,217.9,11,3,4,0,10,98,0
C174,19,9,5,211.8,3,0,4,0,10,38,0
C174,20,10,4,272.2,6,3,4,0,8,77,0
C174,21,9,7,410.3,7,0,5,0,16,63,0
C174,22,9,4,310.0,4,0,5,0,19,92,0
C174,23,11,7,285.3,5,2,2,0,18,20,0
C174,24,6,6,104.1,0,0,2,0,12,43,0
C174,25,8,4,159.7,2,1,5,0,16,54,0
C174,26,16,6,415.0,2,0,2,0,2,72,0
C174,27,9,7,199.4,4,1,3,0,11,45,0
C174,28,15,5,269.3,4,0,4,0,8,100,0
C174,29,5,2,175.0,2,1,1,0,13,65,0
C174,30,9,5,399.4,2,0,0,0,17,32,0
C174,31,10,6,160.7,5,1,4,0,13,17,0
C174,32,17,7,537.6,5,1,6,0,3,69,0
C175,1,4,1,141.4,3,2,1,0,25,23,0
C175,2,11,6,376.4,4,1,2,0,6,45,0
C175,3,7,4,241.7,3,0,1,0,27,19,0
C175,4,9,2,261.1,7,6,3,0,15,62,0
C175,5,15,7,450.0,5,1,4,0,25,73,0
C175,6,11,7,395.5,13,4,3,0,14,73,0
C175,7,11,4,191.2,5,4,5,0,7,83,0
C175,8,16,6,607.4,10,3,7,0,1,93,0
C175,9,20,7,546.0,13,7,8,0,12,39,0
C175,10,12,6,287.8,5,3,1,0,5,72,0
C175,11,6,2,175.8,4,2,2,0,16,50,0
C175,12,9,2,278.1,1,0,3,0,21,38,0
C175,13,13,6,319.4,4,2,6,0,14,100,0
C175,14,9,6,193.1,4,3,4,0,17,64,0
C175,15,8,5,300.0,5,3,0,0,17,67,0
C175,16,6,4,154.4,3,1,1,0,22,70,0
C175,17,18,6,597.9,6,2,4,0,2,99,0
C175,18,12,7,251.5,5,2,2,0,8,78,0
C175,19,12,6,287.3,4,2,3,0,11,40,0
C175,20,12,6,264.5,7,2,2,0,18,28,0
C175,21,8,3,287.5,3,1,1,0,14,87,0
C175,22,8,5,219.5,4,3,3,0,8,65,0
C175,23,17,6,621.0,7,1,10,0,11,63,0
C175,24,13,6,416.6,4,3,6,0,8,94,0
C175,25,8,2,248.6,4,2,1,0,14,36,0
C175,26,10,5,185.2,3,0,3,0,11,43,0
C175,27,8,3,229.7,5,3,3,0,19,25,0
C175,28,15,6,375.6,5,4,7,0,7,86,0
C175,29,16,5,482.8,6,4,3,0,10,18,0
C175,30,16,7,670.3,8,7,1,0,13,94,0
C175,31,11,6,245.0,6,2,8,0,10,26,0
C175,32,11,6,356.8,3,2,2,0,8,27,0
C176,1,11,7,310.2,10,2,2,1,14,99,0
C176,2,14,7,285.6,4,1,8,0,6,92,0
C176,3,11,6,290.9,4,0,5,0,14,42,0
C176,4,24,5,953.1,13,5,6,0,6,84,0
C176,5,11,5,397.1,4,1,3,0,12,104,0
C176,6,12,6,338.8,8,2,9,0,18,67,0
C176,7,16,6,632.2,10,1,5,0,18,33,0
C176,8,11,5,170.3,2,0,1,0,10,79,0
C176,9,9,6,371.0,6,2,3,0,11,15,0
C176,10,10,7,222.0,7,1,3,0,8,17,0
C176,11,12,6,261.7,3,0,4,0,18,20,0
C176,12,10,5,298.7,4,0,2,0,14,31,0
C176,13,17,7,519.4,6,2,5,0,19,72,0
C176,14,9,6,209.0,5,1,2,0,8,35,0
C176,15,13,7,491.0,8,1,4,0,5,97,0
C176,16,15,7,429.8,5,1,8,0,15,69,0
C176,17,14,7,454.9,7,2,6,0,7,17,0
C176,18,14,5,398.4,4,3,0,0,4,21,0
C176,19,10,4,238.4,2,1,1,0,8,16,0
C176,20,6,1,24.2,5,2,1,0,25,99,0
C176,21,16,7,471.9,10,1,5,0,7,83,0
C176,22,13,7,415.1,5,0,6,0,7,99,0
C176,23,10,5,416.2,2,0,2,0,11,79,0
C176,24,12,7,226.5,3,1,1,0,19,96,0
C176,25,16,5,625.8,11,2,5,0,12,89,0
C176,26,13,6,523.7,6,1,8,0,13,20,0
C176,27,12,6,398.1,5,1,5,0,15,19,0
C176,28,12,7,292.1,3,1,5,0,12,76,0
C176,29,8,6,209.5,0,0,3,0,19,12,0
C176,30,9,5,294.8,7,2,5,0,29,24,0
C176,31,20,7,593.7,10,0,2,0,18,71,0
C176,32,13,6,439.7,9,2,1,0,20,65,1
C177,1,8,6,289.0,5,2,2,0,20,85,0
C177,2,7,5,104.3,1,0,4,0,14,86,0
C177,3,8,3,253.1,2,0,5,0,10,97,0
C177,4,15,7,142.6,8,3,2,0,7,92,0
C177,5,8,5,293.0,5,3,0,0,13,64,0
C177,6,10,5,270.9,4,1,7,0,12,82,0
C177,7,9,5,274.4,4,0,1,0,12,33,0
C177,8,9,5,299.7,2,0,2,0,12,38,0
C177,9,16,7,586.4,6,0,3,0,9,95,0
C177,10,4,2,78.9,4,2,0,0,19,75,0
C177,11,12,7,378.2,5,1,2,0,9,87,0
C177,12,10,5,312.8,6,2,3,0,7,69,0
C177,13,10,5,148.0,4,2,3,0,10,49,0
C177,14,6,4,79.4,1,0,2,0,26,52,0
C177,15,7,3,255.3,7,3,0,0,16,81,0
C177,16,11,7,326.5,3,2,3,0,9,75,0
C177,17,9,5,178.5,2,0,1,0,20,102,0
C177,18,9,5,310.6,3,0,5,0,14,39,0
C177,19,9,4,305.7,3,0,3,0,9,82,0
C177,20,9,5,316.1,2,0,3,0,30,50,0
C177,21,3,1,74.2,3,1,4,0,20,48,0
C177,22,3,1,103.6,1,0,0,0,17,91,0
C177,23,4,1,116.9,0,0,2,0,13,77,0
C177,24,2,0,66.5,2,1,1,0,18,42,0
C177,25,5,5,81.8,2,0,3,0,20,87,0
C177,26,2,0,44.3,0,0,1,0,28,95,0
C177,27,4,3,125.3,1,0,1,0,16,12,0
C177,28,2,1,32.9,0,0,0,0,24,50,0
C177,29,1,0,38.3,0,0,1,0,29,100,0
C177,30,1,2,8.8,0,0,1,0,21,32,0
C177,31,1,0,16.7,1,0,1,0,19,102,0
C177,32,0,0,0.0,0,0,0,0,31,61,1
C178,1,5,0,103.7,3,1,2,0,22,13,0
C178,2,4,4,167.5,3,0,2,1,32,20,0
C178,3,10,6,303.2,1,1,2,0,12,92,0
C178,4,4,2,130.0,2,1,2,1,16,81,0
C178,5,7,4,165.6,1,0,3,0,19,92,0
C178,6,2,0,50.2,0,0,0,0,25,61,0
C178,7,2,0,51.9,0,1,0,0,17,84,0
C178,8,4,4,173.3,1,0,0,0,15,12,0
C178,9,1,0,0.0,2,1,0,0,25,38,0
C178,10,4,2,121.4,3,0,1,0,26,70,0
C178,11,3,4,96.4,2,0,0,0,31,12,0
C178,12,2,1,60.7,2,0,1,0,20,19,0
C178,13,3,1,87.0,3,0,2,0,19,39,0
C178,14,1,0,42.3,0,0,0,0,40,49,0
C178,15,2,2,30.2,0,1,0,0,21,26,0
C178,16,0,0,15.1,0,0,0,0,46,35,0
C178,17,0,0,0.0,0,0,0,0,31,90,0
C178,18,3,1,94.9,0,0,0,0,21,96,0
C178,19,0,1,28.3,0,0,0,0,36,13,0
C178,20,3,3,72.2,3,1,1,0,30,85,0
C178,21,0,0,3.7,0,0,0,0,38,17,0
C178,22,1,0,60.9,2,0,1,0,33,90,0
C178,23,0,1,23.4,0,0,0,0,39,73,0
C178,24,2,1,40.3,1,0,1,0,20,42,0
C178,25,6,0,273.8,1,0,1,1,21,82,0
C178,26,2,1,29.0,1,0,0,0,17,88,0
C178,27,4,2,110.8,1,0,1,0,18,53,0
C178,28,4,3,110.1,0,0,4,0,26,97,0
C178,29,8,5,239.3,4,1,1,0,25,18,0
C178,30,3,1,157.6,2,0,1,0,46,95,0
C178,31,2,2,77.1,0,0,1,0,30,73,0
C178,32,10,7,280.3,3,0,5,0,10,99,0
C179,1,13,6,391.7,3,1,3,0,15,22,0
C179,2,4,2,76.8,4,1,2,0,29,62,0
C179,3,5,5,137.5,1,0,1,0,21,62,0
C179,4,6,3,151.0,4,0,2,0,17,62,0
C179,5,10,7,341.3,2,1,5,0,15,96,0
C179,6,10,4,318.9,5,1,6,0,11,63,0
C179,7,4,0,50.7,3,1,1,0,14,97,0
C179,8,6,2,141.8,6,1,1,0,14,67,0
C179,9,6,3,230.9,1,0,2,0,14,36,0
C179,10,8,3,184.3,4,0,3,0,16,37,0
C179,11,2,3,86.7,0,1,1,0,21,83,0
C179,12,5,2,159.8,2,0,5,0,16,97,0
C179,13,5,3,101.4,1,1,1,0,21,101,0
C179,14,3,1,42.1,2,1,0,0,19,66,0
C179,15,4,3,104.1,0,1,3,0,20,28,0
C179,16,3,1,92.5,1,0,1,0,24,75,0
C179,17,7,3,220.7,4,1,2,0,31,98,0
C179,18,9,1,149.7,3,1,2,1,18,55,0
C179,19,7,4,295.6,1,0,4,0,26,51,0
C179,20,3,4,69.2,2,2,1,0,14,92,0
C179,21,1,0,75.4,0,0,0,0,27,68,0
C179,22,5,3,36.9,1,1,0,0,26,88,0
C179,23,3,0,103.6,3,0,3,0,23,49,0
C179,24,1,1,70.7,0,0,0,0,23,101,0
C179,25,4,2,138.9,0,0,0,0,24,32,0
C179,26,10,4,142.9,2,0,3,0,33,18,0
C179,27,8,3,260.3,2,1,1,0,14,58,0
C179,28,11,6,257.0,4,1,1,0,9,23,0
C179,29,9,5,305.9,3,2,5,0,13,57,0
C179,30,3,0,94.9,2,1,0,0,19,98,0
C179,31,6,3,194.7,4,0,1,1,14,35,0
C179,32,4,1,87.9,1,0,2,0,25,41,0
C180,1,10,5,279.6,5,1,2,0,9,58,0
C180,2,13,5,346.6,7,2,6,0,10,32,0
C180,3,9,4,262.2,4,2,2,1,13,77,0
C180,4,8,6,301.1,2,1,4,0,23,58,0
C180,5,11,4,392.0,5,1,4,0,6,97,0
C180,6,8,2,341.3,7,5,2,0,12,60,0
C180,7,16,7,336.7,7,0,3,0,2,34,0
C180,8,12,6,377.7,9,3,3,0,11,96,0
C180,9,10,5,347.8,10,4,0,0,6,78,0
C180,10,11,6,476.0,4,0,3,0,12,103,0
C180,11,15,7,397.9,10,1,6,0,2,37,0
C180,12,4,3,132.8,3,1,0,0,33,48,0
C180,13,8,4,250.0,4,1,1,0,23,33,0
C180,14,7,2,229.0,4,2,3,0,16,35,0
C180,15,9,5,192.6,2,0,4,0,12,51,0
C180,16,11,4,296.8,7,1,2,0,8,92,0
C180,17,11,7,249.3,5,1,3,0,12,73,0
C180,18,14,6,455.4,7,1,3,0,23,64,0
C180,19,10,4,239.8,9,0,1,0,7,28,0
C180,20,13,7,300.0,7,3,3,0,16,56,0
C180,21,12,5,239.4,3,1,3,0,9,74,0
C180,22,12,4,403.8,6,0,5,0,8,28,0
C180,23,12,7,341.0,8,4,4,0,10,48,0
C180,24,15,7,579.4,7,2,6,0,7,83,0
C180,25,12,7,309.2,3,2,3,0,9,50,0
C180,26,10,4,342.2,7,1,2,0,18,83,0
C180,27,6,3,58.1,4,1,3,0,14,97,0
C180,28,13,7,278.1,5,1,2,0,12,32,0
C180,29,13,7,279.1,7,1,0,0,16,54,0
C180,30,15,7,606.8,7,3,9,0,16,30,0
C180,31,10,6,220.8,7,2,6,0,15,18,0
C180,32,7,4,339.7,5,2,2,0,16,72,0
C181,1,14,5,533.9,4,3,6,0,12,55,0
C181,2,11,3,322.5,2,1,3,1,16,100,0
C181,3,13,6,532.0,6,2,4,0,9,70,0
C181,4,10,4,207.8,3,2,7,0,12,48,0
C181,5,18,7,606.3,15,8,12,0,11,79,0
C181,6,11,2,376.5,7,3,2,0,16,84,0
C181,7,11,7,211.7,1,1,5,0,10,26,0
C181,8,8,5,210.8,5,1,2,0,13,14,0
C181,9,11,5,205.4,8,6,4,0,11,83,0
C181,10,9,4,324.2,3,1,4,0,19,76,0
C181,11,9,5,175.4,1,0,2,0,17,12,0
C181,12,11,5,376.4,9,5,2,0,14,22,0
C181,13,16,6,270.8,7,4,3,0,11,91,0
C181,14,4,2,143.6,3,2,0,0,34,43,0
C181,15,6,1,178.6,5,2,2,1,11,70,0
C181,16,6,2,60.6,3,1,0,0,16,37,0
C181,17,12,6,351.6,5,3,3,0,7,89,0
C181,18,12,5,337.4,5,3,3,0,11,83,0
C181,19,8,7,303.9,5,3,1,0,12,37,0
C181,20,13,6,296.2,9,1,4,0,8,50,0
C181,21,11,6,332.2,7,2,3,0,10,30,0
C181,22,8,4,203.4,0,0,3,0,18,51,0
C181,23,6,6,214.7,4,0,1,0,30,94,0
C181,24,14,7,664.2,4,1,4,0,10,63,0
C181,25,11,5,98.8,1,0,4,0,6,25,0
C181,26,10,6,361.1,8,4,3,0,10,69,0
C181,27,12,6,325.9,4,0,9,0,10,32,0
C181,28,10,6,456.3,5,1,3,0,6,29,0
C181,29,9,5,233.8,4,2,5,0,23,103,0
C181,30,11,6,281.3,8,4,3,0,7,45,0
C181,31,9,6,223.7,5,2,5,0,9,66,0
C181,32,7,6,168.0,3,0,2,0,12,58,1
C182,1,7,3,268.2,5,3,3,0,10,19,0
C182,2,6,4,195.6,6,4,0,0,17,97,0
C182,3,2,2,55.1,0,0,4,1,26,16,0
C182,4,5,1,116.4,3,1,0,0,19,83,0
C182,5,3,0,56.5,2,1,0,0,24,91,0
C182,6,7,3,146.7,3,1,3,0,26,101,0
C182,7,4,2,72.3,2,0,2,0,25,96,0
C182,8,3,0,176.6,1,0,2,0,22,104,0
C182,9,3,2,46.3,0,0,2,0,17,55,0
C182,10,5,2,133.9,5,2,4,0,20,64,0
C182,11,2,1,10.5,2,1,2,0,22,88,0
C182,12,4,3,95.0,2,2,2,0,22,56,0
C182,13,2,1,85.5,0,1,0,0,21,32,0
C182,14,4,2,92.1,0,1,1,0,24,86,0
C182,15,1,0,20.2,0,0,0,0,17,60,0
C182,16,7,3,153.5,0,0,1,0,14,26,0
C182,17,1,1,18.4,3,1,0,0,28,56,0
C182,18,0,0,0.0,0,1,0,1,33,104,0
C182,19,3,3,52.0,2,1,0,0,19,27,0
C182,20,5,2,119.4,1,0,1,0,14,21,0
C182,21,2,0,15.1,1,1,0,0,24,45,0
C182,22,3,2,97.5,2,0,1,0,18,103,0
C182,23,3,1,82.2,1,0,0,0,16,29,0
C182,24,7,2,215.0,9,2,2,0,14,58,0
C182,25,3,3,92.7,0,0,1,0,32,90,0
C182,26,1,1,45.4,1,1,1,0,20,72,0
C182,27,4,1,134.3,4,1,1,0,16,18,0
C182,28,1,2,73.7,1,0,1,0,29,82,0
C182,29,7,5,206.0,3,1,0,0,12,40,0
C182,30,3,4,75.7,0,0,1,0,25,83,0
C182,31,7,1,195.9,0,0,3,0,12,88,0
C182,32,5,2,143.5,4,1,3,0,18,66,0
C183,1,5,3,39.5,3,1,0,0,35,39,0
C183,2,5,4,195.8,2,0,2,0,18,32,0
C183,3,4,2,143.4,0,0,1,0,22,28,0
C183,4,6,1,113.7,2,1,3,0,20,54,0
C183,5,9,5,258.4,5,0,2,0,8,52,0
C183,6,4,3,156.4,0,1,1,0,20,47,0
C183,7,3,1,119.3,2,0,0,0,27,17,0
C183,8,10,7,309.9,5,1,4,1,20,63,0
C183,9,8,3,252.6,2,0,1,1,30,78,0
C183,10,8,3,345.1,3,2,2,0,13,57,0
C183,11,5,3,151.6,4,1,3,0,18,30,0
C183,12,6,2,102.1,2,0,1,0,23,16,0
C183,13,8,6,227.0,4,3,1,1,18,46,0
C183,14,3,2,136.9,0,0,0,0,22,93,0
C183,15,5,5,131.6,3,0,1,0,20,49,0
C183,16,9,4,204.4,7,2,1,0,13,40,0
C183,17,7,5,257.4,3,1,3,0,13,23,0
C183,18,6,1,129.9,3,0,4,1,11,77,0
C183,19,7,3,215.3,6,1,1,0,15,104,0
C183,20,7,5,148.2,2,0,1,0,14,68,0
C183,21,5,3,220.2,3,0,1,0,35,40,0
C183,22,9,4,181.6,8,1,1,0,14,82,0
C183,23,5,1,170.8,2,0,0,0,24,103,0
C183,24,2,1,58.3,0,0,2,0,19,65,0
C183,25,1,1,69.9,0,0,0,0,21,58,0
C183,26,0,0,3.6,0,1,0,0,38,38,0
C183,27,1,0,9.2,0,1,0,0,20,65,0
C183,28,0,1,0.0,0,1,0,0,30,95,0
C183,29,0,0,61.6,0,0,1,0,29,22,0
C183,30,1,1,29.7,0,1,0,0,20,96,0
C183,31,1,1,53.5,1,0,0,0,26,98,0
C183,32,0,0,9.5,0,1,0,0,34,47,0
C184,1,11,6,500.9,4,2,3,0,9,22,0
C184,2,10,6,377.1,10,3,4,0,8,98,0
C184,3,6,2,259.2,3,1,1,0,25,69,0
C184,4,6,3,189.8,2,0,0,0,25,84,0
C184,5,9,2,170.8,6,0,4,0,8,42,0
C184,6,5,3,141.4,3,2,2,0,19,21,0
C184,7,10,5,234.3,4,1,4,0,19,29,0
C184,8,5,2,174.5,2,0,1,0,18,67,0
C184,9,6,2,121.8,6,0,0,0,19,80,0
C184,10,3,0,110.4,1,0,3,0,36,44,0
C184,11,6,3,272.9,5,0,2,0,17,80,0
C184,12,5,5,161.3,2,0,0,0,27,98,0
C184,13,4,2,185.5,1,0,3,0,15,56,0
C184,14,4,0,52.5,0,0,2,0,18,35,0
C184,15,4,2,52.7,1,1,2,0,19,18,0
C184,16,3,0,68.0,1,0,0,0,23,42,0
C184,17,5,2,142.1,5,3,2,0,14,89,0
C184,18,2,1,23.5,0,0,0,0,25,53,0
C184,19,1,1,62.6,0,0,0,0,25,26,0
C184,20,1,0,39.3,0,1,1,0,24,90,0
C184,21,2,1,15.2,0,1,1,0,16,42,0
C184,22,4,3,162.3,1,1,0,0,23,54,0
C184,23,4,1,147.5,2,1,0,0,18,90,0
C184,24,2,3,72.8,2,1,1,0,18,30,0
C184,25,4,1,127.5,1,0,2,0,28,24,0
C184,26,2,0,54.3,1,1,0,0,17,82,0
C184,27,3,3,49.6,1,0,2,0,17,42,0
C184,28,0,1,20.1,1,0,0,0,42,92,0
C184,29,0,1,4.3,0,0,0,0,35,85,0
C184,30,0,0,0.0,0,0,0,0,36,69,0
C184,31,0,0,0.0,0,0,0,0,43,92,0
C184,32,2,1,33.0,0,0,0,0,28,67,1
C185,1,7,5,105.4,0,0,5,0,26,29,0
C185,2,8,3,222.4,1,1,2,0,30,63,0
C185,3,6,0,220.2,3,0,2,0,18,19,0
C185,4,11,7,269.4,6,0,4,0,8,74,0
C185,5,24,7,581.8,10,3,9,0,2,84,0
C185,6,4,5,24.4,0,0,1,1,15,50,0
C185,7,1,0,22.8,1,0,2,0,19,33,0
C185,8,6,3,172.6,2,1,3,0,16,55,0
C185,9,9,2,261.2,3,2,1,0,10,52,0
C185,10,6,2,179.4,2,0,1,0,22,47,0
C185,11,6,3,156.2,1,1,4,0,21,62,0
C185,12,8,3,242.4,0,0,4,0,14,79,0
C185,13,6,2,193.7,2,1,0,0,32,28,0
C185,14,10,6,270.8,2,0,0,0,11,23,0
C185,15,2,2,41.0,2,1,2,0,27,69,0
C185,16,13,7,300.7,5,0,3,0,8,94,0
C185,17,14,7,290.9,10,4,4,0,3,101,0
C185,18,14,6,587.5,3,0,6,0,14,65,0
C185,19,13,7,354.6,5,2,2,0,11,86,0
C185,20,14,5,339.4,4,1,2,0,14,61,0
C185,21,19,7,502.4,8,3,5,0,5,66,0
C185,22,9,4,216.6,4,1,3,0,9,31,0
C185,23,11,5,330.4,5,2,3,0,16,73,0
C185,24,12,5,357.5,4,2,1,0,8,84,0
C185,25,4,3,114.4,1,0,3,0,16,50,0
C185,26,14,6,544.7,7,3,4,0,9,66,0
C185,27,14,7,299.5,9,3,9,0,17,98,0
C185,28,12,6,131.1,7,1,4,0,13,64,0
C185,29,9,3,280.6,6,0,4,0,18,86,0
C185,30,15,6,479.1,4,1,5,0,12,32,0
C185,31,10,7,216.8,4,2,3,0,12,56,0
C185,32,11,6,358.7,3,1,2,0,16,97,0
C186,1,0,0,27.5,0,0,0,0,49,56,0
C186,2,6,3,208.8,1,0,2,0,19,50,0
C186,3,9,5,304.5,6,2,2,0,19,102,0
C186,4,5,4,152.4,2,1,3,0,21,48,0
C186,5,1,0,12.6,0,1,0,0,20,91,0
C186,6,2,1,70.6,1,0,1,0,24,26,0
C186,7,6,2,156.7,1,1,4,1,20,67,0
C186,8,7,3,237.5,4,3,6,0,16,97,0
C186,9,7,3,306.1,1,1,0,0,24,66,0
C186,10,0,0,59.0,1,1,0,0,36,55,0
C186,11,11,5,250.1,1,1,6,0,8,91,0
C186,12,1,1,43.6,0,1,0,0,19,23,0
C186,13,0,0,0.0,1,0,0,0,35,34,0
C186,14,3,1,42.7,2,1,4,0,18,67,0
C186,15,9,3,134.5,4,2,2,0,16,90,0
C186,16,3,3,123.8,1,0,0,0,20,103,0
C186,17,3,1,111.1,1,0,3,0,16,41,0
C186,18,11,6,328.6,5,4,3,0,9,59,0
C186,19,4,2,144.9,3,1,2,1,18,37,0
C186,20,1,0,50.5,0,0,0,0,27,58,0
C186,21,0,1,0.0,0,1,0,0,49,42,0
C186,22,6,3,177.8,1,1,5,0,23,22,0
C186,23,9,4,248.9,5,2,3,0,11,43,0
C186,24,1,1,7.6,0,1,0,0,18,67,0
C186,25,3,2,93.0,2,0,2,0,26,28,0
C186,26,1,1,0.0,0,1,2,0,25,86,0
C186,27,2,2,68.0,1,1,1,0,18,23,0
C186,28,0,0,8.6,0,1,1,0,35,14,0
C186,29,1,1,0.0,1,0,0,0,22,26,0
C186,30,7,2,188.1,3,3,4,0,16,35,0
C186,31,5,2,98.4,2,0,0,0,18,13,0
C186,32,3,0,78.7,2,1,0,0,23,32,0
C187,1,3,2,64.1,2,0,1,0,16,84,0
C187,2,2,1,85.0,2,1,1,0,26,78,0
C187,3,10,6,334.7,3,3,4,0,8,39,0
C187,4,2,2,54.1,1,1,0,0,22,46,0
C187,5,2,0,31.6,1,0,0,0,27,86,0
C187,6,8,5,213.5,4,3,3,0,12,30,0
C187,7,6,2,159.5,5,1,4,0,19,72,0
C187,8,4,1,93.7,3,1,0,0,17,82,0
C187,9,13,6,325.2,3,0,4,0,6,71,0
C187,10,5,1,86.5,3,3,4,0,32,95,0
C187,11,7,3,168.7,4,3,1,0,19,36,0
C187,12,4,3,163.4,2,2,0,0,20,20,0
C187,13,6,5,187.7,0,0,0,0,24,55,0
C187,14,4,2,93.5,1,0,1,0,30,93,0
C187,15,1,0,38.2,0,1,0,0,23,94,0
C187,16,4,1,152.7,2,1,0,0,18,89,0
C187,17,1,1,5.3,0,0,0,0,31,59,0
C187,18,1,1,7.3,0,0,0,0,19,91,0
C187,19,4,1,202.6,3,2,1,0,14,21,0
C187,20,1,0,39.8,1,1,0,0,24,25,0
C187,21,0,0,2.6,0,1,0,0,44,15,0
C187,22,1,0,24.6,0,1,0,0,37,42,0
C187,23,0,0,9.0,0,1,0,0,32,39,0
C187,24,0,0,0.0,0,1,0,0,40,64,0
C187,25,0,0,0.0,0,0,0,0,37,57,0
C187,26,0,0,6.2,1,1,0,0,39,29,0
C187,27,0,2,0.0,0,1,0,0,41,56,0
C187,28,1,0,8.6,1,0,0,0,39,57,0
C187,29,0,1,5.4,0,0,0,0,34,39,0
C187,30,2,0,63.6,2,1,0,0,25,24,0
C187,31,0,0,0.0,0,0,0,0,47,69,0
C187,32,1,0,61.2,1,1,1,0,32,44,0
C188,1,5,5,96.3,0,0,2,0,22,99,0
C188,2,8,4,259.6,2,0,0,0,15,103,0
C188,3,8,3,270.6,3,1,2,0,22,21,0
C188,4,7,5,198.9,4,1,1,0,11,37,0
C188,5,9,4,266.3,4,0,1,0,17,16,0
C188,6,13,5,401.2,8,3,2,0,10,80,0
C188,7,6,2,198.8,1,0,2,0,15,80,0
C188,8,10,5,193.0,2,0,3,0,10,75,0
C188,9,4,3,105.9,0,1,1,0,15,24,0
C188,10,7,7,191.3,1,0,1,0,16,59,0
C188,11,9,4,213.7,8,2,2,0,20,93,0
C188,12,10,3,270.9,6,1,4,0,7,93,0
C188,13,9,5,127.8,4,1,6,0,9,22,0
C188,14,7,3,273.3,3,2,4,0,16,97,0
C188,15,9,5,272.3,3,0,2,0,25,74,0
C188,16,6,4,199.4,4,3,1,0,16,78,0
C188,17,8,5,178.5,3,1,4,0,15,69,0
C188,18,5,1,96.9,1,0,1,0,19,99,0
C188,19,16,6,464.4,8,0,8,0,3,34,0
C188,20,11,5,324.1,4,0,3,0,16,13,0
C188,21,5,2,124.2,2,1,2,0,20,76,0
C188,22,9,5,277.9,7,0,3,0,13,77,0
C188,23,12,6,367.9,5,2,1,0,23,32,0
C188,24,7,3,145.1,4,3,1,0,12,63,0
C188,25,7,0,173.7,4,2,2,0,18,25,0
C188,26,2,1,38.4,1,1,1,0,24,98,0
C188,27,2,1,52.4,1,0,0,0,18,54,0
C188,28,5,3,124.6,1,0,4,0,15,66,0
C188,29,10,4,223.1,5,0,0,0,26,89,0
C188,30,7,3,171.9,2,1,2,0,19,29,0
C188,31,13,7,360.3,5,1,5,0,8,90,0
C188,32,11,7,243.9,6,2,3,0,15,71,0
C189,1,10,4,122.1,4,0,2,0,14,39,0
C189,2,18,7,459.8,11,1,9,0,3,26,0
C189,3,9,3,333.4,3,2,1,1,25,102,0
C189,4,4,2,88.7,3,0,1,0,15,21,0
C189,5,5,3,148.4,2,0,1,0,22,62,0
C189,6,6,2,221.2,1,0,4,0,19,52,0
C189,7,3,0,69.5,0,0,0,0,32,89,0
C189,8,11,5,387.7,1,0,2,0,36,71,0
C189,9,8,4,180.7,7,1,0,0,11,16,0
C189,10,9,4,175.8,8,1,1,0,10,91,0
C189,11,5,3,180.1,1,1,1,0,14,88,0
C189,12,12,6,261.1,3,0,4,0,11,63,0
C189,13,7,2,165.9,4,2,5,0,13,49,0
C189,14,5,3,151.4,4,1,1,0,28,52,0
C189,15,6,4,259.9,2,0,2,0,22,43,0
C189,16,12,6,151.7,7,1,3,0,11,87,0
C189,17,14,7,380.1,4,1,5,0,5,41,0
C189,18,9,4,262.3,2,0,3,0,7,95,0
C189,19,3,2,82.5,0,0,0,0,22,55,0
C189,20,8,5,182.9,3,1,1,0,15,25,0
C189,21,17,7,497.8,5,1,8,0,3,25,0
C189,22,7,4,326.7,3,1,2,0,14,76,0
C189,23,9,5,319.7,5,1,2,0,12,75,0
C189,24,4,2,155.6,2,0,1,0,23,26,0
C189,25,10,4,298.6,7,3,2,0,21,34,0
C189,26,9,5,220.8,1,0,5,0,23,28,0
C189,27,10,6,356.3,7,0,0,0,9,77,0
C189,28,8,2,215.5,3,2,0,0,16,62,0
C189,29,5,3,88.1,2,0,1,0,17,30,0
C189,30,7,5,184.9,2,1,1,0,16,77,0
C189,31,9,5,247.5,4,0,3,0,12,69,0
C189,32,14,6,317.3,4,1,3,0,9,93,0
C190,1,5,4,160.7,3,1,1,0,22,56,0
C190,2,10,5,202.2,6,1,7,0,12,27,0
C190,3,11,5,449.9,9,3,8,0,15,32,0
C190,4,13,7,461.6,8,3,3,0,5,24,0
C190,5,12,5,372.8,2,0,5,0,7,95,0
C190,6,13,7,538.0,7,1,2,0,12,93,0
C190,7,13,7,486.5,8,3,3,0,5,72,0
C190,8,24,7,840.6,12,2,8,0,4,95,0
C190,9,11,5,383.4,5,2,5,0,8,81,0
C190,10,13,7,288.1,1,0,6,0,8,91,0
C190,11,17,6,417.8,4,2,3,1,2,23,0
C190,12,7,4,187.0,5,0,1,0,19,87,0
C190,13,10,6,288.4,4,3,3,1,23,97,0
C190,14,11,4,277.1,4,1,3,0,11,73,0
C190,15,11,5,390.7,4,1,2,0,6,42,0
C190,16,6,6,132.6,4,0,3,0,15,82,0
C190,17,14,5,343.5,7,2,6,0,3,86,0
C190,18,12,6,401.8,10,3,3,0,19,54,0
C190,19,12,7,442.3,4,1,7,0,7,66,0
C190,20,10,4,360.1,4,2,4,0,14,55,0
C190,21,15,7,566.3,6,3,4,0,8,43,0
C190,22,13,7,270.1,4,0,6,0,9,20,0
C190,23,9,4,221.2,9,0,4,0,17,83,0
C190,24,13,6,320.2,10,2,6,0,8,18,0
C190,25,14,6,242.8,10,2,3,0,13,62,0
C190,26,7,5,191.5,3,2,0,0,19,43,0
C190,27,13,7,478.6,7,3,3,0,10,86,0
C190,28,8,3,265.7,4,1,4,0,10,17,0
C190,29,7,4,202.9,1,0,1,0,12,78,0
C190,30,16,7,272.3,6,1,7,0,12,92,0
C190,31,17,6,368.3,7,0,3,0,6,90,0
C190,32,17,6,462.7,7,2,6,0,3,22,0
C191,1,7,3,173.6,3,1,1,0,19,49,0
C191,2,9,6,224.7,2,0,5,0,19,19,0
C191,3,15,7,490.3,9,3,5,1,9,57,0
C191,4,10,4,272.5,9,5,4,0,11,34,0
C191,5,12,5,273.6,8,4,5,0,5,47,0
C191,6,8,4,174.1,7,2,4,0,20,69,0
C191,7,7,5,255.5,1,0,1,0,27,84,0
C191,8,10,5,383.7,6,3,4,0,16,20,0
C191,9,6,4,174.1,3,0,1,0,12,23,0
C191,10,8,2,262.3,4,2,2,0,14,19,0
C191,11,7,3,161.4,3,1,1,0,12,92,0
C191,12,7,4,154.8,2,1,2,0,18,20,0
C191,13,12,6,380.1,5,1,6,0,11,54,0
C191,14,11,5,301.9,5,1,5,0,5,85,0
C191,15,9,4,303.6,4,1,4,0,12,36,0
C191,16,9,4,254.8,4,1,2,0,10,17,0
C191,17,12,7,429.2,3,1,4,0,8,12,0
C191,18,6,4,148.8,2,1,2,0,15,41,0
C191,19,8,4,230.1,1,0,2,0,15,100,0
C191,20,9,3,318.3,3,2,2,0,12,40,0
C191,21,4,3,57.2,4,0,1,0,17,38,0
C191,22,5,3,219.0,1,0,2,0,28,57,0
C191,23,9,4,328.1,5,1,3,0,10,74,0
C191,24,6,1,248.9,4,0,2,0,25,53,0
C191,25,12,6,366.3,3,0,4,0,13,92,0
C191,26,12,6,222.2,8,3,3,0,14,96,0
C191,27,10,6,372.1,6,0,5,0,22,20,0
C191,28,9,5,160.1,6,3,1,0,12,97,0
C191,29,21,5,572.0,10,3,8,0,3,80,0
C191,30,9,4,262.3,1,0,2,0,15,82,0
C191,31,13,7,217.4,4,1,5,0,6,33,0
C191,32,10,4,262.3,2,1,3,0,23,85,1
C192,1,11,4,310.3,6,2,3,0,9,66,0
C192,2,8,6,239.3,5,0,0,0,11,68,0
C192,3,10,5,146.2,5,1,2,0,12,51,0
C192,4,2,1,44.5,3,0,0,0,27,86,0
C192,5,10,5,272.2,4,1,5,0,10,73,0
C192,6,7,6,243.9,0,0,2,0,18,96,0
C192,7,14,7,561.7,7,4,3,0,5,45,0
C192,8,6,2,212.3,5,1,1,0,16,96,0
C192,9,6,1,170.4,3,1,0,0,19,65,0
C192,10,8,3,148.3,5,1,0,0,33,90,0
C192,11,11,3,389.6,6,1,3,0,15,47,0
C192,12,6,4,203.9,4,0,2,0,25,41,0
C192,13,2,0,67.3,0,0,0,1,17,88,0
C192,14,4,5,106.0,3,0,1,0,23,22,0
C192,15,4,4,86.3,2,0,0,0,20,52,0
C192,16,9,4,296.0,8,4,6,0,10,15,0
C192,17,8,4,205.1,3,0,2,0,15,55,0
C192,18,14,7,332.7,7,2,3,0,13,27,0
C192,19,6,5,176.7,0,0,0,0,16,43,0
C192,20,9,7,314.9,1,0,7,0,28,64,0
C192,21,10,4,314.9,6,3,4,0,10,58,0
C192,22,5,2,102.7,3,0,1,0,17,61,0
C192,23,2,1,53.9,1,0,1,0,17,94,0
C192,24,4,2,135.1,3,2,3,0,62,27,0
C192,25,9,4,405.6,5,0,3,0,25,77,0
C192,26,14,5,559.5,7,0,1,0,8,59,0
C192,27,8,5,240.8,4,1,4,0,9,99,0
C192,28,5,1,97.1,3,0,1,0,45,91,0
C192,29,5,3,157.1,4,2,1,0,19,97,0
C192,30,3,2,57.2,3,2,1,0,20,96,0
C192,31,5,2,140.5,2,1,2,0,24,49,0
C192,32,4,1,112.2,2,0,0,0,21,96,1
C193,1,11,6,232.9,5,2,2,0,19,101,0
C193,2,11,5,357.5,6,3,5,0,14,18,0
C193,3,11,6,345.6,4,0,5,1,15,100,0
C193,4,10,5,379.7,3,1,6,0,13,23,0
C193,5,8,3,285.1,4,1,3,0,11,23,0
C193,6,20,7,478.8,15,0,6,0,5,52,0
C193,7,5,4,55.2,2,1,0,0,20,55,0
C193,8,10,5,241.8,4,0,5,0,14,69,0
C193,9,13,7,377.6,7,0,4,0,7,63,0
C193,10,22,7,520.4,6,0,4,0,6,46,0
C193,11,14,5,209.5,3,2,3,0,2,78,0
C193,12,9,3,385.3,4,1,5,0,18,41,0
C193,13,5,2,88.9,4,1,2,0,26,83,0
C193,14,3,0,104.9,3,2,1,0,26,71,0
C193,15,19,7,429.0,2,0,6,0,1,26,0
C193,16,12,6,439.5,10,5,4,0,6,17,0
C193,17,10,6,154.7,6,1,1,0,18,99,0
C193,18,10,5,334.5,5,2,4,0,10,71,0
C193,19,17,6,355.5,1,0,8,0,1,15,0
C193,20,11,4,225.3,5,1,5,0,14,65,0
C193,21,19,6,653.0,8,1,4,0,6,42,0
C193,22,16,4,502.1,7,2,5,0,2,35,0
C193,23,11,6,327.3,4,1,5,0,9,14,0
C193,24,14,7,477.1,9,2,5,0,8,96,0
C193,25,10,4,360.2,4,1,1,0,10,79,0
C193,26,15,6,391.6,13,2,5,0,7,60,0
C193,27,11,5,336.2,0,0,3,0,8,91,0
C193,28,15,7,543.2,5,1,8,0,4,16,0
C193,29,6,1,138.6,2,1,1,0,18,26,0
C193,30,16,6,695.8,6,1,3,0,1,48,0
C193,31,9,5,266.5,4,1,0,0,10,63,0
C193,32,15,7,223.9,8,1,4,0,9,81,1
C194,1,1,2,20.5,1,1,2,0,38,55,0
C194,2,2,1,53.1,1,0,1,0,22,35,0
C194,3,3,1,64.3,0,1,1,0,21,50,0
C194,4,6,4,108.6,3,0,6,0,24,65,0
C194,5,5,1,140.7,1,0,0,0,31,70,0
C194,6,3,2,112.0,2,0,0,0,17,95,0
C194,7,2,0,52.1,0,0,1,0,25,104,0
C194,8,2,1,18.7,1,0,0,0,26,27,0
C194,9,4,5,101.8,0,0,3,0,18,13,0
C194,10,1,0,14.4,0,1,0,0,19,45,0
C194,11,3,1,51.8,0,0,2,0,24,32,0
C194,12,1,1,23.0,0,1,1,0,27,63,0
C194,13,4,3,98.0,3,1,2,0,21,53,0
C194,14,2,1,65.3,1,0,1,0,16,44,0
C194,15,1,1,0.0,0,0,0,0,22,83,0
C194,16,1,0,35.7,0,0,0,0,37,87,0
C194,17,3,0,46.9,1,0,2,0,23,49,0
C194,18,2,0,46.8,2,0,1,0,20,76,0
C194,19,0,0,0.0,0,1,0,0,30,22,0
C194,20,0,0,0.0,1,0,0,0,38,55,0
C194,21,2,0,48.9,2,0,2,0,22,67,0
C194,22,0,0,0.0,0,0,0,0,40,43,0
C194,23,0,0,0.0,0,0,0,0,42,94,0
C194,24,0,0,0.0,1,1,0,0,41,49,0
C194,25,1,0,0.0,0,0,0,0,25,44,0
C194,26,2,1,28.4,3,0,1,0,17,64,0
C194,27,0,1,0.0,0,0,0,0,40,54,0
C194,28,1,0,45.5,0,1,0,0,25,31,0
C194,29,0,0,50.4,0,0,0,0,37,93,0
C194,30,2,1,45.9,0,0,1,0,18,17,0
C194,31,1,0,28.3,0,0,0,0,32,82,0
C194,32,0,0,1.4,0,1,0,0,33,12,0
C195,1,5,5,103.4,0,1,0,0,17,104,0
C195,2,10,4,422.2,6,1,2,0,11,64,0
C195,3,8,4,191.5,3,1,1,0,15,14,0
C195,4,10,3,320.6,5,0,5,0,9,86,0
C195,5,7,5,69.9,4,0,1,0,18,13,0
C195,6,7,5,143.8,6,1,1,0,19,33,0
C195,7,5,2,166.7,1,0,1,0,13,69,0
C195,8,9,6,173.7,4,1,4,0,12,54,0
C195,9,8,4,112.0,2,1,3,0,21,75,0
C195,10,8,6,184.7,7,2,2,0,11,21,0
C195,11,4,2,84.4,1,0,3,0,20,68,0
C195,12,10,6,369.0,0,0,1,0,16,54,0
C195,13,7,3,278.1,4,0,5,0,10,34,0
C195,14,11,4,316.9,6,0,3,0,10,60,0
C195,15,7,3,301.3,6,0,3,0,12,102,0
C195,16,11,5,317.2,3,0,6,0,8,104,0
C195,17,4,4,87.1,4,1,2,0,19,59,0
C195,18,12,7,422.7,3,1,5,0,5,22,0
C195,19,11,7,306.6,6,1,4,0,11,31,0
C195,20,5,2,123.5,1,0,2,0,19,86,0
C195,21,9,5,359.8,5,1,4,0,12,45,0
C195,22,6,3,218.7,3,0,2,0,14,86,0
C195,23,14,6,509.4,8,2,3,0,10,93,0
C195,24,11,7,432.0,0,0,5,0,8,75,0
C195,25,14,7,266.4,8,4,3,0,6,61,0
C195,26,6,3,180.9,5,1,3,0,17,78,0
C195,27,8,3,153.2,2,1,4,0,13,92,0
C195,28,4,0,49.1,2,0,1,0,15,92,0
C195,29,8,1,170.8,1,0,3,0,12,96,0
C195,30,12,6,435.9,2,1,2,0,4,44,0
C195,31,8,2,231.9,3,0,1,0,16,53,0
C195,32,15,7,477.2,3,0,7,0,8,85,0
C196,1,7,1,231.6,2,0,0,0,17,21,0
C196,2,11,6,315.7,5,1,2,0,9,63,0
C196,3,10,7,252.4,4,2,3,0,15,26,0
C196,4,9,5,292.3,5,1,3,0,14,50,0
C196,5,6,4,174.0,2,0,1,0,14,104,0
C196,6,9,5,224.7,1,0,2,1,18,82,0
C196,7,7,4,162.0,7,4,3,0,20,102,0
C196,8,8,4,163.9,2,0,1,0,12,100,0
C196,9,5,2,147.1,5,1,1,0,24,41,0
C196,10,8,2,275.5,3,1,0,0,20,94,0
C196,11,10,6,261.0,7,1,6,0,7,34,0
C196,12,9,3,142.3,1,0,2,0,14,91,0
C196,13,6,5,191.4,1,0,1,0,13,83,0
C196,14,8,6,171.5,4,0,3,0,23,13,0
C196,15,8,5,238.9,3,1,3,0,13,72,0
C196,16,7,3,189.6,2,0,3,0,13,31,0
C196,17,10,6,359.5,3,0,6,0,11,60,0
C196,18,6,4,54.3,3,0,4,0,14,33,0
C196,19,6,3,151.0,7,4,0,0,19,22,0
C196,20,8,5,139.2,4,1,4,0,14,42,0
C196,21,10,4,343.4,3,0,2,0,13,97,0
C196,22,7,2,186.7,4,2,3,0,12,54,0
C196,23,12,4,376.9,8,1,5,0,6,35,0
C196,24,9,5,245.5,2,1,2,0,13,66,0
C196,25,7,6,211.6,1,0,1,0,13,59,0
C196,26,9,7,269.2,2,1,3,0,22,96,0
C196,27,1,1,16.1,0,1,1,0,24,69,0
C196,28,2,0,68.1,0,0,0,0,23,33,0
C196,29,8,2,314.9,3,2,2,0,13,37,0
C196,30,4,4,127.4,0,1,0,0,25,53,0
C196,31,11,6,375.6,3,2,7,0,11,80,0
C196,32,3,2,40.8,3,1,1,0,22,30,0
C197,1,9,3,205.7,2,0,3,0,8,25,0
C197,2,14,7,307.2,9,0,1,0,16,22,0
C197,3,11,5,398.0,11,4,5,0,13,75,0
C197,4,13,7,405.9,8,2,2,0,5,104,0
C197,5,15,7,566.6,6,2,7,0,7,47,0
C197,6,10,5,76.9,5,1,3,0,27,36,0
C197,7,22,6,962.1,7,3,1,0,6,21,0
C197,8,11,6,300.9,5,3,4,0,10,39,0
C197,9,13,6,494.0,7,1,0,1,8,19,0
C197,10,11,7,123.4,8,2,4,0,11,79,0
C197,11,4,3,107.3,2,1,0,0,23,98,0
C197,12,8,3,148.4,2,1,1,0,16,95,0
C197,13,16,7,475.8,5,2,4,0,2,55,0
C197,14,17,7,550.2,9,1,3,1,5,74,0
C197,15,11,7,324.0,9,3,3,0,11,28,0
C197,16,5,1,134.2,7,2,1,0,15,100,0
C197,17,14,7,513.4,11,5,5,0,7,25,0
C197,18,16,7,474.1,11,3,5,0,10,25,0
C197,19,12,6,377.0,4,1,4,0,9,46,0
C197,20,8,3,216.9,4,1,3,0,19,97,0
C197,21,9,5,213.3,2,0,3,0,13,41,0
C197,22,17,5,578.7,7,2,6,0,6,48,0
C197,23,4,2,97.3,1,0,3,0,17,42,0
C197,24,13,7,328.0,4,1,4,0,22,88,0
C197,25,7,3,97.1,2,0,1,0,12,86,0
C197,26,2,0,56.7,3,0,0,0,23,44,0
C197,27,0,0,0.0,0,1,0,0,33,54,0
C197,28,3,1,73.1,3,1,0,1,30,82,0
C197,29,0,1,0.0,0,1,0,0,35,22,0
C197,30,1,2,0.0,0,0,1,0,25,50,0
C197,31,1,1,0.0,0,1,0,1,17,85,0
C197,32,8,2,211.5,3,1,2,0,18,30,0
C198,1,7,2,121.5,5,2,3,0,10,43,0
C198,2,9,6,181.3,6,0,3,0,18,77,0
C198,3,5,1,90.6,1,1,1,0,26,68,0
C198,4,4,4,120.4,1,0,1,0,34,21,0
C198,5,5,1,116.2,2,2,4,0,14,27,0
C198,6,2,0,117.1,1,0,0,0,23,60,0
C198,7,3,0,111.7,2,0,0,0,27,53,0
C198,8,5,1,184.8,2,0,0,0,18,73,0
C198,9,4,2,124.3,6,1,0,0,16,26,0
C198,10,10,5,257.4,5,2,9,0,24,40,0
C198,11,4,3,178.4,1,0,2,0,28,61,0
C198,12,3,4,117.5,1,0,1,0,21,25,0
C198,13,4,4,151.5,1,1,1,0,21,51,0
C198,14,6,4,165.8,2,0,2,0,34,97,0
C198,15,2,3,26.9,1,0,0,0,24,24,0
C198,16,6,2,158.0,3,1,3,0,21,99,0
C198,17,7,5,146.7,5,2,2,0,17,18,0
C198,18,1,2,56.0,1,0,2,0,24,22,0
C198,19,4,4,93.8,3,0,1,0,15,60,0
C198,20,1,0,50.6,0,0,0,0,38,26,0
C198,21,2,1,85.9,0,0,0,0,20,24,0
C198,22,0,0,10.0,0,0,0,0,36,85,0
C198,23,2,1,53.1,1,0,1,0,15,89,0
C198,24,2,3,0.0,1,0,0,0,21,48,0
C198,25,2,1,52.5,0,0,0,0,25,86,0
C198,26,2,0,5.7,0,0,0,0,18,100,0
C198,27,2,0,36.9,0,0,1,0,33,14,0
C198,28,3,1,60.3,0,0,3,0,17,24,0
C198,29,3,3,52.7,2,1,1,0,24,102,0
C198,30,3,0,50.1,0,1,1,0,21,12,0
C198,31,2,2,97.0,0,0,0,1,19,41,0
C198,32,4,3,130.5,2,0,4,0,19,21,0
C199,1,9,4,206.3,4,1,1,0,12,36,0
C199,2,11,5,252.8,3,0,4,0,15,49,0
C199,3,10,5,270.1,2,2,6,0,17,74,0
C199,4,9,4,193.4,4,1,2,1,17,65,0
C199,5,8,3,233.1,3,1,2,0,18,43,0
C199,6,7,2,243.7,3,0,2,0,25,49,0
C199,7,17,7,516.9,6,1,5,0,3,34,0
C199,8,11,6,197.9,4,1,2,0,17,90,0
C199,9,16,7,470.1,9,4,4,0,11,36,0
C199,10,9,6,213.0,7,0,1,0,12,102,0
C199,11,8,4,300.0,1,0,3,0,28,47,0
C199,12,15,7,371.0,7,3,2,0,11,13,0
C199,13,6,3,171.9,1,0,4,0,17,84,0
C199,14,9,3,337.3,3,1,4,0,16,62,0
C199,15,9,4,278.9,4,0,4,0,30,83,0
C199,16,8,5,234.9,7,3,1,0,10,84,0
C199,17,10,6,266.0,4,3,2,0,10,96,0
C199,18,15,6,167.4,3,0,2,0,5,75,0
C199,19,11,3,318.2,7,1,3,0,15,16,0
C199,20,16,7,328.1,11,6,10,0,4,51,0
C199,21,9,4,307.1,6,1,2,0,16,43,0
C199,22,8,4,223.7,3,0,1,0,29,53,0
C199,23,14,7,406.5,7,1,4,0,8,13,0
C199,24,13,4,412.8,4,2,4,0,8,28,0
C199,25,8,5,334.8,5,1,1,0,18,36,0
C199,26,11,7,224.9,3,0,7,0,9,27,0
C199,27,5,3,145.1,2,0,3,0,18,32,0
C199,28,8,3,161.9,3,0,4,0,19,104,0
C199,29,16,6,657.5,5,0,6,0,13,41,0
C199,30,15,7,597.2,6,1,3,0,3,63,0
C199,31,6,2,111.9,3,1,2,0,11,88,0
C199,32,13,6,331.3,10,1,4,0,5,34,0
C200,1,2,2,70.1,0,0,0,0,36,33,0
C200,2,13,7,409.0,6,0,3,0,8,88,0
C200,3,7,4,254.5,0,0,4,0,12,92,0
C200,4,12,6,171.9,8,2,1,0,15,88,0
C200,5,4,1,161.9,0,0,1,0,25,23,0
C200,6,9,6,226.7,3,2,1,0,13,83,0
C200,7,13,7,444.2,10,2,3,0,7,89,0
C200,8,11,6,271.8,8,1,7,0,14,48,0
C200,9,7,4,204.2,2,1,2,0,11,68,0
C200,10,11,7,310.5,3,1,1,0,16,44,0
C200,11,9,5,301.0,5,0,3,0,9,84,0
C200,12,10,5,333.9,5,3,7,0,12,95,0
C200,13,5,3,112.5,2,1,2,0,20,60,0
C200,14,7,5,224.4,2,0,1,0,39,75,0
C200,15,9,4,216.3,7,2,6,0,22,50,0
C200,16,2,0,95.0,2,0,1,0,20,37,0
C200,17,7,4,149.1,5,1,0,0,16,56,0
C200,18,7,3,164.0,2,0,0,0,20,71,0
C200,19,5,4,173.7,6,2,1,0,14,42,0
C200,20,0,0,0.0,0,0,0,0,41,89,0
C200,21,9,5,270.9,4,2,3,0,12,48,0
C200,22,5,1,175.2,0,0,2,0,17,20,0
C200,23,4,3,97.8,2,0,0,0,19,14,0
C200,24,4,1,90.5,0,0,1,0,14,75,0
C200,25,9,5,248.2,2,0,4,0,13,84,0
C200,26,2,0,75.0,1,0,0,0,32,23,0
C200,27,1,2,68.5,0,1,0,0,26,28,0
C200,28,4,0,103.7,1,0,2,0,16,26,0
C200,29,2,4,42.4,1,1,2,1,26,20,0
C200,30,3,1,121.8,1,0,1,0,31,83,0
C200,31,2,2,88.9,0,1,0,0,26,21,0
C200,32,1,1,15.7,2,2,1,0,25,16,1
C201,1,5,3,151.7,0,0,2,0,14,20,0
C201,2,5,3,173.0,2,1,2,0,22,17,0
C201,3,17,7,144.2,4,1,2,0,23,16,0
C201,4,4,4,192.6,1,0,0,0,26,60,0
C201,5,3,0,21.0,0,0,0,0,18,50,0
C201,6,7,3,134.1,2,0,1,0,20,43,0
C201,7,3,2,97.3,0,0,0,0,27,63,0
C201,8,4,1,40.7,3,0,1,0,25,61,0
C201,9,2,1,6.5,0,1,1,0,22,29,0
C201,10,9,3,279.8,1,0,0,0,10,92,0
C201,11,8,3,185.4,0,0,2,0,16,63,0
C201,12,7,2,194.4,6,3,0,0,17,65,0
C201,13,5,3,191.5,4,2,1,0,13,90,0
C201,14,3,2,109.0,1,0,2,0,16,27,0
C201,15,1,0,42.8,0,0,0,0,19,51,0
C201,16,6,4,242.3,1,0,4,0,21,66,0
C201,17,9,5,217.3,4,1,1,0,18,64,0
C201,18,10,3,250.3,6,2,5,0,10,97,0
C201,19,7,5,193.1,1,0,2,0,16,74,0
C201,20,6,5,202.9,1,0,1,0,13,94,0
C201,21,4,1,105.9,1,0,1,1,28,39,0
C201,22,10,5,273.9,5,2,3,0,15,34,0
C201,23,4,1,110.3,3,1,1,0,14,34,0
C201,24,5,3,94.4,2,0,1,0,15,37,0
C201,25,9,4,293.0,4,0,2,0,13,52,0
C201,26,7,4,272.3,0,0,0,0,14,76,0
C201,27,2,0,88.6,0,0,1,0,16,90,0
C201,28,12,6,373.7,4,1,4,0,10,78,0
C201,29,7,6,218.5,4,2,2,0,17,100,0
C201,30,4,2,123.5,1,1,2,0,19,26,0
C201,31,7,1,170.5,3,0,3,0,16,19,0
C201,32,12,6,402.7,6,1,1,0,21,38,0
C202,1,16,7,503.7,3,1,4,0,0,97,0
C202,2,7,5,194.5,5,2,1,0,12,101,0
C202,3,13,6,534.2,7,4,1,0,15,76,0
C202,4,8,5,171.8,4,0,5,0,16,91,0
C202,5,9,2,274.0,5,3,3,0,26,68,0
C202,6,12,6,332.3,4,0,9,0,8,80,0
C202,7,9,3,234.1,2,1,3,0,10,24,0
C202,8,8,1,170.0,3,2,1,0,20,39,0
C202,9,9,5,167.7,3,2,3,0,14,93,0
C202,10,4,4,108.4,3,2,3,0,16,102,0
C202,11,7,4,161.3,3,2,2,0,13,32,0
C202,12,4,1,93.2,3,0,1,0,21,51,0
C202,13,1,0,48.8,0,1,0,0,44,73,0
C202,14,7,3,147.6,3,1,2,0,20,88,0
C202,15,4,2,138.5,3,2,0,0,21,91,0
C202,16,5,2,208.7,1,1,3,0,14,45,0
C202,17,5,3,283.8,2,0,2,0,35,88,0
C202,18,10,3,258.8,11,7,8,0,12,29,0
C202,19,5,1,153.2,1,1,0,0,42,68,0
C202,20,5,5,94.2,2,1,1,0,14,74,0
C202,21,3,3,83.8,3,2,0,0,22,17,0
C202,22,6,4,194.8,5,5,2,0,17,20,0
C202,23,8,4,261.7,4,1,7,0,11,27,0
C202,24,10,3,297.9,2,2,4,0,15,21,0
C202,25,4,1,153.8,0,1,1,0,14,16,0
C202,26,5,3,101.6,4,3,0,0,20,28,0
C202,27,7,3,173.0,1,1,4,0,12,30,0
C202,28,8,4,198.1,3,2,1,0,14,97,0
C202,29,6,5,116.8,3,0,0,0,21,104,0
C202,30,6,4,247.9,2,0,0,0,31,47,0
C202,31,10,6,337.1,3,2,6,0,25,74,0
C202,32,7,2,207.3,2,1,3,0,11,71,0
C203,1,3,2,144.7,0,0,1,0,16,68,0
C203,2,6,4,270.5,2,0,0,0,19,44,0
C203,3,4,2,81.7,4,0,1,1,14,27,0
C203,4,3,2,153.8,2,1,1,1,24,55,0
C203,5,8,5,317.7,2,0,4,1,21,100,0
C203,6,6,2,102.6,0,0,3,0,15,84,0
C203,7,7,2,133.7,0,0,3,0,15,83,0
C203,8,11,6,208.0,1,0,1,0,19,31,0
C203,9,3,1,81.5,2,0,0,0,16,98,0
C203,10,5,2,207.6,4,2,1,0,19,46,0
C203,11,6,3,211.0,2,2,2,0,14,91,0
C203,12,5,2,164.7,3,3,1,0,19,14,0
C203,13,4,4,89.4,2,0,1,0,30,22,0
C203,14,5,4,155.3,1,0,0,1,32,65,0
C203,15,5,1,112.9,1,1,3,0,28,50,0
C203,16,10,4,266.9,5,1,7,0,20,22,0
C203,17,6,5,226.6,1,0,1,0,17,65,0
C203,18,8,6,161.4,5,0,2,0,8,89,0
C203,19,4,1,126.7,1,0,3,1,20,37,0
C203,20,5,2,158.8,1,1,1,0,18,70,0
C203,21,8,6,236.6,2,0,1,0,9,35,0
C203,22,6,1,132.0,4,1,0,0,19,60,0
C203,23,7,5,274.9,4,2,1,0,16,103,0
C203,24,0,1,0.0,0,0,0,0,30,48,0
C203,25,0,0,0.0,1,0,0,1,40,80,0
C203,26,1,0,76.2,1,0,0,0,20,59,0
C203,27,0,0,0.0,0,1,0,0,40,27,0
C203,28,0,0,0.0,1,0,0,0,39,90,0
C203,29,0,0,0.0,0,0,0,0,55,58,0
C203,30,0,0,0.9,0,0,0,0,30,90,0
C203,31,0,1,0.0,0,1,1,0,37,69,0
C203,32,0,0,9.3,0,0,0,0,41,87,1
C204,1,11,4,220.9,4,1,3,0,6,43,0
C204,2,12,4,230.9,5,3,6,0,7,15,0
C204,3,9,3,217.6,5,1,0,0,10,90,0
C204,4,13,7,386.4,8,1,4,0,5,69,0
C204,5,14,7,532.7,4,1,2,0,27,83,0
C204,6,10,4,309.7,1,0,3,0,24,50,0
C204,7,10,6,304.5,5,2,3,0,27,57,0
C204,8,8,4,302.1,5,0,2,0,9,50,0
C204,9,18,7,458.4,5,2,11,0,17,32,0
C204,10,12,6,357.2,0,0,3,0,17,96,0
C204,11,16,7,257.0,9,0,10,0,17,85,0
C204,12,7,5,108.1,2,1,3,0,27,59,0
C204,13,9,5,282.5,4,0,5,0,19,12,0
C204,14,10,5,231.1,3,2,2,0,13,27,0
C204,15,7,1,179.1,3,0,2,0,18,37,0
C204,16,9,5,150.6,2,0,2,0,10,29,0
C204,17,12,7,410.8,4,1,0,0,11,55,0
C204,18,10,3,256.4,5,2,2,0,11,87,0
C204,19,13,7,349.1,5,2,2,0,7,79,0
C204,20,12,4,314.8,2,1,3,0,9,13,0
C204,21,9,4,338.8,4,1,2,0,12,85,0
C204,22,15,7,560.1,12,2,5,0,2,70,0
C204,23,11,5,211.7,3,0,5,0,7,19,0
C204,24,11,5,289.2,9,4,4,0,13,66,0
C204,25,11,7,297.5,6,0,2,0,8,103,0
C204,26,11,6,267.2,4,1,3,0,10,24,0
C204,27,12,6,311.8,5,2,4,0,26,66,0
C204,28,11,6,197.3,1,0,2,0,37,32,0
C204,29,16,7,542.7,4,0,8,0,2,16,0
C204,30,12,4,385.9,3,1,5,0,12,36,0
C204,31,8,4,255.7,6,3,5,0,12,66,0
C204,32,14,6,208.5,5,2,5,0,4,77,0
C205,1,13,7,471.3,7,2,5,0,16,55,0
C205,2,9,5,291.6,5,1,2,0,20,23,0
C205,3,13,7,298.5,5,2,2,0,7,90,0
C205,4,12,5,306.8,5,0,4,0,11,45,0
C205,5,13,7,224.6,7,0,1,0,10,101,0
C205,6,8,2,267.8,3,1,3,0,14,86,0
C205,7,11,7,323.0,7,2,4,0,14,47,0
C205,8,10,5,317.4,6,2,5,0,25,38,0
C205,9,12,7,409.6,4,0,3,0,19,76,0
C205,10,21,6,798.0,7,1,6,0,3,83,0
C205,11,10,4,257.5,7,3,5,0,22,70,0
C205,12,8,4,182.5,2,0,4,0,9,71,0
C205,13,10,3,173.2,3,2,4,0,16,91,0
C205,14,11,6,328.7,3,0,1,0,16,99,0
C205,15,12,6,257.3,6,1,5,0,7,57,0
C205,16,7,5,142.1,2,1,4,0,19,66,0
C205,17,14,7,570.4,8,2,3,0,14,88,0
C205,18,12,7,381.3,5,1,2,0,5,76,0
C205,19,11,7,292.6,5,2,4,0,17,49,0
C205,20,8,4,190.4,2,0,5,0,12,12,0
C205,21,12,7,371.2,5,1,4,0,14,22,0
C205,22,9,5,331.8,6,2,3,0,35,30,0
C205,23,9,2,239.9,5,1,3,0,16,75,0
C205,24,8,3,218.9,4,1,1,0,17,80,0
C205,25,8,4,271.3,5,1,0,0,12,29,0
C205,26,10,4,255.6,4,0,7,0,9,57,0
C205,27,11,5,306.4,7,1,9,0,11,29,0
C205,28,17,7,199.1,7,0,14,0,15,50,0
C205,29,18,7,383.3,9,2,3,0,15,77,0
C205,30,13,7,289.5,4,1,3,0,8,47,0
C205,31,16,5,279.4,3,1,6,0,17,99,0
C205,32,8,3,314.0,6,2,2,0,10,78,0
C206,1,6,3,155.9,6,1,0,0,19,75,0
C206,2,9,5,280.1,8,4,2,0,9,93,0
C206,3,13,6,483.6,6,4,3,0,6,92,0
C206,4,10,5,264.9,4,2,9,0,7,59,0
C206,5,9,5,201.3,2,1,4,0,13,20,0
C206,6,4,1,141.2,3,1,0,0,16,78,0
C206,7,9,4,220.1,6,3,5,0,17,62,0
C206,8,9,5,203.6,4,3,1,0,11,70,0
C206,9,10,4,367.4,7,4,5,0,15,68,0
C206,10,9,4,224.0,1,1,3,0,10,54,0
C206,11,11,7,362.5,1,0,4,0,21,16,0
C206,12,8,4,168.7,4,1,2,0,15,26,0
C206,13,6,4,132.3,4,1,0,0,35,36,0
C206,14,8,5,248.6,4,3,2,0,14,48,0
C206,15,8,2,179.7,5,2,1,0,25,34,0
C206,16,10,5,222.5,6,2,5,0,9,52,0
C206,17,10,4,424.6,2,0,0,0,12,100,0
C206,18,11,5,329.5,3,0,5,0,9,49,0
C206,19,10,6,214.8,4,2,1,0,14,20,0
C206,20,13,5,330.4,4,2,6,0,4,36,0
C206,21,7,4,206.6,5,2,1,0,24,96,0
C206,22,9,6,340.7,2,0,3,0,12,56,0
C206,23,10,7,321.0,2,1,3,0,8,12,0
C206,24,3,1,48.7,1,1,1,0,20,63,0
C206,25,10,6,123.0,8,2,3,0,9,37,0
C206,26,4,1,184.4,0,1,2,0,16,14,0
C206,27,15,6,275.6,6,1,8,0,6,75,0
C206,28,6,4,228.0,4,2,1,0,13,59,0
C206,29,9,5,282.1,4,0,5,0,15,94,0
C206,30,8,3,297.7,2,0,3,0,15,45,0
C206,31,6,2,222.6,4,1,0,0,14,61,0
C206,32,7,5,161.7,1,0,3,0,16,60,0
C207,1,11,6,290.1,7,2,6,0,8,35,0
C207,2,15,6,365.8,14,4,2,0,4,82,0
C207,3,6,4,171.8,4,1,1,0,19,102,0
C207,4,9,4,345.1,4,2,5,0,14,92,0
C207,5,9,6,224.9,4,1,3,0,13,93,0
C207,6,11,7,266.7,5,1,0,0,9,53,0
C207,7,10,4,116.3,5,1,1,1,13,79,0
C207,8,11,5,270.1,12,2,3,0,8,52,0
C207,9,11,6,346.9,5,1,6,0,24,23,0
C207,10,17,6,549.8,7,2,3,0,14,26,0
C207,11,7,1,247.3,3,2,2,0,15,54,0
C207,12,9,4,255.0,4,3,3,0,10,87,0
C207,13,11,4,270.3,3,1,2,0,20,74,0
C207,14,7,3,196.0,1,1,1,0,9,56,0
C207,15,12,5,306.2,4,1,3,0,9,64,0
C207,16,13,6,344.5,8,1,3,0,11,62,0
C207,17,15,5,168.7,6,4,7,0,7,61,0
C207,18,16,7,463.1,14,3,4,0,1,52,0
C207,19,17,7,266.2,3,0,3,0,5,65,0
C207,20,6,4,127.1,4,0,3,0,20,43,0
C207,21,15,7,546.9,7,2,3,0,10,52,0
C207,22,10,2,315.6,5,1,2,0,11,23,0
C207,23,13,6,202.4,11,1,4,0,14,86,0
C207,24,14,6,380.2,8,2,7,0,16,85,0
C207,25,11,5,380.5,6,2,3,1,21,56,0
C207,26,8,5,238.6,1,0,3,0,21,51,0
C207,27,9,5,98.5,4,2,3,0,15,66,0
C207,28,8,5,294.7,0,0,7,0,17,86,0
C207,29,10,7,315.1,3,1,6,0,10,27,0
C207,30,13,6,551.1,5,2,4,0,8,61,0
C207,31,8,5,273.5,4,0,3,0,11,53,0
C207,32,9,6,282.4,5,1,1,0,13,67,0
C208,1,7,3,271.9,5,0,2,0,19,58,0
C208,2,18,7,512.0,8,2,5,0,1,79,0
C208,3,14,7,431.0,6,2,2,0,11,93,0
C208,4,11,5,388.3,4,1,4,0,16,98,0
C208,5,11,6,284.0,7,0,3,0,26,29,0
C208,6,11,5,252.4,5,3,3,0,6,93,0
C208,7,11,4,302.8,3,3,6,0,5,51,0
C208,8,17,7,480.2,5,0,4,0,32,64,0
C208,9,7,3,268.4,2,1,6,0,11,86,0
C208,10,8,6,308.3,4,1,6,0,13,53,0
C208,11,14,6,369.4,7,0,1,0,4,54,0
C208,12,9,6,188.9,4,1,5,0,12,63,0
C208,13,13,6,363.5,5,2,4,0,9,84,0
C208,14,11,5,184.2,4,0,3,0,11,102,0
C208,15,5,3,192.6,2,0,0,0,20,77,0
C208,16,14,7,389.2,5,1,5,0,2,47,0
C208,17,10,5,269.5,5,0,5,0,10,91,0
C208,18,8,5,234.8,4,0,1,0,32,52,0
C208,19,6,5,240.5,2,1,0,0,19,79,0
C208,20,7,5,208.3,3,2,4,0,12,82,0
C208,21,7,3,256.2,4,2,0,0,10,17,0
C208,22,11,5,266.8,3,2,2,0,8,75,0
C208,23,11,4,395.8,10,1,4,0,6,41,0
C208,24,10,4,181.7,2,1,3,0,10,91,0
C208,25,13,6,234.2,4,0,5,0,12,13,0
C208,26,3,3,48.8,4,0,4,0,14,83,0
C208,27,19,6,610.8,6,2,5,0,6,77,0
C208,28,17,7,510.6,9,0,7,0,13,43,0
C208,29,13,7,202.3,7,3,5,0,5,47,0
C208,30,9,3,353.5,5,2,3,0,22,86,0
C208,31,12,6,414.0,8,3,4,0,11,32,0
C208,32,0,0,0.0,0,0,1,1,38,81,1
C209,1,5,3,238.2,2,1,1,0,23,33,0
C209,2,6,3,213.2,0,0,3,0,18,33,0
C209,3,10,5,280.7,5,1,3,0,22,24,0
C209,4,4,2,89.4,4,0,1,0,21,42,0
C209,5,4,4,143.5,1,1,2,0,15,27,0
C209,6,4,2,142.0,2,1,0,0,21,68,0
C209,7,6,3,255.4,2,0,1,0,22,49,0
C209,8,4,0,102.7,1,0,1,0,18,43,0
C209,9,12,6,469.2,2,0,3,0,13,56,0
C209,10,8,3,162.8,3,1,4,0,14,103,0
C209,11,0,0,2.9,0,0,0,0,32,37,0
C209,12,6,4,110.3,1,0,0,0,12,79,0
C209,13,8,4,250.4,7,3,3,0,10,60,0
C209,14,7,5,193.7,1,0,5,0,16,47,0
C209,15,6,1,236.2,1,0,2,0,21,60,0
C209,16,8,5,141.7,6,1,3,0,11,84,0
C209,17,4,2,96.7,3,1,2,0,23,77,0
C209,18,6,1,131.2,3,3,2,0,20,41,0
C209,19,7,5,160.0,3,0,3,0,15,80,0
C209,20,8,3,165.7,7,1,4,0,26,91,0
C209,21,8,4,154.2,5,0,1,0,17,52,0
C209,22,5,2,177.8,3,2,1,0,25,84,0
C209,23,7,2,222.4,6,0,2,0,35,30,0
C209,24,5,2,173.5,1,0,1,0,20,66,0
C209,25,9,4,225.4,4,2,4,0,26,39,0
C209,26,10,6,261.9,2,0,3,0,9,63,0
C209,27,9,4,263.7,3,0,5,0,15,35,0
C209,28,12,6,309.5,3,1,4,0,17,89,0
C209,29,5,2,78.6,4,3,2,1,25,68,0
C209,30,6,4,144.4,1,0,1,1,22,25,0
C209,31,10,4,273.6,2,0,3,0,19,12,0
C209,32,6,4,157.5,4,3,0,0,24,103,1
C210,1,5,2,138.8,0,0,0,0,21,70,0
C210,2,9,4,346.5,1,0,4,0,30,68,0
C210,3,9,5,248.8,3,1,1,0,11,34,0
C210,4,6,4,152.2,3,0,3,0,16,68,0
C210,5,8,3,298.9,4,0,0,0,12,20,0
C210,6,13,6,231.2,8,3,2,0,7,24,0
C210,7,16,7,268.3,10,4,3,0,2,34,0
C210,8,10,3,216.9,0,0,2,0,7,12,0
C210,9,13,7,351.9,5,1,3,0,3,53,0
C210,10,10,6,241.5,4,0,3,0,10,68,0
C210,11,8,3,275.5,4,1,2,0,19,43,0
C210,12,16,6,590.0,9,2,4,0,6,103,0
C210,13,8,6,180.2,5,1,1,0,12,53,0
C210,14,13,6,538.0,8,1,5,0,17,55,0
C210,15,11,6,235.3,3,1,4,0,15,41,0
C210,16,7,5,186.0,1,0,1,0,16,85,0
C210,17,11,5,386.2,4,1,3,0,15,52,0
C210,18,9,4,293.7,3,0,1,0,30,56,0
C210,19,9,5,215.6,3,1,3,0,24,51,0
C210,20,11,5,300.1,7,2,3,0,12,19,0
C210,21,11,5,302.5,4,1,4,0,10,36,0
C210,22,8,5,127.7,3,0,5,0,10,94,0
C210,23,5,1,191.4,2,1,0,0,25,50,0
C210,24,3,1,127.8,5,2,1,0,29,29,0
C210,25,2,2,47.3,0,0,1,0,21,26,0
C210,26,0,0,0.0,0,0,0,0,42,29,0
C210,27,0,1,5.2,0,0,0,0,35,61,0
C210,28,1,1,0.0,0,0,0,0,17,65,0
C210,29,0,0,14.5,0,1,0,0,42,55,0
C210,30,0,0,0.0,0,1,0,1,38,67,0
C210,31,1,1,24.7,1,1,0,0,21,17,0
C210,32,0,0,0.9,0,1,0,0,43,69,0
C211,1,13,6,327.5,7,2,4,0,16,73,0
C211,2,3,2,62.3,4,1,1,0,19,46,0
C211,3,7,3,245.7,4,1,2,0,12,42,0
C211,4,4,5,107.0,1,0,2,0,20,40,0
C211,5,2,1,61.9,1,0,0,0,23,24,0
C211,6,10,3,230.3,5,2,6,0,12,85,0
C211,7,4,0,122.7,2,1,1,0,21,55,0
C211,8,11,6,308.3,4,0,2,0,11,28,0
C211,9,5,4,134.8,2,1,2,0,24,58,0
C211,10,2,2,67.5,1,0,0,0,21,62,0
C211,11,3,0,80.7,1,0,2,0,16,29,0
C211,12,3,4,69.9,3,1,1,0,27,78,0
C211,13,3,2,64.7,2,1,0,0,19,27,0
C211,14,8,2,255.6,0,0,4,0,9,77,0
C211,15,4,5,98.2,0,0,1,0,21,40,0
C211,16,8,4,159.0,3,0,2,1,17,41,0
C211,17,9,5,391.1,2,1,4,0,24,73,0
C211,18,9,4,263.3,2,0,4,0,8,30,0
C211,19,7,5,245.9,2,1,4,0,21,34,0
C211,20,5,3,144.6,3,1,0,0,17,35,0
C211,21,2,3,61.8,1,0,0,0,26,89,0
C211,22,11,7,264.2,5,1,4,0,30,63,0
C211,23,10,3,463.3,3,1,4,0,10,26,0
C211,24,8,5,264.2,4,2,5,0,14,15,0
C211,25,6,3,107.8,2,1,1,0,15,16,0
C211,26,5,4,166.4,2,0,0,0,19,81,0
C211,27,9,5,232.7,5,2,2,0,21,63,0
C211,28,3,1,47.1,1,1,0,0,24,22,0
C211,29,6,3,172.2,2,1,7,0,16,88,0
C211,30,10,6,353.2,9,2,5,0,12,74,0
C211,31,4,3,159.8,3,1,3,0,18,90,0
C211,32,4,2,136.9,1,1,2,0,25,45,0
C212,1,15,6,271.7,5,5,2,0,9,70,0
C212,2,19,7,601.9,14,5,5,0,7,74,0
C212,3,6,3,126.0,3,0,3,0,19,18,0
C212,4,11,7,365.1,6,5,4,0,6,51,0
C212,5,7,3,192.7,4,0,1,0,26,19,0
C212,6,14,6,387.2,6,3,3,0,21,25,0
C212,7,13,7,223.0,7,5,2,0,7,80,0
C212,8,9,4,337.0,0,1,7,0,19,68,0
C212,9,10,4,288.6,4,3,4,0,12,67,0
C212,10,11,6,380.3,6,2,1,0,11,101,0
C212,11,16,5,525.1,4,2,5,0,13,60,0
C212,12,11,4,432.3,7,1,2,0,8,92,0
C212,13,15,7,467.8,3,0,10,0,3,54,0
C212,14,9,6,237.7,1,1,3,1,17,72,0
C212,15,9,4,268.2,1,0,2,0,9,15,0
C212,16,19,7,661.9,3,2,4,0,8,25,0
C212,17,11,4,304.9,7,5,6,1,21,23,0
C212,18,11,7,276.5,6,2,6,0,15,87,0
C212,19,16,5,405.2,8,4,6,0,8,59,0
C212,20,12,7,354.0,6,2,5,0,8,55,0
C212,21,16,7,385.7,5,2,5,0,8,78,0
C212,22,7,3,186.9,3,1,4,0,11,39,0
C212,23,14,6,340.2,9,6,4,0,35,66,0
C212,24,6,3,155.6,3,3,1,0,18,87,0
C212,25,7,2,155.7,1,1,3,1,15,52,0
C212,26,0,0,0.0,0,0,0,0,41,78,0
C212,27,3,1,140.3,1,1,2,1,33,29,0
C212,28,0,0,30.5,0,0,0,0,37,52,0
C212,29,2,0,76.1,1,0,2,0,28,66,0
C212,30,4,3,173.1,1,1,1,1,19,85,0
C212,31,2,1,44.6,0,0,1,0,22,99,0
C212,32,4,2,134.1,3,1,0,0,18,94,0
C213,1,12,7,282.2,5,2,6,0,8,67,0
C213,2,5,3,138.4,3,0,2,0,14,76,0
C213,3,4,3,113.1,3,0,2,0,17,41,0
C213,4,6,6,232.8,4,1,0,0,14,79,0
C213,5,8,4,153.6,3,2,4,0,14,22,0
C213,6,14,7,311.6,5,1,3,1,3,30,0
C213,7,5,2,134.2,2,0,1,0,24,20,0
C213,8,13,6,418.8,7,0,5,0,16,96,0
C213,9,3,1,96.9,0,0,0,0,16,34,0
C213,10,10,4,371.5,4,1,4,0,17,45,0
C213,11,12,7,269.4,7,1,5,0,16,20,0
C213,12,5,4,201.6,2,0,2,0,23,91,0
C213,13,8,3,216.6,2,0,1,0,14,32,0
C213,14,7,3,276.1,3,1,0,1,23,13,0
C213,15,7,4,228.0,2,0,3,0,15,85,0
C213,16,10,5,298.8,3,1,7,0,17,102,0
C213,17,7,4,280.8,1,0,3,0,13,90,0
C213,18,8,2,298.7,4,1,5,0,29,64,0
C213,19,7,3,202.2,2,1,2,0,17,46,0
C213,20,6,6,180.5,3,0,6,0,17,39,0
C213,21,8,5,159.0,4,2,1,0,9,86,0
C213,22,10,2,221.8,3,0,2,0,10,69,0
C213,23,11,6,344.7,5,2,1,0,8,96,0
C213,24,6,1,180.9,4,1,0,0,11,39,0
C213,25,11,6,358.8,5,0,2,0,16,42,0
C213,26,6,3,143.5,4,2,4,1,32,84,0
C213,27,6,2,225.0,3,1,0,0,23,76,0
C213,28,5,1,62.2,2,0,3,0,18,82,0
C213,29,9,3,239.9,5,0,1,0,13,62,0
C213,30,8,5,305.6,4,2,5,0,22,66,0
C213,31,7,4,243.4,2,1,4,1,20,26,0
C213,32,11,6,227.2,4,1,10,0,16,25,0
C214,1,1,0,47.9,0,0,0,0,22,93,0
C214,2,3,0,46.0,0,0,1,0,17,70,0
C214,3,5,2,50.9,5,1,1,0,29,77,0
C214,4,2,0,65.6,3,2,1,0,21,31,0
C214,5,3,1,83.5,1,0,2,0,23,42,0
C214,6,2,0,38.7,2,0,1,0,21,20,0
C214,7,1,0,46.5,0,0,0,0,24,82,0
C214,8,1,2,49.5,0,0,1,0,18,42,0
C214,9,3,1,166.3,3,1,0,0,15,17,0
C214,10,2,0,48.0,2,0,2,0,18,88,0
C214,11,1,0,19.0,0,0,1,0,23,38,0
C214,12,3,1,74.9,2,0,0,0,19,37,0
C214,13,0,0,20.8,0,0,0,0,35,91,0
C214,14,3,0,76.3,1,0,2,0,16,15,0
C214,15,2,3,74.2,3,0,2,0,23,86,0
C214,16,2,0,67.0,2,0,3,0,17,100,0
C214,17,0,0,0.0,0,0,0,0,32,57,0
C214,18,2,2,29.9,0,0,0,0,16,88,0
C214,19,1,1,32.6,0,0,0,0,26,85,0
C214,20,0,0,0.0,0,0,0,0,40,50,0
C214,21,0,0,28.4,0,0,0,0,52,37,0
C214,22,0,0,0.0,0,0,1,0,37,15,0
C214,23,0,0,0.0,0,0,0,0,40,57,0
C214,24,0,1,0.0,0,1,0,0,30,58,0
C214,25,0,2,12.1,1,1,0,0,35,17,0
C214,26,0,0,0.0,0,0,0,0,31,77,0
C214,27,0,0,0.0,0,0,0,0,32,65,0
C214,28,0,0,0.0,0,1,0,0,37,55,0
C214,29,0,0,0.0,0,0,0,1,37,26,0
C214,30,2,0,37.3,3,0,0,0,30,29,0
C214,31,3,2,120.8,1,1,1,0,18,58,0
C214,32,2,1,24.0,1,1,0,0,24,21,0
C215,1,3,3,96.6,0,1,1,0,18,30,0
C215,2,17,7,553.0,10,3,6,0,0,68,0
C215,3,12,5,276.8,8,1,2,0,17,65,0
C215,4,7,5,206.2,3,2,0,0,11,17,0
C215,5,16,7,437.4,8,3,2,0,15,14,0
C215,6,10,6,256.1,2,1,1,0,16,45,0
C215,7,13,7,343.4,15,4,2,0,14,60,0
C215,8,8,3,264.0,6,2,3,0,10,68,0
C215,9,4,4,51.7,2,0,2,0,13,98,0
C215,10,6,3,231.2,3,0,0,0,22,52,0
C215,11,7,2,285.6,1,1,3,0,21,79,0
C215,12,9,4,239.0,5,3,8,1,9,62,0
C215,13,8,5,281.7,2,0,3,0,11,70,0
C215,14,23,5,713.2,15,5,14,0,5,87,0
C215,15,8,3,118.0,2,0,9,0,33,75,0
C215,16,7,4,223.4,2,1,2,0,22,97,0
C215,17,7,2,109.6,3,1,2,0,11,91,0
C215,18,12,6,179.0,5,2,2,0,9,14,0
C215,19,8,4,198.9,3,0,0,0,21,44,0
C215,20,14,7,508.2,9,3,3,0,3,20,0
C215,21,5,1,176.9,3,0,2,0,17,38,0
C215,22,9,6,326.4,1,0,4,0,28,85,0
C215,23,8,5,206.0,2,1,2,0,29,30,0
C215,24,7,5,290.4,5,0,5,0,16,22,0
C215,25,6,4,177.8,1,0,0,0,17,18,0
C215,26,5,1,100.9,3,0,0,0,17,101,0
C215,27,14,6,471.4,8,1,5,0,7,19,0
C215,28,14,6,489.8,12,3,8,0,21,15,0
C215,29,14,6,202.6,5,1,5,0,21,40,0
C215,30,6,3,155.8,5,3,2,0,15,52,0
C215,31,14,6,230.9,7,0,7,0,9,41,0
C215,32,13,6,315.7,4,1,3,0,5,58,0
C216,1,8,4,161.3,3,1,6,0,14,87,0
C216,2,10,6,263.7,6,2,1,1,12,60,0
C216,3,8,5,75.8,5,3,3,0,18,84,0
C216,4,9,3,318.5,1,0,2,0,13,75,0
C216,5,5,4,178.1,0,1,3,0,18,101,0
C216,6,9,7,258.1,1,0,2,1,21,28,0
C216,7,5,2,178.9,1,1,1,0,25,60,0
C216,8,10,6,370.4,2,0,2,0,11,74,0
C216,9,9,5,362.8,7,5,2,0,14,100,0
C216,10,7,2,197.0,5,1,1,0,13,84,0
C216,11,6,4,140.2,1,1,2,0,27,63,0
C216,12,8,3,232.8,2,2,2,0,19,63,0
C216,13,4,5,124.9,1,1,3,0,46,42,0
C216,14,5,1,119.6,1,0,1,0,14,80,0
C216,15,3,1,96.2,4,2,1,1,22,47,0
C216,16,11,5,413.9,3,3,7,0,12,101,0
C216,17,7,3,238.6,2,1,2,0,11,56,0
C216,18,1,1,85.4,0,1,0,0,22,75,0
C216,19,5,2,202.8,0,1,3,0,15,18,0
C216,20,6,3,211.5,1,1,1,0,23,35,0
C216,21,2,1,0.0,0,1,1,1,18,70,0
C216,22,5,2,108.7,1,0,3,0,26,43,0
C216,23,8,3,224.1,3,2,2,0,12,39,0
C216,24,6,3,137.3,1,0,3,0,13,13,0
C216,25,3,0,59.2,1,0,0,0,22,64,0
C216,26,9,6,275.7,7,3,1,0,16,47,0
C216,27,4,2,120.9,4,2,1,0,17,93,0
C216,28,3,0,96.4,2,1,0,0,27,80,0
C216,29,11,6,390.3,3,3,2,0,10,42,0
C216,30,7,3,218.7,2,2,3,0,18,93,0
C216,31,7,5,258.5,0,0,2,0,16,60,0
C216,32,1,0,28.7,0,0,0,0,25,15,0
C217,1,13,7,480.5,9,4,5,0,24,102,0
C217,2,4,0,118.0,1,0,2,0,30,79,0
C217,3,3,1,68.7,2,1,1,1,27,61,0
C217,4,10,6,291.9,5,3,3,0,15,92,0
C217,5,3,0,69.7,1,1,0,0,19,42,0
C217,6,10,5,360.6,4,2,0,0,11,36,0
C217,7,7,4,265.3,2,0,2,0,16,82,0
C217,8,7,4,232.0,3,3,1,0,28,88,0
C217,9,4,2,102.5,2,1,0,0,19,14,0
C217,10,4,2,108.8,3,1,3,0,21,95,0
C217,11,5,2,139.8,2,2,0,0,22,35,0
C217,12,12,4,296.5,9,4,3,0,7,49,0
C217,13,10,6,315.8,5,3,8,0,17,51,0
C217,14,5,2,112.3,4,2,1,0,23,19,0
C217,15,9,6,233.3,6,2,0,0,15,82,0
C217,16,3,2,101.3,1,1,3,0,15,74,0
C217,17,3,1,101.3,2,0,1,0,16,33,0
C217,18,6,2,193.0,3,2,4,1,13,42,0
C217,19,9,6,217.7,5,3,5,1,9,19,0
C217,20,2,1,51.4,0,0,0,0,22,75,0
C217,21,8,5,185.5,3,1,3,0,22,96,0
C217,22,6,4,208.4,5,3,2,0,20,49,0
C217,23,8,6,190.9,3,0,0,0,20,78,0
C217,24,11,7,282.1,5,3,5,0,18,61,0
C217,25,7,2,154.7,2,0,3,0,14,44,0
C217,26,12,4,270.1,9,2,8,0,11,61,0
C217,27,3,1,56.8,2,1,1,0,23,43,0
C217,28,6,4,247.0,0,0,3,0,24,93,0
C217,29,4,0,72.5,1,1,1,0,19,52,0
C217,30,7,1,292.2,4,2,2,0,43,60,0
C217,31,8,5,115.9,2,1,2,0,29,35,0
C217,32,3,0,69.4,2,1,0,0,17,33,1
C218,1,7,3,175.8,3,2,4,0,28,25,0
C218,2,3,1,83.1,1,0,2,0,21,26,0
C218,3,9,5,297.7,5,0,3,0,14,14,0
C218,4,8,5,228.2,5,1,3,0,22,71,0
C218,5,8,6,166.2,3,1,1,0,25,95,0
C218,6,6,4,125.4,1,0,3,0,22,19,0
C218,7,10,3,356.8,3,0,0,0,15,86,0
C218,8,4,1,111.0,0,0,1,0,20,26,0
C218,9,6,4,146.7,5,2,1,0,18,30,0
C218,10,8,5,154.6,5,1,5,0,16,82,0
C218,11,8,3,248.4,8,3,3,0,10,85,0
C218,12,9,4,335.0,1,1,3,0,10,30,0
C218,13,6,3,179.6,4,0,5,0,11,57,0
C218,14,8,4,135.8,3,0,4,0,15,50,0
C218,15,12,6,228.9,5,2,3,0,13,64,0
C218,16,7,3,205.8,2,0,2,0,16,36,0
C218,17,12,4,223.2,9,2,1,0,4,56,0
C218,18,12,7,369.4,3,1,3,0,13,15,0
C218,19,9,5,233.3,6,2,1,0,31,102,0
C218,20,8,5,199.9,1,0,6,0,11,21,0
C218,21,11,6,246.0,5,0,4,0,23,34,0
C218,22,7,3,196.4,3,1,3,0,18,27,0
C218,23,5,1,105.6,1,0,0,0,17,73,0
C218,24,14,7,444.7,6,1,4,0,19,59,0
C218,25,1,0,17.3,0,0,0,0,22,67,0
C218,26,9,5,204.3,4,1,2,0,14,69,0
C218,27,9,6,299.9,3,0,2,0,9,16,0
C218,28,11,5,148.7,5,0,8,0,8,48,0
C218,29,8,1,245.8,3,0,2,0,33,82,0
C218,30,11,6,371.7,2,0,3,0,19,44,0
C218,31,13,6,467.7,10,4,2,0,33,47,0
C218,32,9,4,277.7,5,1,1,1,21,83,0
C219,1,14,7,529.6,11,6,7,0,6,21,0
C219,2,15,6,487.6,7,4,5,0,4,89,0
C219,3,9,5,282.1,0,1,2,0,16,39,0
C219,4,8,5,161.4,4,4,2,0,16,46,0
C219,5,13,6,323.2,5,3,5,0,6,54,0
C219,6,9,3,259.9,6,3,3,0,22,93,0
C219,7,7,3,64.7,2,1,4,0,13,46,0
C219,8,9,4,230.7,8,1,2,0,17,94,0
C219,9,12,7,425.5,5,2,0,0,9,89,0
C219,10,6,4,156.6,2,2,3,0,20,45,0
C219,11,8,2,212.6,3,2,3,0,25,62,0
C219,12,13,7,491.4,6,2,4,0,3,60,0
C219,13,11,6,290.1,6,0,4,1,18,13,0
C219,14,9,4,270.5,4,2,3,0,32,77,0
C219,15,6,3,134.2,2,0,1,0,17,30,0
C219,16,6,4,184.5,4,1,0,0,17,91,0
C219,17,3,1,57.0,1,1,2,0,19,91,0
C219,18,4,2,83.7,3,2,1,0,33,81,0
C219,19,5,1,115.0,0,1,5,0,26,36,0
C219,20,5,2,157.6,1,1,2,0,14,28,0
C219,21,3,1,65.0,2,1,1,0,20,73,0
C219,22,5,3,138.7,4,1,1,0,28,98,0
C219,23,13,7,134.6,9,2,3,0,12,84,0
C219,24,7,4,218.4,4,2,3,0,11,94,0
C219,25,4,4,104.7,0,0,3,0,15,55,0
C219,26,6,5,126.7,5,2,0,0,11,67,0
C219,27,9,5,301.8,11,2,4,0,10,17,0
C219,28,10,4,327.0,7,3,3,0,13,59,0
C219,29,7,6,121.2,2,1,1,0,22,61,0
C219,30,3,1,110.7,1,1,1,0,29,48,0
C219,31,8,4,228.0,5,2,0,0,21,50,0
C219,32,11,7,318.5,4,2,4,0,8,63,0
C220,1,6,6,146.4,5,2,1,0,16,14,0
C220,2,11,4,410.9,6,1,5,0,15,45,0
C220,3,11,7,297.0,5,2,2,0,12,63,0
C220,4,6,2,195.3,1,0,2,0,14,91,0
C220,5,4,0,111.6,3,2,3,0,26,39,0
C220,6,8,6,217.4,2,0,2,0,21,72,0
C220,7,6,4,230.0,1,0,1,0,15,16,0
C220,8,7,4,246.9,2,0,1,0,19,53,0
C220,9,3,1,92.8,3,1,1,0,15,49,0
C220,10,8,5,289.4,3,1,2,0,43,49,0
C220,11,4,4,155.8,1,0,3,0,14,90,0
C220,12,3,1,88.4,0,1,1,0,30,22,0
C220,13,3,1,100.0,1,0,1,0,18,31,0
C220,14,2,0,88.6,1,0,1,0,24,43,0
C220,15,0,0,28.9,0,0,2,0,35,98,0
C220,16,9,5,110.8,8,0,0,0,10,28,0
C220,17,0,0,9.8,0,0,0,0,34,30,0
C220,18,0,1,2.9,0,0,0,0,34,26,0
C220,19,2,1,76.0,1,0,1,0,31,83,0
C220,20,2,1,57.1,1,0,0,0,34,17,0
C220,21,6,4,120.8,4,0,0,0,22,76,0
C220,22,0,1,0.0,0,0,1,0,33,104,0
C220,23,2,0,37.0,2,0,1,0,18,42,0
C220,24,0,0,0.0,0,0,0,0,62,18,0
C220,25,1,1,57.6,1,0,1,0,24,53,0
C220,26,1,1,36.9,1,0,0,0,20,104,0
C220,27,0,0,0.0,0,0,0,0,33,16,0
C220,28,0,1,0.0,0,0,0,0,32,64,0
C220,29,1,1,0.0,1,0,1,0,30,59,0
C220,30,0,0,18.3,0,1,2,0,32,43,0
C220,31,0,1,25.9,0,0,0,0,34,27,0
C220,32,0,0,0.0,0,0,0,0,49,100,1
C221,1,13,6,357.7,7,5,2,0,6,34,0
C221,2,15,6,471.0,2,2,6,0,2,90,0
C221,3,8,4,280.5,8,4,4,1,9,45,0
C221,4,10,7,217.9,11,5,5,0,19,74,0
C221,5,8,4,296.8,4,3,1,0,13,35,0
C221,6,12,5,291.9,4,2,2,0,5,39,0
C221,7,8,5,167.1,4,3,4,0,15,16,0
C221,8,8,6,85.2,3,2,1,1,17,29,0
C221,9,4,1,98.0,0,1,0,1,38,62,0
C221,10,4,4,109.7,0,1,3,0,17,63,0
C221,11,3,0,54.1,2,1,1,0,24,18,0
C221,12,10,5,362.2,4,0,2,0,13,15,0
C221,13,6,4,261.8,3,1,3,0,32,63,0
C221,14,9,3,175.2,3,3,2,0,20,62,0
C221,15,8,3,256.1,2,2,3,0,23,50,0
C221,16,4,3,160.1,3,2,1,0,19,25,0
C221,17,4,0,100.1,2,1,2,0,18,64,0
C221,18,8,0,322.2,5,4,2,0,26,16,0
C221,19,8,5,217.2,7,3,1,0,11,77,0
C221,20,2,0,77.0,2,1,0,0,27,31,0
C221,21,4,2,43.2,1,0,2,0,14,104,0
C221,22,1,0,7.6,0,1,0,0,18,41,0
C221,23,2,1,64.0,3,1,0,0,25,57,0
C221,24,3,0,95.0,1,1,0,0,18,68,0
C221,25,6,1,106.1,4,3,2,0,22,15,0
C221,26,6,2,141.8,1,0,6,0,20,89,0
C221,27,5,3,99.1,2,1,1,0,26,72,0
C221,28,2,1,92.8,2,2,1,0,20,69,0
C221,29,3,1,82.0,3,1,2,0,19,26,0
C221,30,2,1,74.6,0,0,1,0,29,51,0
C221,31,1,2,0.0,0,1,2,0,30,94,0
C221,32,2,2,33.9,2,1,0,1,25,74,1
C222,1,10,4,203.8,1,0,9,0,34,67,0
C222,2,11,6,276.5,7,0,3,0,8,84,0
C222,3,5,3,132.6,3,0,1,0,23,80,0
C222,4,7,2,192.1,1,0,5,0,10,18,0
C222,5,6,3,196.7,2,0,2,0,28,77,0
C222,6,9,5,264.2,0,0,5,0,21,84,0
C222,7,4,2,35.9,3,1,2,0,15,53,0
C222,8,9,4,306.1,4,1,2,0,11,46,0
C222,9,3,2,107.4,3,1,0,0,33,13,0
C222,10,4,1,71.1,1,0,2,0,23,15,0
C222,11,10,5,397.8,5,1,3,0,19,31,0
C222,12,6,3,223.9,3,0,6,0,15,87,0
C222,13,6,3,177.9,1,0,1,0,24,86,0
C222,14,2,1,75.3,2,0,2,0,26,65,0
C222,15,1,1,0.0,0,0,0,0,20,16,0
C222,16,3,1,129.8,2,0,0,0,18,28,0
C222,17,4,3,106.3,1,1,3,0,34,77,0
C222,18,1,0,40.1,0,0,0,0,31,61,0
C222,19,3,2,40.7,2,1,1,0,18,89,0
C222,20,4,2,121.6,3,1,1,0,19,20,0
C222,21,1,0,20.9,0,1,0,0,19,27,0
C222,22,1,0,30.8,0,0,0,0,23,61,0
C222,23,1,0,4.1,1,0,0,0,25,97,0
C222,24,1,0,23.1,2,0,0,0,22,44,0
C222,25,1,0,66.0,0,0,0,0,20,16,0
C222,26,1,1,44.6,0,0,0,0,25,43,0
C222,27,1,1,34.8,0,1,1,0,29,16,0
C222,28,0,0,39.5,0,0,0,0,30,97,0
C222,29,0,0,12.7,0,0,0,0,38,65,0
C222,30,1,0,29.2,0,0,0,0,19,22,0
C222,31,0,0,0.0,1,0,0,0,36,62,0
C222,32,1,0,69.0,1,1,1,0,34,59,0
C223,1,22,7,383.4,10,1,6,0,8,98,0
C223,2,7,5,285.3,6,1,2,0,12,100,0
C223,3,5,0,86.5,1,0,1,0,12,12,0
C223,4,8,6,320.0,7,1,2,1,12,98,0
C223,5,6,3,204.5,3,2,0,0,11,22,0
C223,6,8,6,240.9,3,1,2,0,22,21,0
C223,7,15,7,310.0,6,2,8,0,2,94,0
C223,8,16,7,581.9,7,2,6,0,1,46,0
C223,9,6,4,246.1,3,0,1,0,20,50,0
C223,10,10,6,238.4,3,1,1,0,17,88,0
C223,11,17,7,352.0,12,2,3,0,12,79,0
C223,12,7,4,170.2,2,0,2,0,30,34,0
C223,13,13,7,402.7,8,2,3,0,16,93,0
C223,14,12,6,282.9,2,1,5,0,5,15,0
C223,15,9,5,324.3,6,1,1,0,20,100,0
C223,16,16,7,562.7,7,1,6,0,0,68,0
C223,17,8,2,199.4,0,1,1,0,19,39,0
C223,18,12,7,183.3,8,1,6,0,10,69,0
C223,19,6,5,174.1,3,0,1,0,16,104,0
C223,20,7,3,109.9,3,0,2,0,14,67,0
C223,21,6,3,200.7,1,1,3,0,18,89,0
C223,22,10,3,271.1,3,1,2,0,18,65,0
C223,23,11,7,304.5,5,3,6,0,33,20,0
C223,24,13,7,267.3,9,3,5,0,15,80,0
C223,25,13,6,496.0,3,1,3,0,9,77,0
C223,26,8,3,168.7,1,0,3,0,16,78,0
C223,27,12,6,226.6,7,0,4,0,9,99,0
C223,28,12,6,347.0,6,2,5,0,11,71,0
C223,29,6,2,227.7,5,0,0,0,14,56,0
C223,30,11,4,374.7,4,1,6,0,8,58,0
C223,31,7,4,247.2,6,0,2,0,21,49,0
C223,32,10,3,274.3,2,0,4,0,12,31,1
C224,1,8,3,284.2,1,0,3,0,13,88,0
C224,2,10,4,210.9,2,1,1,0,9,57,0
C224,3,8,3,194.0,2,0,3,0,24,13,0
C224,4,7,4,269.0,1,0,3,0,13,20,0
C224,5,6,3,252.6,2,1,4,0,19,94,0
C224,6,8,5,238.1,7,4,2,0,9,61,0
C224,7,8,3,198.1,9,1,3,0,23,77,0
C224,8,8,4,204.7,1,0,1,0,11,94,0
C224,9,1,0,69.6,1,0,0,0,25,69,0
C224,10,3,2,14.5,0,0,0,0,23,43,0
C224,11,4,1,116.5,2,0,2,0,15,67,0
C224,12,2,1,65.4,0,0,0,1,35,85,0
C224,13,4,1,136.0,3,0,2,0,24,17,0
C224,14,5,2,274.8,3,1,4,1,22,86,0
C224,15,1,1,34.9,1,0,0,0,26,41,0
C224,16,1,2,21.0,0,1,0,0,22,17,0
C224,17,1,0,33.0,1,0,0,0,21,14,0
C224,18,5,2,114.0,3,1,6,0,13,26,0
C224,19,2,0,74.2,2,1,0,0,24,49,0
C224,20,2,0,47.7,0,0,2,0,26,54,0
C224,21,4,3,93.7,2,0,2,0,45,63,0
C224,22,3,2,89.3,0,1,1,0,24,19,0
C224,23,4,2,104.2,4,0,1,0,28,28,0
C224,24,3,0,87.6,2,1,1,1,16,40,0
C224,25,5,3,101.1,1,0,2,0,17,104,0
C224,26,4,2,126.6,5,0,1,0,16,43,0
C224,27,8,3,195.3,1,0,7,0,16,103,0
C224,28,6,4,168.9,5,1,2,0,28,16,0
C224,29,5,3,81.1,3,2,3,0,15,82,0
C224,30,6,4,171.8,0,0,2,0,15,78,0
C224,31,12,7,424.9,9,3,3,0,29,82,0
C224,32,6,4,47.4,5,0,3,0,14,16,0
C225,1,5,3,160.0,3,2,1,0,17,51,0
C225,2,4,2,199.6,2,0,2,0,18,60,0
C225,3,5,4,190.2,3,1,1,0,18,24,0
C225,4,5,2,121.2,3,2,1,0,15,97,0
C225,5,2,0,55.5,0,0,1,0,25,81,0
C225,6,4,4,147.7,1,0,3,0,21,32,0
C225,7,10,5,333.8,5,0,1,0,7,102,0
C225,8,3,1,69.4,2,2,0,0,17,75,0
C225,9,6,3,124.5,1,0,4,0,30,89,0
C225,10,9,4,229.1,1,0,2,0,18,45,0
C225,11,2,0,35.6,0,1,1,0,25,84,0
C225,12,12,6,395.3,8,0,5,0,27,93,0
C225,13,6,2,152.6,4,0,2,0,18,35,0
C225,14,4,1,137.6,3,0,2,0,21,65,0
C225,15,5,2,146.3,7,1,3,0,18,46,0
C225,16,10,5,258.0,8,2,3,0,21,26,0
C225,17,4,2,135.8,4,2,1,0,21,87,0
C225,18,10,4,287.2,6,2,8,0,9,69,0
C225,19,5,0,116.2,6,1,0,0,13,84,0
C225,20,5,3,117.5,1,0,2,0,28,37,0
C225,21,10,4,245.2,1,0,4,0,15,87,0
C225,22,4,1,125.8,0,0,0,0,31,79,0
C225,23,5,1,181.4,3,2,0,0,19,85,0
C225,24,7,2,252.6,6,3,0,0,19,85,0
C225,25,4,4,70.6,2,0,0,0,18,48,0
C225,26,3,0,92.2,1,0,0,0,19,68,0
C225,27,7,4,224.4,2,0,1,0,15,23,0
C225,28,7,4,172.5,2,0,2,0,16,21,0
C225,29,11,5,146.7,4,1,10,0,15,79,0
C225,30,2,3,50.5,3,0,1,0,18,16,0
C225,31,4,4,142.0,4,1,2,0,36,55,0
C225,32,8,3,175.8,2,1,1,0,37,81,0
C226,1,7,3,206.4,2,1,5,0,36,75,0
C226,2,9,7,243.5,5,1,0,1,12,91,0
C226,3,5,4,114.7,2,1,1,0,20,78,0
C226,4,7,5,224.7,3,1,1,0,19,28,0
C226,5,2,5,60.0,2,1,0,0,16,76,0
C226,6,6,2,175.7,0,1,2,0,14,91,0
C226,7,7,5,257.5,3,1,1,0,17,15,0
C226,8,5,2,128.4,3,0,4,0,19,16,0
C226,9,5,4,133.6,3,2,0,0,23,83,0
C226,10,12,4,452.5,4,1,5,0,12,25,0
C226,11,9,6,355.2,1,0,2,1,27,13,0
C226,12,7,4,141.8,6,2,3,1,11,54,0
C226,13,4,2,84.7,4,4,3,0,17,48,0
C226,14,6,3,196.1,2,1,2,0,20,93,0
C226,15,1,1,29.9,1,0,1,0,27,49,0
C226,16,6,4,166.6,3,0,2,0,13,102,0
C226,17,3,2,100.9,0,0,0,0,16,50,0
C226,18,4,2,175.4,3,0,1,0,20,45,0
C226,19,5,3,133.3,3,0,4,0,14,97,0
C226,20,1,1,43.6,1,1,0,0,23,77,0
C226,21,5,1,187.3,4,1,4,0,14,56,0
C226,22,9,5,182.1,5,0,3,0,10,104,0
C226,23,5,3,154.9,2,0,2,0,37,70,0
C226,24,3,3,89.6,2,0,2,0,29,89,0
C226,25,8,5,233.1,5,1,0,0,14,99,0
C226,26,7,5,215.0,2,0,3,0,14,36,0
C226,27,5,3,78.8,0,0,3,0,18,67,0
C226,28,9,4,89.8,1,0,3,0,15,76,0
C226,29,0,0,18.3,1,0,0,0,40,87,0
C226,30,5,1,146.9,4,0,3,0,17,20,0
C226,31,4,3,163.6,1,0,2,0,22,95,0
C226,32,11,6,267.3,5,1,7,0,12,55,0
C227,1,9,3,154.4,2,1,4,0,24,49,0
C227,2,9,3,291.2,2,0,1,0,20,38,0
C227,3,11,4,241.6,3,1,2,0,9,103,0
C227,4,9,5,208.4,9,2,0,0,21,28,0
C227,5,10,6,264.0,2,2,4,0,10,67,0
C227,6,8,5,168.2,7,2,1,0,17,103,0
C227,7,15,5,676.2,6,2,4,0,32,74,0
C227,8,12,6,243.2,4,0,4,0,18,16,0
C227,9,20,7,572.6,7,3,6,0,6,74,0
C227,10,7,5,180.6,4,1,2,0,14,70,0
C227,11,4,0,102.1,3,1,0,0,30,39,0
C227,12,17,7,691.8,7,2,7,0,15,87,0
C227,13,6,5,61.2,1,1,3,0,13,82,0
C227,14,6,5,202.6,3,0,3,0,12,29,0
C227,15,4,3,97.0,2,1,3,0,27,47,0
C227,16,10,7,358.5,8,2,5,1,9,43,0
C227,17,13,6,404.2,7,3,4,0,16,54,0
C227,18,11,5,238.2,4,1,4,0,7,50,0
C227,19,10,3,331.8,7,0,4,0,18,44,0
C227,20,9,5,250.5,4,1,3,0,21,101,0
C227,21,15,6,402.2,10,3,6,0,12,75,0
C227,22,6,1,218.9,2,1,4,0,14,33,0
C227,23,11,6,322.2,5,2,1,0,13,72,0
C227,24,9,4,228.9,2,1,1,0,11,23,0
C227,25,14,7,351.4,6,2,4,0,6,89,0
C227,26,11,5,259.1,6,2,3,0,16,76,0
C227,27,11,5,311.9,2,1,0,0,9,50,0
C227,28,7,4,217.9,5,1,2,0,21,41,0
C227,29,13,6,314.1,5,4,5,0,14,79,0
C227,30,8,5,223.3,3,0,1,0,9,98,0
C227,31,11,5,444.4,7,3,2,0,16,25,0
C227,32,15,7,560.9,8,1,6,0,15,58,0
C228,1,11,4,361.1,3,2,5,1,9,14,0
C228,2,6,4,148.9,1,0,2,0,26,16,0
C228,3,12,6,310.6,7,6,5,0,8,101,0
C228,4,10,7,261.2,5,2,3,0,10,103,0
C228,5,15,7,473.2,3,2,4,0,6,95,0
C228,6,6,0,114.0,2,1,0,0,18,27,0
C228,7,8,2,210.1,1,0,2,1,13,99,0
C228,8,13,6,307.4,6,3,5,0,7,35,0
C228,9,11,7,382.1,7,4,2,0,24,55,0
C228,10,17,7,432.8,6,1,1,0,6,17,0
C228,11,13,7,417.5,8,2,7,0,13,45,0
C228,12,10,4,221.5,8,8,1,0,11,16,0
C228,13,13,6,159.3,3,2,2,1,14,27,0
C228,14,15,7,477.5,12,7,5,1,3,31,0
C228,15,12,6,287.7,4,2,4,0,13,59,0
C228,16,10,3,195.9,3,3,7,0,12,13,0
C228,17,19,7,610.7,11,5,6,1,1,95,0
C228,18,15,7,479.3,8,6,1,0,2,66,0
C228,19,16,6,615.3,6,3,6,1,23,79,0
C228,20,9,4,337.6,0,1,1,0,12,98,0
C228,21,24,6,748.7,12,6,12,0,11,18,0
C228,22,17,5,480.6,7,5,3,0,0,65,0
C228,23,9,1,181.0,2,2,3,0,17,38,0
C228,24,6,3,136.1,3,1,2,0,23,68,0
C228,25,5,1,129.0,6,2,2,0,21,78,0
C228,26,1,0,0.0,0,1,1,0,18,62,0
C228,27,1,0,27.1,0,0,0,1,22,42,0
C228,28,1,0,3.0,0,1,0,0,24,21,0
C228,29,1,1,0.0,1,0,1,0,25,32,0
C228,30,0,0,0.0,0,1,0,0,42,14,0
C228,31,3,2,134.5,2,2,0,1,27,27,0
C228,32,2,0,10.3,1,1,1,0,22,57,0
C229,1,11,6,319.7,10,4,5,0,10,36,0
C229,2,11,4,299.9,4,2,3,1,17,68,0
C229,3,14,7,326.1,5,2,2,0,3,77,0
C229,4,11,5,293.6,8,4,2,0,14,26,0
C229,5,11,5,412.1,5,1,2,0,28,98,0
C229,6,11,5,419.8,9,4,3,0,13,41,0
C229,7,12,4,306.5,3,1,5,0,29,97,0
C229,8,17,6,547.8,10,2,7,0,11,57,0
C229,9,13,7,213.6,6,0,4,0,10,75,0
C229,10,7,5,202.2,2,0,0,0,21,88,0
C229,11,7,2,186.6,2,0,1,0,14,12,0
C229,12,13,7,349.7,7,2,3,1,4,34,0
C229,13,11,3,206.8,5,3,3,0,15,32,0
C229,14,17,7,535.5,6,1,5,1,18,83,0
C229,15,19,6,298.1,9,2,6,0,6,16,0
C229,16,10,4,182.8,7,1,2,0,10,44,0
C229,17,13,7,460.9,7,1,5,0,7,29,0
C229,18,13,7,159.2,6,2,0,0,9,42,0
C229,19,15,7,434.8,9,1,5,0,10,87,0
C229,20,13,7,592.4,9,1,3,0,13,30,0
C229,21,4,1,78.3,0,0,1,0,17,41,0
C229,22,17,5,256.2,6,1,5,0,3,81,0
C229,23,10,4,245.1,3,0,2,0,15,68,0
C229,24,7,4,230.5,2,0,5,1,27,75,0
C229,25,6,6,213.9,3,1,2,0,21,93,0
C229,26,0,0,0.0,0,0,0,0,32,48,0
C229,27,1,0,55.0,1,0,1,0,27,71,0
C229,28,1,1,30.8,0,1,2,0,24,100,0
C229,29,1,0,19.2,0,0,1,0,21,58,0
C229,30,2,0,61.1,0,0,0,0,19,74,0
C229,31,2,0,37.4,0,1,0,0,33,71,0
C229,32,1,0,9.3,0,0,0,1,32,24,1
C230,1,9,3,249.1,4,0,0,0,11,30,0
C230,2,4,1,134.5,0,0,1,0,26,71,0
C230,3,10,4,272.6,5,2,2,0,16,39,0
C230,4,9,5,180.2,8,2,7,0,16,69,0
C230,5,9,3,262.1,2,1,4,0,10,71,0
C230,6,12,6,459.6,6,1,5,0,19,94,0
C230,7,11,6,315.8,8,3,5,0,32,94,0
C230,8,4,2,112.1,0,1,3,0,15,18,0
C230,9,8,3,249.9,4,0,4,0,21,68,0
C230,10,10,7,301.2,1,0,6,0,9,28,0
C230,11,5,1,116.1,5,1,2,1,17,89,0
C230,12,7,4,138.1,6,1,3,0,17,47,0
C230,13,8,3,336.3,3,0,4,0,17,79,0
C230,14,7,5,194.2,2,0,1,0,20,65,0
C230,15,12,6,309.2,6,0,4,0,27,63,0
C230,16,9,7,234.4,7,0,2,0,28,73,0
C230,17,13,7,437.1,5,3,5,0,7,29,0
C230,18,5,0,162.5,2,0,1,0,16,87,0
C230,19,6,4,154.8,4,1,2,0,11,70,0
C230,20,7,2,183.0,6,1,3,0,25,87,0
C230,21,12,5,244.8,6,1,3,1,19,82,0
C230,22,8,4,226.9,7,0,3,1,13,18,0
C230,23,11,6,347.1,6,1,2,0,10,72,0
C230,24,15,7,518.6,7,0,2,0,8,84,0
C230,25,8,4,252.7,6,1,3,0,14,34,0
C230,26,13,6,356.4,4,1,5,0,7,59,0
C230,27,15,7,484.6,5,0,2,0,8,37,0
C230,28,12,5,278.5,4,1,4,0,5,34,0
C230,29,6,2,166.6,3,0,4,1,16,44,0
C230,30,9,2,306.8,4,0,5,0,22,16,0
C230,31,7,1,214.5,2,1,3,0,21,56,0
C230,32,7,3,222.3,5,2,3,0,13,61,1
C231,1,9,4,234.6,4,2,2,0,11,26,0
C231,2,6,1,147.5,3,1,0,0,20,55,0
C231,3,6,5,164.6,3,0,2,0,19,62,0
C231,4,6,3,114.4,3,0,1,0,12,17,0
C231,5,8,3,235.0,2,1,1,0,10,56,0
C231,6,9,4,189.7,2,1,1,0,11,70,0
C231,7,6,3,201.8,2,0,1,0,16,46,0
C231,8,7,3,255.6,2,0,4,0,21,74,0
C231,9,7,2,238.7,4,0,1,0,15,89,0
C231,10,10,6,223.2,5,2,5,0,22,29,0
C231,11,2,2,56.2,0,0,1,0,18,41,0
C231,12,5,4,114.9,1,0,1,0,15,14,0
C231,13,4,4,191.1,3,1,0,0,16,37,0
C231,14,9,5,257.7,6,2,4,0,9,32,0
C231,15,4,4,71.6,1,0,3,0,20,64,0
C231,16,6,2,206.2,3,0,2,0,12,15,0
C231,17,8,4,280.8,3,2,1,0,17,50,0
C231,18,4,3,142.4,1,0,1,0,17,79,0
C231,19,6,3,146.5,4,1,1,0,18,71,0
C231,20,8,6,205.8,4,0,2,0,12,97,0
C231,21,9,5,297.8,6,0,5,0,12,71,0
C231,22,3,0,88.2,2,1,1,0,16,65,0
C231,23,7,6,261.8,3,1,2,0,16,95,0
C231,24,7,6,300.1,0,0,0,0,14,64,0
C231,25,7,5,192.1,2,0,5,0,20,37,0
C231,26,6,3,191.8,1,0,1,0,20,47,0
C231,27,9,3,209.4,2,0,2,0,8,100,0
C231,28,6,3,96.7,2,2,1,0,16,76,0
C231,29,14,5,265.4,3,0,4,0,1,77,0
C231,30,11,3,241.1,5,1,6,0,20,20,0
C231,31,11,5,299.0,3,1,4,0,6,90,0
C231,32,10,4,382.8,0,0,0,1,15,89,0
C232,1,10,6,289.0,5,0,4,0,17,18,0
C232,2,5,2,142.1,3,1,2,0,17,20,0
C232,3,8,4,219.7,2,2,4,1,16,103,0
C232,4,10,5,318.6,6,1,1,0,15,18,0
C232,5,4,2,72.1,0,0,2,0,24,27,0
C232,6,7,4,268.3,2,0,4,0,23,83,0
C232,7,8,4,255.0,4,0,3,0,12,37,0
C232,8,10,6,366.1,1,1,3,0,13,102,0
C232,9,5,2,110.8,2,0,1,0,16,48,0
C232,10,2,1,42.3,2,0,0,0,17,76,0
C232,11,4,3,130.0,2,1,1,0,21,26,0
C232,12,3,0,118.7,0,1,0,0,19,81,0
C232,13,3,2,33.0,1,0,2,0,21,61,0
C232,14,5,2,187.6,3,1,1,0,18,102,0
C232,15,5,3,73.6,4,0,1,0,19,104,0
C232,16,3,1,108.9,5,1,1,0,23,48,0
C232,17,3,0,25.0,3,1,1,0,22,38,0
C232,18,2,2,24.7,0,0,0,0,25,56,0
C232,19,3,0,72.8,2,1,0,0,21,35,0
C232,20,7,5,68.0,2,0,3,0,16,98,0
C232,21,2,0,74.3,2,0,0,0,29,46,0
C232,22,4,0,51.6,1,0,2,0,18,13,0
C232,23,5,3,97.8,5,3,1,0,22,76,0
C232,24,7,4,172.2,0,0,1,0,12,53,0
C232,25,5,5,146.2,5,0,0,0,13,72,0
C232,26,1,0,0.0,0,0,0,0,18,30,0
C232,27,1,1,38.8,1,1,0,0,18,21,0
C232,28,6,1,117.8,4,2,3,0,13,19,0
C232,29,0,0,0.0,0,0,0,0,38,72,0
C232,30,2,0,37.3,2,0,0,0,19,37,0
C232,31,1,1,24.7,1,0,0,0,22,80,0
C232,32,0,0,0.0,0,0,0,0,33,89,1
C233,1,11,7,319.8,2,0,3,0,14,30,0
C233,2,5,1,154.2,5,3,3,0,35,45,0
C233,3,11,6,295.0,8,2,4,0,8,91,0
C233,4,7,4,231.5,4,1,1,0,14,98,0
C233,5,9,3,216.1,8,2,3,0,17,52,0
C233,6,7,4,172.9,3,0,2,0,16,84,0
C233,7,9,3,275.1,7,3,2,0,19,23,0
C233,8,6,3,189.3,4,2,1,0,34,26,0
C233,9,11,6,398.1,7,5,6,0,18,84,0
C233,10,6,2,238.6,3,1,1,0,23,36,0
C233,11,3,0,79.8,1,1,1,0,17,70,0
C233,12,10,5,246.7,0,1,1,0,7,65,0
C233,13,13,7,127.8,5,1,6,0,8,35,0
C233,14,7,5,203.8,3,2,2,0,35,68,0
C233,15,7,6,207.3,3,2,5,0,14,98,0
C233,16,5,5,162.4,2,2,2,0,19,66,0
C233,17,7,4,140.5,1,0,1,0,18,44,0
C233,18,3,0,101.3,1,1,1,0,21,87,0
C233,19,6,2,27.2,4,0,2,0,14,47,0
C233,20,9,2,176.2,1,1,3,0,10,84,0
C233,21,6,3,154.2,3,3,1,0,23,45,0
C233,22,4,1,94.4,2,2,6,0,14,81,0
C233,23,9,5,279.1,2,0,4,0,10,67,0
C233,24,0,1,9.3,0,1,0,0,37,98,0
C233,25,4,0,140.6,0,1,5,0,22,84,0
C233,26,8,4,290.5,8,3,3,0,17,31,0
C233,27,9,3,320.6,1,1,4,0,7,32,0
C233,28,11,7,260.9,8,5,5,0,15,51,0
C233,29,11,6,442.7,3,1,2,0,15,102,0
C233,30,8,6,231.6,3,2,1,0,30,22,0
C233,31,12,7,389.6,7,2,4,0,24,88,0
C233,32,12,7,459.8,6,2,6,0,10,59,0
C234,1,6,1,173.9,5,2,2,0,13,19,0
C234,2,13,7,386.4,5,2,5,0,8,100,0
C234,3,9,4,225.3,3,0,3,0,19,83,0
C234,4,11,7,208.0,9,1,4,0,10,60,0
C234,5,13,7,356.6,6,1,1,0,6,20,0
C234,6,11,6,346.5,5,3,6,0,9,43,0
C234,7,5,4,139.8,2,2,1,1,21,88,0
C234,8,11,4,419.8,8,0,6,0,10,69,0
C234,9,13,6,153.4,7,2,2,0,11,97,0
C234,10,5,2,150.5,1,0,3,0,23,77,0
C234,11,10,6,226.1,5,0,4,0,11,39,0
C234,12,12,6,464.9,2,1,2,0,3,26,0
C234,13,13,7,258.5,7,2,4,0,23,55,0
C234,14,8,5,256.4,1,0,1,1,13,93,0
C234,15,6,3,96.6,3,0,2,0,19,20,0
C234,16,9,4,272.6,6,1,5,0,8,104,0
C234,17,9,2,284.4,2,1,5,0,19,80,0
C234,18,10,6,296.0,4,2,4,0,10,39,0
C234,19,10,1,337.4,2,0,1,0,15,16,0
C234,20,14,7,510.4,8,1,6,0,9,17,0
C234,21,7,2,205.2,7,3,3,0,15,93,0
C234,22,11,6,370.0,7,1,7,0,12,25,0
C234,23,12,7,201.3,3,0,4,0,5,60,0
C234,24,3,1,100.1,2,0,0,0,28,69,0
C234,25,0,0,20.6,0,0,0,0,30,51,0
C234,26,0,0,0.0,0,0,0,1,42,22,0
C234,27,0,0,0.0,1,0,1,0,38,69,0
C234,28,0,0,0.0,0,0,0,1,30,89,0
C234,29,1,2,22.4,1,0,1,0,20,86,0
C234,30,0,0,13.3,0,0,0,1,41,49,0
C234,31,0,0,1.6,0,0,0,0,31,81,0
C234,32,0,0,44.9,0,0,1,0,33,27,0
C235,1,13,7,348.1,3,1,4,0,9,65,0
C235,2,9,4,239.7,3,0,2,0,25,60,0
C235,3,5,2,66.4,2,0,1,0,18,85,0
C235,4,16,6,388.4,8,2,2,1,8,30,0
C235,5,11,6,372.8,3,1,1,0,12,46,0
C235,6,7,3,166.3,5,1,4,0,17,44,0
C235,7,9,3,231.8,2,0,2,0,10,63,0
C235,8,9,4,233.5,8,2,3,0,29,42,0
C235,9,7,2,220.1,3,1,2,0,25,60,0
C235,10,7,3,165.8,3,2,3,0,19,91,0
C235,11,11,6,162.2,3,1,4,0,14,100,0
C235,12,4,2,97.8,1,1,0,0,31,45,0
C235,13,7,4,386.6,3,0,4,0,21,66,0
C235,14,9,5,185.5,5,2,2,0,7,83,0
C235,15,11,4,213.8,3,1,4,0,7,64,0
C235,16,6,2,127.4,5,3,5,0,23,68,0
C235,17,3,1,110.2,1,0,2,0,23,91,0
C235,18,2,1,7.6,0,0,0,0,21,51,0
C235,19,6,3,122.8,1,0,0,0,19,33,0
C235,20,7,2,260.3,3,1,1,0,13,25,0
C235,21,10,5,423.0,7,0,2,0,12,39,0
C235,22,8,3,266.0,4,2,5,0,30,86,0
C235,23,5,4,201.1,3,0,2,0,16,41,0
C235,24,4,3,180.8,1,0,1,0,17,98,0
C235,25,5,2,146.8,1,0,2,0,27,87,0
C235,26,11,4,313.6,4,1,4,0,10,48,0
C235,27,4,2,131.4,4,2,3,0,21,52,0
C235,28,8,4,181.2,2,1,2,0,9,76,0
C235,29,19,7,677.0,8,4,9,0,14,73,0
C235,30,6,2,241.1,3,0,2,0,12,79,0
C235,31,18,7,636.8,13,4,4,0,5,103,0
C235,32,6,3,277.2,4,0,2,0,16,31,0
C236,1,2,0,48.7,1,1,1,0,16,21,0
C236,2,2,1,100.3,0,0,1,0,22,20,0
C236,3,2,0,74.1,0,0,0,0,20,70,0
C236,4,3,1,64.9,0,0,1,0,17,43,0
C236,5,0,0,0.0,0,0,1,0,31,39,0
C236,6,1,1,25.6,1,0,0,0,25,88,0
C236,7,4,1,90.3,1,0,0,0,20,53,0
C236,8,3,2,84.8,1,1,0,0,22,102,0
C236,9,2,1,37.8,1,0,2,0,21,77,0
C236,10,4,0,34.8,0,1,0,0,16,96,0
C236,11,1,1,58.1,1,1,1,0,29,30,0
C236,12,1,0,39.7,0,0,0,0,22,54,0
C236,13,2,1,94.4,1,1,0,0,17,24,0
C236,14,0,0,5.0,0,1,0,0,41,88,0
C236,15,0,0,37.1,0,0,0,0,30,96,0
C236,16,0,0,0.0,0,0,0,0,48,38,0
C236,17,1,2,55.0,1,1,0,0,33,49,0
C236,18,0,0,28.3,0,0,0,0,40,32,0
C236,19,0,0,0.0,0,0,0,0,35,80,0
C236,20,1,1,16.1,0,0,0,0,31,35,0
C236,21,4,2,124.1,2,0,1,0,28,59,0
C236,22,1,0,28.5,1,0,1,0,24,91,0
C236,23,1,0,17.8,0,0,1,0,20,35,0
C236,24,1,1,63.3,0,1,0,0,54,54,0
C236,25,0,0,5.6,0,0,0,0,44,89,0
C236,26,1,0,8.7,0,0,1,0,35,40,0
C236,27,0,0,23.4,0,0,0,0,34,47,0
C236,28,1,1,0.0,2,1,0,0,22,20,0
C236,29,0,0,0.0,0,0,1,0,40,99,0
C236,30,0,0,0.0,0,0,0,0,35,104,0
C236,31,0,0,51.1,0,0,0,0,42,83,0
C236,32,1,2,55.0,0,0,0,0,26,72,0
C237,1,11,4,315.1,3,0,5,0,12,72,0
C237,2,19,7,424.6,8,5,7,0,8,32,0
C237,3,15,7,586.3,5,0,5,0,17,15,0
C237,4,12,6,332.2,1,0,3,0,13,62,0
C237,5,8,4,292.6,7,1,1,0,12,45,0
C237,6,12,5,318.5,8,3,5,0,24,70,0
C237,7,9,4,249.1,8,3,3,0,20,88,0
C237,8,11,5,443.2,4,1,2,0,20,72,0
C237,9,11,5,309.1,4,2,7,0,6,34,0
C237,10,11,3,156.3,4,1,5,0,5,95,0
C237,11,11,5,250.9,10,0,3,0,7,34,0
C237,12,11,4,356.1,6,2,2,0,10,12,0
C237,13,8,4,294.3,7,2,2,0,21,14,0
C237,14,8,4,245.0,5,0,1,0,15,96,0
C237,15,10,4,141.7,5,1,7,0,20,104,0
C237,16,5,2,130.0,0,1,2,0,19,26,0
C237,17,6,2,97.2,4,1,1,0,15,14,0
C237,18,13,5,420.6,2,1,1,0,5,16,0
C237,19,13,7,415.2,9,2,4,0,5,43,0
C237,20,7,2,228.6,5,0,0,1,33,95,0
C237,21,5,1,85.7,1,0,3,0,17,25,0
C237,22,2,0,77.0,1,1,0,0,22,63,0
C237,23,3,0,103.3,1,1,2,0,18,29,0
C237,24,9,5,352.3,4,0,3,0,18,39,0
C237,25,11,6,217.0,4,1,3,0,8,57,0
C237,26,7,2,250.9,6,1,2,0,16,22,0
C237,27,6,3,168.5,1,0,3,0,22,87,0
C237,28,6,1,191.2,1,0,3,0,43,60,0
C237,29,5,3,132.0,2,0,1,0,14,25,0
C237,30,9,5,291.7,6,3,2,0,21,30,0
C237,31,2,0,36.2,2,1,1,0,24,45,0
C237,32,4,2,129.0,0,0,2,0,16,26,1
C238,1,4,3,152.8,1,0,1,0,17,84,0
C238,2,3,1,84.6,2,0,1,0,34,30,0
C238,3,2,2,54.7,0,0,0,1,25,49,0
C238,4,6,5,156.9,4,2,2,0,18,95,0
C238,5,2,0,45.0,2,1,0,0,23,84,0
C238,6,3,2,77.0,1,1,1,0,28,73,0
C238,7,3,2,92.3,1,0,2,0,15,85,0
C238,8,5,2,184.7,2,0,3,0,17,89,0
C238,9,5,1,200.5,4,1,1,0,15,55,0
C238,10,3,3,60.5,0,0,1,0,15,18,0
C238,11,2,0,58.4,1,0,0,0,20,15,0
C238,12,1,1,17.0,0,0,0,0,23,14,0
C238,13,3,2,145.9,2,1,1,0,21,82,0
C238,14,1,0,52.1,0,0,0,0,27,82,0
C238,15,3,1,77.9,1,0,1,0,19,80,0
C238,16,4,1,146.7,4,1,1,0,22,54,0
C238,17,3,1,93.3,0,0,1,0,16,81,0
C238,18,1,1,0.0,0,0,0,0,18,38,0
C238,19,6,1,236.7,2,1,2,0,23,87,0
C238,20,2,0,45.7,1,0,0,0,20,54,0
C238,21,5,3,73.9,1,0,2,0,25,39,0
C238,22,2,3,57.1,1,0,0,0,28,91,0
C238,23,1,0,13.4,0,0,0,0,21,37,0
C238,24,2,0,63.3,2,0,0,0,28,73,0
C238,25,0,0,0.0,0,0,0,1,35,74,0
C238,26,0,0,38.1,0,0,0,0,30,103,0
C238,27,1,2,20.7,1,0,0,0,27,97,0
C238,28,1,0,17.9,0,0,1,0,25,103,0
C238,29,2,2,49.8,1,0,0,0,24,90,0
C238,30,3,1,136.7,0,0,1,0,21,79,0
C238,31,1,2,0.0,0,0,1,0,22,36,0
C238,32,3,2,86.7,2,1,1,0,18,72,0
C239,1,4,5,137.5,3,0,0,1,27,40,0
C239,2,4,3,100.6,6,1,4,0,25,50,0
C239,3,5,3,156.1,1,1,0,0,15,34,0
C239,4,4,4,108.6,3,0,2,0,25,62,0
C239,5,10,6,272.1,10,1,3,1,14,43,0
C239,6,5,2,133.4,1,1,1,0,26,19,0
C239,7,8,5,145.6,4,0,3,0,28,64,0
C239,8,6,4,183.2,4,2,2,0,15,46,0
C239,9,2,0,40.8,2,1,0,0,16,32,0
C239,10,6,3,163.3,1,0,0,0,14,27,0
C239,11,5,5,127.1,3,1,1,0,13,63,0
C239,12,4,1,108.6,1,0,1,0,17,89,0
C239,13,8,5,396.2,1,1,1,0,35,82,0
C239,14,7,2,206.8,0,0,3,0,13,31,0
C239,15,5,5,214.1,2,0,0,0,20,70,0
C239,16,6,4,147.3,5,2,4,0,13,80,0
C239,17,4,3,106.3,1,1,1,0,14,30,0
C239,18,14,5,391.4,6,1,8,0,2,97,0
C239,19,3,1,114.3,1,0,0,0,15,37,0
C239,20,5,2,107.4,1,0,1,0,27,73,0
C239,21,2,1,85.6,1,0,0,0,22,38,0
C239,22,3,2,71.5,0,0,0,0,27,94,0
C239,23,2,2,36.1,0,0,1,0,26,94,0
C239,24,7,3,224.5,4,2,3,1,12,52,0
C239,25,9,5,209.0,7,1,4,0,13,59,0
C239,26,6,3,179.6,5,2,1,0,20,78,0
C239,27,7,3,125.5,3,1,5,0,18,43,0
C239,28,4,3,78.9,0,0,1,0,18,36,0
C239,29,8,7,205.1,6,0,2,0,13,66,0
C239,30,5,3,137.4,1,0,1,0,31,104,0
C239,31,7,4,197.2,3,1,2,0,21,23,0
C239,32,6,1,91.6,0,1,3,0,22,59,0
C240,1,4,3,110.7,0,0,1,0,15,17,0
C240,2,4,1,131.0,0,1,1,0,20,83,0
C240,3,6,2,83.7,1,0,0,0,12,91,0
C240,4,12,3,281.6,6,1,4,0,9,72,0
C240,5,8,6,120.3,4,2,2,0,11,46,0
C240,6,5,4,120.8,0,0,4,0,33,49,0
C240,7,3,2,112.2,0,1,0,0,22,69,0
C240,8,7,1,190.2,1,0,5,0,12,31,0
C240,9,5,0,166.4,1,0,2,0,17,20,0
C240,10,3,0,100.3,0,1,1,0,24,73,0
C240,11,7,3,134.9,1,1,2,0,27,101,0
C240,12,11,6,232.2,10,1,5,0,41,85,0
C240,13,8,4,360.6,5,1,4,0,17,22,0
C240,14,3,1,80.9,1,0,1,0,19,27,0
C240,15,7,5,133.5,5,1,2,0,37,85,0
C240,16,5,2,172.4,3,1,2,0,20,41,0
C240,17,3,2,61.5,0,0,0,0,18,80,0
C240,18,5,1,148.6,2,0,2,0,17,95,0
C240,19,7,3,177.5,1,1,1,0,19,63,0
C240,20,7,4,147.3,6,3,3,1,16,96,0
C240,21,9,3,312.2,5,0,3,0,13,15,0
C240,22,6,1,182.4,3,1,1,0,26,103,0
C240,23,6,2,143.5,3,1,4,0,21,41,0
C240,24,3,3,77.0,2,0,3,0,25,16,0
C240,25,10,6,244.4,5,1,3,0,10,38,0
C240,26,10,6,308.0,2,1,5,0,11,68,0
C240,27,5,4,151.8,1,0,1,0,20,41,0
C240,28,10,6,355.5,1,0,1,0,19,74,0
C240,29,5,4,150.5,0,0,1,0,23,42,0
C240,30,5,1,94.3,1,0,1,0,28,40,0
C240,31,4,2,86.5,1,0,3,0,14,79,0
C240,32,5,2,78.4,0,0,1,0,23,41,1
C241,1,7,4,243.2,2,0,4,1,13,41,0
C241,2,1,0,85.1,0,1,0,0,18,48,0
C241,3,5,3,222.7,1,1,2,0,19,40,0
C241,4,3,1,78.3,2,0,2,0,19,24,0
C241,5,2,0,67.2,1,1,0,0,19,93,0
C241,6,2,0,70.1,2,0,1,0,21,57,0
C241,7,4,0,148.3,3,1,0,0,25,102,0
C241,8,3,1,61.5,3,0,1,0,19,17,0
C241,9,4,3,122.3,2,0,0,0,14,21,0
C241,10,4,1,131.5,3,0,0,0,22,42,0
C241,11,4,3,99.9,0,0,2,0,31,69,0
C241,12,4,2,170.7,1,0,1,0,24,91,0
C241,13,6,3,171.5,3,1,3,0,22,65,0
C241,14,4,3,145.0,0,1,2,0,16,85,0
C241,15,7,2,285.4,4,0,4,0,16,54,0
C241,16,0,0,15.2,0,1,0,0,41,12,0
C241,17,2,0,87.6,3,0,0,0,19,74,0
C241,18,0,0,0.0,1,0,0,0,43,45,0
C241,19,2,0,51.2,0,0,0,0,24,79,0
C241,20,3,2,110.4,0,0,2,0,19,90,0
C241,21,3,2,14.8,4,1,2,0,16,61,0
C241,22,8,4,282.3,2,1,5,0,23,34,0
C241,23,2,0,55.4,1,0,0,0,20,16,0
C241,24,4,2,138.7,1,0,1,0,32,12,0
C241,25,2,1,40.6,0,0,3,0,17,85,0
C241,26,2,2,48.6,1,0,1,0,38,98,0
C241,27,4,2,79.6,0,0,0,0,21,94,0
C241,28,2,0,79.6,1,0,1,0,29,30,0
C241,29,0,1,16.4,0,1,0,0,35,49,0
C241,30,4,2,165.8,0,0,1,0,16,70,0
C241,31,1,0,14.9,0,1,0,0,21,25,0
C241,32,3,2,66.8,2,0,0,0,26,70,0
C242,1,1,0,21.3,0,0,0,0,37,80,0
C242,2,3,0,98.3,2,1,0,0,17,18,0
C242,3,4,1,101.3,0,0,1,0,22,66,0
C242,4,2,1,63.8,2,1,0,0,20,96,0
C242,5,8,6,137.8,4,2,2,0,18,21,0
C242,6,4,1,79.0,7,3,1,0,32,37,0
C242,7,2,1,57.6,0,0,0,0,26,73,0
C242,8,2,1,40.1,1,0,2,0,22,14,0
C242,9,1,0,74.4,0,1,1,0,37,43,0
C242,10,3,1,76.5,1,0,0,0,19,78,0
C242,11,2,0,25.7,1,0,1,0,21,45,0
C242,12,4,1,180.1,1,1,1,0,26,98,0
C242,13,2,1,6.8,0,0,0,0,18,61,0
C242,14,6,3,81.7,5,1,4,0,20,18,0
C242,15,5,3,117.7,3,1,0,0,38,32,0
C242,16,2,0,59.1,1,0,1,0,16,39,0
C242,17,2,0,22.8,0,1,0,0,23,47,0
C242,18,3,2,92.9,2,0,1,0,25,69,0
C242,19,4,2,66.5,0,0,2,0,23,85,0
C242,20,1,0,44.3,0,0,0,0,27,86,0
C242,21,4,3,94.9,1,0,2,0,14,85,0
C242,22,4,2,121.3,3,1,1,0,19,90,0
C242,23,0,0,7.5,0,0,0,0,30,34,0
C242,24,4,0,89.9,1,0,0,0,18,15,0
C242,25,0,0,8.9,0,0,0,0,43,77,0
C242,26,3,2,68.5,1,1,1,0,29,84,0
C242,27,2,1,26.0,1,0,2,0,25,43,0
C242,28,4,2,82.5,0,0,1,0,26,47,0
C242,29,1,1,2.4,1,1,0,0,31,33,0
C242,30,5,3,86.4,4,0,1,0,20,67,0
C242,31,1,0,81.6,0,0,0,1,29,102,0
C242,32,3,0,152.4,1,0,3,0,28,96,0
C243,1,4,6,61.2,4,2,1,1,31,40,0
C243,2,10,5,217.8,6,3,2,0,35,40,0
C243,3,5,2,139.5,3,2,2,0,20,15,0
C243,4,7,4,185.5,4,1,3,0,25,97,0
C243,5,8,7,203.4,2,1,4,0,13,93,0
C243,6,8,4,239.4,7,3,3,0,19,76,0
C243,7,11,5,306.8,8,6,3,0,16,92,0
C243,8,11,7,252.5,2,1,3,0,17,75,0
C243,9,7,2,149.3,6,1,3,0,11,43,0
C243,10,7,3,278.3,2,0,2,0,24,40,0
C243,11,2,2,54.2,2,0,0,1,23,41,0
C243,12,4,2,96.5,0,0,1,0,19,15,0
C243,13,9,4,333.6,3,2,3,0,13,65,0
C243,14,6,2,79.8,1,1,0,0,20,85,0
C243,15,6,4,148.3,3,0,3,0,12,37,0
C243,16,6,1,230.8,4,2,5,0,19,31,0
C243,17,10,4,305.4,2,1,3,0,9,47,0
C243,18,12,6,573.6,7,2,4,1,9,25,0
C243,19,10,6,345.6,3,2,3,0,17,85,0
C243,20,3,2,100.5,5,3,0,0,20,63,0
C243,21,7,5,221.9,4,1,1,0,10,18,0
C243,22,5,2,158.6,2,1,0,0,17,29,0
C243,23,4,2,110.4,1,0,1,0,17,98,0
C243,24,11,6,255.9,6,6,3,0,7,98,0
C243,25,8,6,242.3,3,2,4,0,18,68,0
C243,26,3,1,86.2,0,0,1,0,17,74,0
C243,27,9,5,242.6,2,1,1,0,27,83,0
C243,28,7,2,248.1,3,3,1,0,14,82,0
C243,29,8,3,151.3,0,1,1,0,13,79,0
C243,30,5,3,167.1,2,0,2,0,21,20,0
C243,31,5,3,146.2,4,2,1,0,15,18,0
C243,32,6,5,150.6,2,2,2,0,20,49,1
C244,1,8,5,280.9,4,2,2,0,21,52,0
C244,2,6,5,156.7,4,1,2,0,14,24,0
C244,3,4,3,135.7,4,4,3,0,25,48,0
C244,4,6,1,109.6,3,1,1,0,14,57,0
C244,5,3,3,138.9,2,1,2,0,20,32,0
C244,6,5,3,105.5,1,0,1,0,17,38,0
C244,7,3,3,81.1,3,0,1,0,46,89,0
C244,8,4,3,50.5,5,2,0,0,13,18,0
C244,9,4,1,135.5,4,2,1,1,21,58,0
C244,10,6,3,149.1,5,3,2,0,19,51,0
C244,11,6,4,145.1,1,1,3,0,18,22,0
C244,12,4,3,157.8,1,0,1,0,15,60,0
C244,13,6,1,94.1,6,2,1,0,24,41,0
C244,14,5,1,193.7,4,1,1,0,14,55,0
C244,15,5,4,148.1,2,1,0,1,35,23,0
C244,16,5,5,104.0,1,1,4,0,21,92,0
C244,17,8,6,134.3,4,2,0,0,18,45,0
C244,18,12,7,297.5,4,0,5,1,17,62,0
C244,19,6,2,231.5,3,1,0,0,15,39,0
C244,20,8,4,247.6,6,2,2,1,22,36,0
C244,21,7,5,267.9,1,1,5,0,16,71,0
C244,22,4,3,73.0,1,0,3,0,16,25,0
C244,23,8,3,157.1,4,2,1,1,24,82,0
C244,24,0,1,0.0,0,0,0,1,37,71,0
C244,25,1,1,36.9,0,1,1,1,22,18,0
C244,26,0,0,0.0,0,1,1,0,29,27,0
C244,27,0,0,0.0,0,0,0,0,29,56,0
C244,28,1,2,42.0,0,0,0,0,18,76,0
C244,29,0,0,0.0,0,1,0,0,31,70,0
C244,30,1,0,37.9,0,1,2,0,18,100,0
C244,31,0,0,0.0,1,1,0,0,39,78,0
C244,32,0,0,0.0,0,0,0,0,35,98,0
C245,1,12,6,271.4,5,0,4,0,10,93,0
C245,2,9,5,356.7,4,1,3,1,18,58,0
C245,3,10,4,172.9,3,1,6,0,10,93,0
C245,4,10,7,174.4,6,2,3,0,7,36,0
C245,5,5,4,119.9,1,0,2,0,29,47,0
C245,6,12,5,456.0,9,3,2,1,12,99,0
C245,7,16,6,466.4,6,1,8,0,5,67,0
C245,8,11,7,321.4,8,1,5,0,16,82,0
C245,9,7,4,243.8,3,1,4,0,24,65,0
C245,10,18,7,683.4,7,1,7,0,13,98,0
C245,11,11,4,91.9,4,1,6,0,9,33,0
C245,12,9,6,270.8,4,3,3,0,10,21,0
C245,13,8,4,376.0,4,0,3,0,13,97,0
C245,14,12,6,286.6,6,4,2,0,12,38,0
C245,15,12,5,404.4,13,2,6,0,24,102,0
C245,16,9,6,227.9,6,0,3,0,11,85,0
C245,17,6,4,297.1,7,1,2,0,21,90,0
C245,18,15,7,433.0,7,0,7,1,7,23,0
C245,19,14,6,397.6,7,1,2,0,6,90,0
C245,20,7,3,200.5,2,1,3,0,14,43,0
C245,21,13,7,308.5,5,0,3,0,9,84,0
C245,22,14,5,559.1,6,1,6,0,7,19,0
C245,23,10,6,216.0,8,1,2,0,28,32,0
C245,24,7,3,98.6,5,1,1,0,12,102,0
C245,25,4,1,126.2,0,1,1,0,16,23,0
C245,26,1,1,61.8,0,0,0,0,20,67,0
C245,27,4,2,106.2,0,0,1,0,20,15,0
C245,28,0,0,31.3,0,0,0,0,33,51,0
C245,29,0,0,0.0,0,1,0,0,32,23,0
C245,30,1,1,37.2,1,0,0,0,31,25,0
C245,31,1,0,51.5,0,0,0,0,20,17,0
C245,32,6,3,129.8,4,0,5,0,26,101,1
C246,1,5,4,110.7,1,0,0,0,17,63,0
C246,2,2,0,78.4,1,1,0,0,19,28,0
C246,3,4,1,135.2,2,1,0,0,26,66,0
C246,4,2,0,68.0,1,0,0,0,17,94,0
C246,5,5,1,183.4,2,1,0,0,15,24,0
C246,6,2,0,80.7,0,0,0,0,22,96,0
C246,7,3,1,76.7,2,0,0,0,20,80,0
C246,8,1,1,0.0,1,0,1,0,17,41,0
C246,9,2,2,49.6,2,0,0,0,23,99,0
C246,10,3,4,127.9,2,1,2,0,17,19,0
C246,11,2,1,76.5,0,0,0,0,23,101,0
C246,12,2,0,53.7,1,0,0,0,22,30,0
C246,13,2,1,65.2,0,1,0,0,22,70,0
C246,14,2,0,50.9,0,0,0,0,18,95,0
C246,15,0,0,21.1,0,1,0,0,50,93,0
C246,16,3,1,75.7,0,0,0,0,20,44,0
C246,17,2,0,46.8,2,0,2,0,20,53,0
C246,18,2,0,48.3,0,0,1,0,24,73,0
C246,19,1,0,13.1,0,0,0,0,20,51,0
C246,20,2,1,86.1,1,1,2,0,23,101,0
C246,21,3,3,71.7,0,0,2,0,25,42,0
C246,22,0,1,11.0,0,1,0,0,40,37,0
C246,23,2,0,57.8,1,1,0,0,20,38,0
C246,24,1,1,26.2,0,0,3,0,31,45,0
C246,25,3,0,91.9,2,1,1,0,23,13,0
C246,26,1,0,22.8,0,0,0,0,33,94,0
C246,27,1,0,16.4,1,1,1,0,27,56,0
C246,28,0,2,0.0,0,1,0,0,45,24,0
C246,29,1,0,17.0,0,1,0,0,24,57,0
C246,30,2,2,38.2,1,0,2,0,21,23,0
C246,31,0,0,0.0,0,0,0,0,35,32,0
C246,32,0,0,0.0,0,1,0,0,36,37,0
C247,1,5,1,173.3,2,1,1,0,23,97,0
C247,2,5,3,119.6,1,1,0,0,18,51,0
C247,3,12,6,330.0,4,2,4,0,6,74,0
C247,4,3,2,94.2,3,1,0,1,26,35,0
C247,5,6,2,261.6,2,1,3,1,24,16,0
C247,6,10,5,258.4,4,1,2,1,18,38,0
C247,7,7,5,267.3,0,0,2,1,12,101,0
C247,8,11,5,313.5,10,5,3,0,8,64,0
C247,9,3,2,112.3,0,1,1,0,36,21,0
C247,10,4,4,79.3,1,1,2,1,19,75,0
C247,11,3,1,36.9,1,1,0,0,40,49,0
C247,12,7,2,176.5,1,0,2,0,21,90,0
C247,13,8,5,247.2,1,0,5,0,15,27,0
C247,14,4,1,207.4,4,3,2,1,37,47,0
C247,15,7,6,223.7,5,3,1,0,34,12,0
C247,16,3,0,99.1,1,0,0,0,24,41,0
C247,17,2,0,58.2,2,1,1,0,20,13,0
C247,18,3,1,70.1,0,1,0,0,30,80,0
C247,19,7,5,170.9,2,1,3,1,22,77,0
C247,20,6,2,209.7,5,2,5,0,30,81,0
C247,21,11,7,281.5,9,5,2,0,28,100,0
C247,22,12,6,526.5,4,2,2,0,9,30,0
C247,23,5,3,139.0,1,1,0,0,18,35,0
C247,24,1,1,51.6,0,1,0,0,22,51,0
C247,25,0,0,0.0,0,0,0,0,45,41,0
C247,26,0,1,0.0,0,0,0,0,35,17,0
C247,27,0,0,0.0,0,1,1,0,36,18,0
C247,28,0,0,10.8,0,1,0,0,54,98,0
C247,29,0,0,23.7,1,0,0,0,47,94,0
C247,30,1,0,17.0,2,1,1,0,19,38,0
C247,31,2,1,75.3,2,2,0,0,22,44,0
C247,32,2,1,64.7,1,0,0,0,21,93,0
C248,1,12,5,264.6,3,1,5,0,25,77,0
C248,2,7,4,360.4,0,1,0,0,16,33,0
C248,3,10,5,301.6,5,1,1,0,10,74,0
C248,4,9,6,306.3,3,1,3,0,10,30,0
C248,5,5,3,119.7,6,1,2,0,20,59,0
C248,6,6,1,121.2,3,0,0,0,13,70,0
C248,7,12,5,311.0,0,0,5,0,23,49,0
C248,8,17,7,495.3,12,3,7,0,9,101,0
C248,9,6,3,186.8,4,1,2,0,15,53,0
C248,10,11,6,323.6,8,3,3,0,14,21,0
C248,11,2,2,44.5,1,0,3,0,29,70,0
C248,12,11,5,338.1,4,2,4,0,13,68,0
C248,13,6,3,229.3,1,0,3,0,15,85,0
C248,14,12,7,309.7,5,0,6,0,6,48,0
C248,15,6,5,189.3,0,0,1,0,21,32,0
C248,16,7,1,108.1,7,1,2,0,16,74,0
C248,17,4,2,159.0,0,1,2,0,25,74,0
C248,18,6,2,173.3,2,0,2,0,22,103,0
C248,19,4,2,126.4,2,0,1,0,32,74,0
C248,20,5,2,184.8,0,1,3,0,17,16,0
C248,21,5,4,138.7,5,1,1,0,28,45,0
C248,22,1,1,12.4,0,0,0,0,23,71,0
C248,23,6,3,149.1,1,0,1,0,12,72,0
C248,24,3,1,159.0,1,1,0,0,30,98,0
C248,25,3,2,66.4,3,0,1,0,21,102,0
C248,26,2,0,68.2,0,1,0,0,26,77,0
C248,27,3,1,100.7,1,1,2,0,24,90,0
C248,28,2,0,12.2,0,0,0,0,17,52,0
C248,29,9,3,309.7,3,0,2,0,13,68,0
C248,30,1,0,19.7,0,1,0,0,26,62,0
C248,31,0,0,0.0,0,0,0,0,41,74,0
C248,32,0,0,35.5,0,0,0,0,36,56,1
C249,1,10,3,199.3,9,3,6,0,18,17,0
C249,2,10,6,340.3,7,0,3,0,10,87,0
C249,3,12,6,278.7,3,1,10,0,26,58,0
C249,4,7,4,218.1,4,1,0,0,12,16,0
C249,5,11,6,334.3,5,2,6,0,9,85,0
C249,6,8,3,265.6,1,0,3,0,12,72,0
C249,7,9,2,286.5,8,2,2,0,14,59,0
C249,8,11,6,344.7,7,3,4,0,14,27,0
C249,9,14,7,374.2,5,1,2,0,9,53,0
C249,10,16,3,440.1,5,1,7,0,4,61,0
C249,11,8,2,218.4,1,1,4,0,26,23,0
C249,12,4,3,99.9,0,0,1,0,19,75,0
C249,13,15,7,452.5,2,1,4,0,1,57,0
C249,14,7,3,140.5,0,0,2,0,18,46,0
C249,15,7,4,121.8,5,2,5,0,11,31,0
C249,16,11,6,252.6,5,1,4,0,12,67,0
C249,17,3,3,85.2,2,0,0,0,29,104,0
C249,18,14,7,387.7,12,4,2,0,12,91,0
C249,19,7,5,362.3,5,1,4,0,17,78,0
C249,20,10,6,547.7,6,1,4,0,11,15,0
C249,21,6,1,175.8,6,2,2,0,14,95,0
C249,22,11,7,354.3,4,1,5,0,8,45,0
C249,23,2,2,80.8,0,0,1,0,35,87,0
C249,24,6,4,214.8,0,0,2,0,14,60,0
C249,25,6,1,242.9,2,1,4,0,19,13,0
C249,26,5,4,71.9,0,0,0,1,16,61,0
C249,27,9,3,347.0,4,1,5,0,7,81,0
C249,28,6,5,180.0,1,0,1,0,18,81,0
C249,29,4,2,195.5,4,1,1,0,16,70,0
C249,30,4,2,122.0,0,1,3,0,19,87,0
C249,31,2,0,51.4,0,0,1,0,28,58,0
C249,32,2,0,40.5,0,0,0,0,23,23,1
C250,1,9,3,205.2,2,1,2,0,12,14,0
C250,2,4,2,164.7,3,0,2,0,25,41,0
C250,3,9,6,228.2,7,1,9,0,21,87,0
C250,4,4,2,33.0,1,0,1,0,30,73,0
C250,5,9,4,192.0,2,0,3,0,17,12,0
C250,6,8,3,199.7,5,2,1,0,15,22,0
C250,7,6,2,126.0,1,0,0,0,19,33,0
C250,8,7,3,182.6,6,0,0,0,19,100,0
C250,9,7,5,227.4,3,0,2,0,14,67,0
C250,10,5,0,187.9,2,0,2,0,15,100,0
C250,11,10,4,253.0,4,2,5,0,9,34,0
C250,12,4,1,162.7,0,1,3,0,25,73,0
C250,13,2,0,57.9,2,0,0,0,25,27,0
C250,14,3,3,82.8,3,0,0,0,18,48,0
C250,15,3,0,73.1,1,0,2,0,24,26,0
C250,16,4,3,162.9,2,1,1,0,20,45,0
C250,17,3,2,97.9,0,1,0,0,23,84,0
C250,18,2,2,47.3,0,0,1,0,29,12,0
C250,19,1,1,7.4,0,0,1,0,18,75,0
C250,20,1,0,65.4,1,1,0,0,26,50,0
C250,21,1,1,0.0,0,0,0,0,21,35,0
C250,22,2,0,71.4,1,1,0,0,28,36,0
C250,23,1,1,21.3,2,2,0,0,19,16,0
C250,24,0,0,24.0,0,0,0,0,43,74,0
C250,25,1,0,47.4,3,2,0,0,24,47,0
C250,26,5,2,145.8,2,1,3,0,18,82,0
C250,27,2,1,49.8,0,0,2,0,17,36,0
C250,28,0,1,0.0,0,0,1,0,32,27,0
C250,29,0,0,0.0,0,0,0,0,48,51,0
C250,30,1,2,115.6,2,1,1,0,22,13,0
C250,31,0,0,0.0,0,0,0,0,33,25,0
C250,32,1,0,0.0,1,0,0,0,27,32,1
C251,1,6,4,165.6,2,0,1,0,14,103,0
C251,2,5,4,201.8,2,0,1,0,24,39,0
C251,3,7,1,254.6,3,1,2,0,13,83,0
C251,4,11,6,435.7,12,4,4,1,21,92,0
C251,5,7,4,182.6,3,1,1,0,25,51,0
C251,6,15,7,449.4,10,3,6,0,9,101,0
C251,7,16,7,532.4,8,2,5,0,14,90,0
C251,8,6,2,184.7,1,1,2,0,13,87,0
C251,9,9,3,237.6,5,1,3,0,20,57,0
C251,10,10,6,396.3,3,1,2,0,8,64,0
C251,11,12,5,262.9,4,1,4,0,17,58,0
C251,12,10,5,267.8,3,2,7,0,25,47,0
C251,13,9,3,228.1,4,1,4,0,14,49,0
C251,14,10,6,369.6,5,1,3,0,10,54,0
C251,15,9,3,194.0,9,0,1,0,26,45,0
C251,16,14,7,485.7,3,0,1,0,9,16,0
C251,17,11,7,311.4,5,0,0,0,20,81,0
C251,18,10,6,155.3,4,1,4,0,12,35,0
C251,19,7,4,209.8,2,0,4,0,14,44,0
C251,20,11,7,241.4,2,1,2,0,23,40,0
C251,21,6,3,131.8,4,0,0,0,29,55,0
C251,22,7,3,206.4,7,1,2,0,15,28,0
C251,23,8,4,242.1,3,2,4,0,11,75,0
C251,24,13,6,298.7,4,0,4,0,2,76,0
C251,25,11,6,304.7,8,3,4,0,9,98,0
C251,26,5,3,59.8,1,0,3,1,15,82,0
C251,27,7,3,95.3,5,3,2,0,10,39,0
C251,28,14,7,447.5,12,4,7,0,7,50,0
C251,29,9,7,189.9,2,0,1,0,22,45,0
C251,30,7,4,106.1,2,0,3,0,22,97,0
C251,31,3,3,22.2,0,1,0,1,17,64,0
C251,32,12,7,397.7,3,0,7,0,12,46,0
C252,1,0,0,1.0,1,0,0,0,33,48,0
C252,2,1,0,55.6,0,0,0,0,22,88,0
C252,3,0,0,8.9,1,0,0,0,43,29,0
C252,4,2,0,40.2,1,0,0,0,23,61,0
C252,5,2,2,55.4,3,1,1,0,26,26,0
C252,6,1,0,37.3,2,0,0,0,22,77,0
C252,7,3,1,131.8,2,0,1,0,21,47,0
C252,8,1,0,31.4,0,0,0,0,42,40,0
C252,9,4,3,87.0,3,0,1,0,19,96,0
C252,10,0,1,9.2,0,0,0,0,31,26,0
C252,11,0,0,7.5,0,1,0,0,32,77,0
C252,12,3,3,85.9,1,0,0,0,22,51,0
C252,13,2,0,92.8,1,0,2,0,22,17,0
C252,14,1,0,49.5,0,0,0,0,18,68,0
C252,15,2,1,82.8,1,0,0,0,31,30,0
C252,16,0,0,87.3,0,0,0,0,31,12,0
C252,17,0,0,5.7,0,0,0,0,52,70,0
C252,18,0,1,0.0,0,1,0,0,30,87,0
C252,19,0,0,1.9,0,0,0,0,31,39,0
C252,20,0,1,22.9,0,0,0,0,33,27,0
C252,21,0,0,11.4,0,0,0,0,29,71,0
C252,22,0,0,0.0,0,0,0,0,34,38,0
C252,23,1,0,16.0,0,1,0,0,19,37,0
C252,24,0,0,0.0,0,0,0,0,43,80,0
C252,25,0,0,1.2,0,0,0,0,33,65,0
C252,26,1,1,60.6,0,0,2,0,27,74,0
C252,27,0,0,0.0,0,0,0,0,49,16,0
C252,28,0,0,0.0,0,0,0,0,34,83,0
C252,29,1,0,34.3,0,0,0,0,33,82,0
C252,30,0,0,15.0,0,0,0,0,32,40,0
C252,31,0,1,0.0,0,0,0,0,38,14,0
C252,32,0,0,11.7,0,1,0,0,39,64,1
C253,1,7,4,203.8,3,0,0,0,22,66,0
C253,2,11,5,296.6,1,0,2,0,11,90,0
C253,3,14,6,506.4,7,1,11,0,10,102,0
C253,4,11,2,319.6,4,1,3,0,9,19,0
C253,5,14,6,413.9,11,3,3,0,15,46,0
C253,6,10,6,298.1,7,1,4,0,13,35,0
C253,7,17,4,466.0,8,3,6,0,2,59,0
C253,8,14,7,481.6,7,2,6,0,11,85,0
C253,9,11,7,375.4,6,2,1,0,9,27,0
C253,10,4,0,15.2,0,1,2,0,23,102,0
C253,11,14,7,376.1,6,0,3,0,10,23,0
C253,12,12,7,345.0,9,4,4,0,17,91,0
C253,13,8,6,179.2,4,0,4,0,10,97,0
C253,14,12,6,358.0,4,1,4,0,19,30,0
C253,15,9,7,239.0,2,1,2,1,22,47,0
C253,16,12,6,340.9,5,1,7,0,10,68,0
C253,17,10,3,171.3,6,3,8,0,11,54,0
C253,18,13,6,280.8,7,0,7,0,14,29,0
C253,19,5,2,117.3,0,0,3,0,28,68,0
C253,20,12,6,325.9,2,0,5,0,19,89,0
C253,21,4,2,110.6,3,0,0,0,20,20,0
C253,22,4,2,71.2,1,0,2,0,21,48,0
C253,23,9,5,360.9,3,1,1,0,21,97,0
C253,24,5,3,128.0,2,1,3,0,41,16,0
C253,25,2,2,62.1,1,0,0,0,24,18,0
C253,26,5,2,137.5,1,0,0,0,30,88,0
C253,27,6,3,172.1,1,1,2,0,18,44,0
C253,28,9,5,239.0,0,0,2,0,9,35,0
C253,29,5,4,178.0,4,1,2,0,16,103,0
C253,30,3,2,106.1,3,0,0,0,22,62,0
C253,31,1,1,40.9,0,0,0,0,22,60,0
C253,32,10,5,331.8,2,0,2,0,19,55,0
C254,1,6,2,199.2,1,0,2,0,20,18,0
C254,2,12,7,293.8,4,0,2,0,11,35,0
C254,3,3,2,44.7,4,2,0,0,27,33,0
C254,4,8,5,143.6,2,0,2,0,15,58,0
C254,5,4,1,81.0,2,0,1,0,21,20,0
C254,6,5,4,161.6,4,1,1,0,20,17,0
C254,7,12,5,257.0,8,0,2,0,13,89,0
C254,8,5,2,151.1,1,0,3,0,13,89,0
C254,9,3,1,102.6,1,1,0,0,21,64,0
C254,10,10,5,361.8,4,0,4,0,8,46,0
C254,11,4,3,86.0,2,1,1,0,22,66,0
C254,12,7,4,195.3,1,0,3,0,26,45,0
C254,13,11,4,187.4,4,0,4,0,12,75,0
C254,14,5,0,167.8,0,1,0,0,35,75,0
C254,15,12,7,370.8,2,0,3,0,13,56,0
C254,16,10,6,286.6,4,2,2,0,21,42,0
C254,17,8,3,237.7,2,0,2,0,10,14,0
C254,18,6,3,209.3,2,0,2,0,16,104,0
C254,19,6,2,128.1,2,0,2,1,23,96,0
C254,20,6,4,222.4,1,0,3,0,26,102,0
C254,21,6,5,96.4,3,0,3,0,15,54,0
C254,22,6,3,101.2,4,0,1,0,15,76,0
C254,23,7,3,103.7,6,0,4,0,14,100,0
C254,24,9,4,184.7,4,1,3,0,9,99,0
C254,25,7,3,178.1,1,0,5,0,28,80,0
C254,26,9,5,195.1,3,1,1,0,11,49,0
C254,27,8,4,365.3,4,0,2,0,21,63,0
C254,28,7,3,236.7,1,0,1,0,18,63,0
C254,29,13,7,304.0,8,2,7,0,4,24,0
C254,30,5,2,94.0,0,0,0,0,15,16,0
C254,31,10,6,247.0,3,1,1,0,13,59,0
C254,32,10,5,294.0,1,0,4,0,25,88,0
C255,1,12,5,285.2,3,1,5,0,9,90,0
C255,2,11,7,192.7,3,1,2,0,18,79,0
C255,3,13,6,395.2,9,2,5,0,7,61,0
C255,4,13,7,306.5,10,0,2,0,10,103,0
C255,5,10,3,290.6,6,1,5,0,29,77,0
C255,6,9,5,256.3,5,1,3,0,16,24,0
C255,7,14,5,408.0,5,2,3,0,12,64,0
C255,8,8,3,264.8,5,3,3,0,12,22,0
C255,9,9,3,174.1,4,1,3,0,11,41,0
C255,10,17,7,489.3,5,1,1,0,21,63,0
C255,11,14,7,356.7,1,0,7,0,3,96,0
C255,12,7,3,277.8,1,0,4,0,14,38,0
C255,13,10,4,336.8,6,1,5,0,28,44,0
C255,14,11,7,344.7,3,0,1,0,8,49,0
C255,15,12,5,229.2,5,0,3,0,12,67,0
C255,16,9,5,237.7,7,4,1,0,17,25,0
C255,17,16,5,557.8,8,4,5,0,5,65,0
C255,18,16,5,361.4,5,0,7,0,5,12,0
C255,19,6,1,154.6,3,0,3,0,14,29,0
C255,20,12,5,152.7,12,4,3,0,16,80,0
C255,21,7,3,261.1,3,0,1,0,28,36,0
C255,22,10,4,273.3,6,1,5,0,11,62,0
C255,23,6,2,153.0,3,2,2,0,13,72,0
C255,24,11,3,448.0,1,0,4,0,18,41,0
C255,25,11,7,166.3,7,2,4,0,7,40,0
C255,26,8,1,211.2,4,2,2,0,13,61,0
C255,27,9,5,223.8,4,1,4,0,16,21,0
C255,28,3,2,91.4,1,0,0,0,14,74,0
C255,29,17,7,252.4,6,2,7,0,13,48,0
C255,30,11,5,314.1,7,0,3,0,10,37,0
C255,31,11,6,398.9,6,2,2,0,7,19,0
C255,32,8,5,191.9,7,2,2,0,11,65,0
C256,1,6,5,166.3,4,2,1,0,23,44,0
C256,2,12,6,420.3,7,3,0,0,16,83,0
C256,3,8,2,358.7,5,0,4,0,14,93,0
C256,4,13,7,399.3,11,3,4,0,8,42,0
C256,5,4,2,62.6,1,0,1,0,19,71,0
C256,6,9,4,212.2,5,2,3,0,17,57,0
C256,7,7,1,199.1,2,1,1,0,21,104,0
C256,8,8,5,274.4,4,1,3,0,9,62,0
C256,9,10,6,155.2,2,1,3,0,19,13,0
C256,10,10,4,105.9,5,1,4,0,12,44,0
C256,11,7,5,200.2,4,0,2,0,16,98,0
C256,12,9,3,140.6,5,1,2,0,20,101,0
C256,13,7,4,114.5,3,1,1,0,12,13,0
C256,14,10,7,198.7,3,0,2,0,11,22,0
C256,15,13,5,485.0,8,3,5,0,15,35,0
C256,16,4,1,79.2,1,0,0,0,24,16,0
C256,17,8,4,149.8,3,1,0,1,14,13,0
C256,18,17,6,508.8,7,2,3,0,8,48,0
C256,19,11,4,339.8,4,1,1,0,11,81,0
C256,20,8,4,130.8,2,1,2,0,11,91,0
C256,21,5,3,151.4,4,0,3,0,26,99,0
C256,22,9,4,262.3,2,0,4,0,18,31,0
C256,23,6,4,109.5,2,0,1,0,20,13,0
C256,24,6,4,154.4,4,2,3,0,20,55,0
C256,25,7,3,175.8,5,1,3,0,10,16,0
C256,26,5,2,186.0,2,1,2,0,25,75,0
C256,27,14,7,353.7,6,2,6,0,6,42,0
C256,28,9,4,264.6,3,0,2,0,21,23,0
C256,29,11,5,180.3,3,0,6,0,10,90,0
C256,30,5,2,114.1,2,1,3,0,23,90,0
C256,31,4,0,103.0,0,0,2,0,19,30,0
C256,32,7,3,97.9,5,1,2,0,11,77,1
C257,1,5,2,52.7,6,3,4,0,26,29,0
C257,2,3,0,108.3,1,0,1,0,19,19,0
C257,3,3,0,95.6,0,0,0,0,24,12,0
C257,4,7,2,244.2,4,2,5,1,15,58,0
C257,5,3,1,77.6,3,1,1,0,17,101,0
C257,6,0,1,0.0,0,0,0,0,45,26,0
C257,7,6,5,183.1,1,0,0,0,29,36,0
C257,8,8,5,236.0,1,1,3,1,11,82,0
C257,9,0,1,5.7,0,0,0,1,40,89,0
C257,10,3,1,111.8,0,0,0,0,64,61,0
C257,11,3,0,114.5,1,0,0,0,20,18,0
C257,12,3,2,44.7,0,0,0,0,28,79,0
C257,13,3,2,45.7,1,1,1,0,15,54,0
C257,14,2,1,59.7,1,0,0,0,23,68,0
C257,15,2,2,67.0,0,0,1,0,24,87,0
C257,16,5,2,156.7,2,0,0,0,23,92,0
C257,17,2,2,74.9,0,0,1,0,18,94,0
C257,18,3,0,100.8,0,0,0,0,17,76,0
C257,19,1,1,45.5,0,0,0,0,23,38,0
C257,20,1,0,31.3,2,0,0,0,20,100,0
C257,21,2,0,42.2,0,0,0,0,22,31,0
C257,22,1,0,34.5,0,1,0,0,20,99,0
C257,23,3,3,76.6,1,0,0,0,24,98,0
C257,24,5,4,168.1,3,1,1,0,16,42,0
C257,25,0,1,0.0,1,0,1,0,51,20,0
C257,26,3,2,113.8,1,1,1,0,19,93,0
C257,27,3,1,61.6,2,2,1,0,26,23,0
C257,28,2,3,64.7,1,0,0,0,31,48,0
C257,29,1,1,4.4,0,1,0,1,22,33,0
C257,30,2,0,88.6,2,0,1,0,17,26,0
C257,31,0,0,2.4,0,0,0,0,35,26,0
C257,32,1,0,57.6,0,0,0,0,33,101,1
C258,1,6,2,152.2,2,0,2,0,14,103,0
C258,2,11,6,425.3,4,0,4,0,42,41,0
C258,3,10,7,329.4,5,1,3,0,10,25,0
C258,4,6,2,220.7,2,1,2,0,18,16,0
C258,5,13,6,292.5,9,2,5,0,6,71,0
C258,6,5,1,167.5,1,0,5,0,29,24,0
C258,7,10,4,135.4,4,2,8,0,31,57,0
C258,8,11,6,245.7,4,1,2,0,5,100,0
C258,9,12,7,113.2,6,2,3,0,9,87,0
C258,10,8,4,231.6,2,2,5,0,24,50,0
C258,11,11,7,273.9,6,1,3,0,6,30,0
C258,12,13,7,232.9,5,2,4,0,11,80,0
C258,13,15,7,403.2,9,1,7,0,4,34,0
C258,14,8,6,207.8,2,0,3,0,27,90,0
C258,15,11,4,394.3,8,1,1,0,12,79,0
C258,16,3,0,81.6,0,1,1,0,32,58,0
C258,17,10,5,377.6,4,1,7,0,10,57,0
C258,18,10,6,194.2,3,1,3,0,8,25,0
C258,19,8,4,278.6,9,1,1,0,10,35,0
C258,20,14,7,476.8,6,0,4,0,7,24,0
C258,21,7,5,244.8,3,0,3,0,14,16,0
C258,22,10,6,211.0,3,1,1,0,9,30,0
C258,23,9,4,287.5,1,0,2,0,8,98,0
C258,24,14,6,446.7,4,0,3,0,17,91,0
C258,25,15,7,421.4,7,1,5,0,2,58,0
C258,26,9,6,299.7,2,0,3,0,11,18,0
C258,27,8,2,185.4,6,1,2,0,14,41,0
C258,28,12,6,225.2,7,1,4,0,10,35,0
C258,29,7,5,114.0,5,3,0,0,17,51,0
C258,30,10,6,317.4,2,1,1,0,9,32,0
C258,31,13,7,404.4,6,1,8,0,5,26,0
C258,32,3,1,102.2,1,1,0,0,20,49,1
C259,1,10,6,336.3,4,0,1,0,15,26,0
C259,2,10,5,259.2,4,0,6,0,8,50,0
C259,3,1,0,30.4,1,1,0,0,22,26,0
C259,4,10,7,250.6,4,1,2,0,31,19,0
C259,5,9,4,241.4,6,4,1,0,21,56,0
C259,6,8,1,138.2,5,1,5,0,18,79,0
C259,7,13,7,355.4,5,0,2,0,28,101,0
C259,8,5,4,193.3,2,0,1,0,23,77,0
C259,9,8,2,227.0,6,1,4,0,16,75,0
C259,10,7,5,134.8,2,1,3,0,24,86,0
C259,11,7,3,180.4,3,0,4,0,23,58,0
C259,12,8,5,178.4,4,0,2,0,14,79,0
C259,13,7,3,209.2,3,0,0,0,34,12,0
C259,14,7,4,225.2,2,0,4,0,18,50,0
C259,15,4,1,97.2,1,0,2,0,26,100,0
C259,16,9,3,286.3,4,1,3,0,24,70,0
C259,17,7,5,211.6,8,2,2,0,26,30,0
C259,18,11,4,243.7,5,0,6,0,5,44,0
C259,19,9,4,335.2,2,0,3,0,14,89,0
C259,20,9,6,158.0,6,0,3,0,13,13,0
C259,21,13,5,334.0,7,2,3,0,13,27,0
C259,22,4,4,139.3,3,0,3,0,18,50,0
C259,23,6,7,142.5,3,1,1,0,15,28,0
C259,24,7,3,220.8,7,1,2,0,21,31,0
C259,25,16,7,486.9,5,0,7,0,1,82,0
C259,26,8,4,258.6,4,1,1,0,18,97,0
C259,27,10,7,394.4,6,2,3,0,10,50,0
C259,28,6,6,169.6,0,0,2,0,25,19,0
C259,29,7,4,199.6,6,1,4,0,13,104,0
C259,30,6,2,195.1,3,1,0,0,18,95,0
C259,31,10,2,169.0,6,0,3,0,18,88,0
C259,32,12,6,337.3,8,5,5,0,5,38,1
C260,1,11,6,177.6,4,2,5,0,8,99,0
C260,2,11,6,247.7,4,2,3,0,7,60,0
C260,3,7,5,223.3,2,0,3,1,12,84,0
C260,4,7,3,258.3,2,2,2,0,19,18,0
C260,5,11,6,192.8,8,4,4,0,17,36,0
C260,6,16,7,589.5,11,9,6,0,6,22,0
C260,7,12,6,263.1,6,4,2,1,14,82,0
C260,8,16,7,431.6,4,1,6,1,7,61,0
C260,9,13,7,357.9,5,3,6,0,3,61,0
C260,10,8,3,318.2,8,3,2,1,8,65,0
C260,11,12,5,368.4,4,0,2,0,14,76,0
C260,12,18,7,375.1,7,2,5,0,3,67,0
C260,13,21,7,609.5,7,2,11,0,3,73,0
C260,14,12,6,325.1,11,7,6,0,12,30,0
C260,15,13,7,370.1,3,1,3,0,9,12,0
C260,16,13,7,443.7,3,3,9,0,11,87,0
C260,17,13,6,391.9,18,5,4,0,4,17,0
C260,18,17,7,550.2,6,3,5,0,6,52,0
C260,19,16,6,443.6,9,2,5,0,2,78,0
C260,20,16,7,476.3,10,3,5,0,6,98,0
C260,21,11,5,301.9,3,1,3,0,10,73,0
C260,22,11,6,242.6,2,1,1,0,8,36,0
C260,23,5,3,98.1,3,2,1,1,27,71,0
C260,24,3,3,119.7,1,0,1,0,23,55,0
C260,25,2,1,65.1,1,1,0,0,34,79,0
C260,26,2,0,66.5,1,1,0,0,32,31,0
C260,27,3,2,103.3,2,0,4,1,29,64,0
C260,28,0,0,0.0,0,0,0,0,42,86,0
C260,29,1,2,0.0,0,0,0,0,34,87,0
C260,30,0,0,54.7,0,0,1,0,30,86,0
C260,31,2,2,36.3,1,0,0,1,21,55,0
C260,32,2,1,83.2,0,0,0,0,19,85,0
C261,1,3,0,114.0,0,0,0,0,26,96,0
C261,2,11,4,443.9,5,3,7,0,17,79,0
C261,3,10,3,187.9,3,1,5,0,14,79,0
C261,4,11,4,143.6,8,1,5,0,13,68,0
C261,5,8,3,286.9,6,1,1,0,17,31,0
C261,6,10,5,247.2,8,3,5,0,14,40,0
C261,7,5,1,163.7,2,0,1,0,17,21,0
C261,8,17,7,414.1,6,1,3,0,5,61,0
C261,9,7,3,119.8,4,1,3,0,12,90,0
C261,10,10,4,418.7,1,0,4,0,11,14,0
C261,11,11,4,358.1,7,0,3,0,14,33,0
C261,12,7,5,184.2,6,3,0,0,11,30,0
C261,13,13,7,555.7,4,1,5,1,13,97,0
C261,14,18,6,597.7,4,0,6,0,11,36,0
C261,15,6,5,220.2,2,0,4,0,16,19,0
C261,16,9,3,198.2,4,0,3,0,19,68,0
C261,17,9,5,328.4,7,1,2,0,9,85,0
C261,18,9,6,184.1,5,2,2,0,15,48,0
C261,19,4,2,92.3,4,1,0,0,34,55,0
C261,20,11,6,422.9,2,0,2,0,40,83,0
C261,21,16,7,351.3,3,1,2,0,7,51,0
C261,22,4,1,83.9,1,1,2,0,23,42,0
C261,23,10,5,400.8,9,3,3,0,9,53,0
C261,24,5,5,102.7,0,0,0,0,20,22,0
C261,25,7,4,310.3,1,0,1,0,38,101,0
C261,26,10,4,402.5,2,0,5,0,10,35,0
C261,27,13,7,518.4,4,0,3,0,6,102,0
C261,28,12,6,227.1,3,0,2,0,9,69,0
C261,29,9,3,113.7,7,4,1,0,24,58,0
C261,30,7,3,285.6,3,0,6,1,31,57,0
C261,31,7,4,194.6,2,0,2,0,14,56,0
C261,32,9,5,321.6,5,2,2,0,10,14,1
C262,1,2,1,43.9,3,0,0,0,18,104,0
C262,2,0,1,11.8,0,0,0,0,32,74,0
C262,3,1,1,0.0,1,0,0,0,18,80,0
C262,4,3,1,124.8,3,1,0,0,16,23,0
C262,5,2,1,35.1,2,0,1,0,21,70,0
C262,6,2,0,31.3,0,1,0,0,24,101,0
C262,7,1,0,58.5,0,0,1,0,35,44,0
C262,8,1,1,20.0,0,0,1,0,32,62,0
C262,9,2,1,57.3,1,0,0,0,20,56,0
C262,10,1,0,65.9,1,1,1,0,40,93,0
C262,11,1,2,56.3,1,1,2,0,23,27,0
C262,12,0,0,0.0,0,0,0,0,30,82,0
C262,13,2,1,106.8,0,0,1,0,23,80,0
C262,14,1,0,44.6,2,0,1,0,18,24,0
C262,15,4,2,80.8,4,0,1,0,19,22,0
C262,16,4,1,99.7,3,0,2,0,19,61,0
C262,17,1,0,37.1,0,1,0,0,22,38,0
C262,18,2,1,51.4,0,0,2,0,17,85,0
C262,19,3,2,91.6,2,1,1,0,25,84,0
C262,20,3,1,173.8,1,0,0,0,21,20,0
C262,21,3,1,93.6,1,0,2,0,24,73,0
C262,22,1,1,35.0,0,0,0,0,21,56,0
C262,23,4,1,48.8,3,1,1,0,23,101,0
C262,24,1,0,6.8,1,0,0,0,19,61,0
C262,25,0,0,10.6,0,1,1,1,48,54,0
C262,26,4,1,148.9,1,0,1,0,38,30,0
C262,27,4,1,134.9,1,0,6,0,26,94,0
C262,28,2,3,32.2,0,0,1,0,27,79,0
C262,29,0,0,0.0,0,0,0,0,39,35,0
C262,30,4,2,74.9,2,1,0,0,19,70,0
C262,31,0,0,0.0,0,0,1,0,30,92,0
C262,32,1,0,0.0,1,0,1,0,36,26,0
C263,1,4,2,124.8,1,0,0,0,26,56,0
C263,2,8,5,167.6,0,0,0,0,25,41,0
C263,3,11,6,303.7,4,1,5,0,12,43,0
C263,4,7,4,232.5,3,0,0,0,13,70,0
C263,5,10,5,240.0,4,1,2,0,20,21,0
C263,6,7,4,278.1,2,0,3,0,26,41,0
C263,7,10,4,265.2,7,2,3,0,11,44,0
C263,8,5,4,153.9,2,1,2,0,23,97,0
C263,9,6,2,193.6,3,1,4,0,24,23,0
C263,10,12,7,218.6,5,1,3,0,20,44,0
C263,11,6,0,232.2,2,1,1,0,14,35,0
C263,12,11,4,172.2,4,2,6,0,11,98,0
C263,13,5,3,184.6,2,0,2,0,17,20,0
C263,14,7,2,137.0,3,0,1,0,21,98,0
C263,15,7,2,115.6,4,1,2,0,22,68,0
C263,16,6,3,134.9,4,1,0,0,14,13,0
C263,17,10,7,259.7,4,0,5,0,18,88,0
C263,18,4,3,94.1,3,1,0,0,15,82,0
C263,19,6,2,177.1,2,1,0,0,11,82,0
C263,20,8,3,266.1,7,4,3,0,12,14,0
C263,21,7,4,200.5,5,2,1,0,14,85,0
C263,22,9,4,240.1,5,3,4,0,13,102,0
C263,23,3,1,178.3,4,0,0,0,23,44,0
C263,24,6,4,172.1,3,0,0,0,12,55,0
C263,25,6,1,197.2,2,1,2,0,11,95,0
C263,26,3,2,37.2,0,0,1,0,17,40,0
C263,27,3,0,36.6,2,0,1,0,20,54,0
C263,28,4,3,127.9,2,0,0,0,19,82,0
C263,29,1,0,0.0,1,0,0,0,26,95,0
C263,30,0,0,0.0,0,0,0,0,44,65,0
C263,31,2,0,16.0,1,0,2,0,30,57,0
C263,32,0,0,0.0,0,0,0,0,59,31,1
C264,1,10,6,372.9,6,2,5,0,10,92,0
C264,2,7,2,196.4,3,0,1,0,13,49,0
C264,3,24,6,613.7,13,1,7,0,20,20,0
C264,4,13,7,424.3,6,1,5,0,8,100,0
C264,5,10,6,287.6,5,2,5,0,13,25,0
C264,6,6,3,105.0,0,0,4,0,15,44,0
C264,7,8,4,272.6,2,0,5,0,16,59,0
C264,8,11,5,280.6,3,1,3,0,15,21,0
C264,9,12,4,424.4,7,2,4,0,12,64,0
C264,10,6,2,265.9,2,0,2,0,17,12,0
C264,11,7,2,194.0,1,0,1,0,13,29,0
C264,12,10,6,340.2,2,1,5,0,32,57,0
C264,13,8,5,273.9,5,0,2,0,13,47,0
C264,14,6,3,207.1,1,1,2,0,23,50,0
C264,15,11,6,301.4,4,1,1,0,14,14,0
C264,16,10,3,275.5,6,1,2,0,16,19,0
C264,17,11,6,244.1,5,0,2,1,14,67,0
C264,18,13,7,230.6,4,0,5,0,5,58,0
C264,19,10,6,224.0,3,1,3,0,25,14,0
C264,20,9,6,248.8,9,2,2,0,15,92,0
C264,21,7,2,122.7,3,1,5,0,16,44,0
C264,22,13,5,394.1,10,3,3,0,4,56,0
C264,23,10,6,355.7,5,1,4,0,12,43,0
C264,24,6,3,211.8,3,2,1,0,27,25,0
C264,25,6,4,139.8,0,1,1,0,31,102,0
C264,26,12,7,245.3,4,1,2,0,7,35,0
C264,27,11,7,296.6,4,2,2,0,10,89,0
C264,28,8,4,120.2,5,1,2,1,16,28,0
C264,29,12,7,339.8,3,1,2,0,21,32,0
C264,30,10,6,235.8,4,1,2,0,14,15,0
C264,31,11,7,467.3,1,0,4,0,11,40,0
C264,32,7,3,179.9,3,0,1,0,14,83,0
C265,1,4,0,99.4,1,0,3,0,22,91,0
C265,2,5,3,168.7,3,2,2,0,18,87,0
C265,3,4,1,90.8,2,1,1,0,18,30,0
C265,4,0,1,26.0,0,0,0,0,41,86,0
C265,5,2,0,47.8,1,0,1,0,35,38,0
C265,6,3,0,87.4,3,2,1,0,21,56,0
C265,7,4,1,74.5,1,0,2,0,22,13,0
C265,8,4,2,61.5,1,1,0,0,27,68,0
C265,9,7,4,135.7,0,0,1,0,21,60,0
C265,10,4,1,138.9,1,1,1,0,17,95,0
C265,11,2,1,10.9,1,0,1,0,27,65,0
C265,12,1,2,51.3,0,0,1,0,21,71,0
C265,13,1,1,40.4,1,1,0,0,21,54,0
C265,14,0,0,0.0,0,0,0,0,41,15,0
C265,15,0,2,0.0,0,1,0,0,44,54,0
C265,16,0,0,0.0,0,0,1,0,30,22,0
C265,17,3,0,135.6,3,1,0,0,16,57,0
C265,18,2,2,33.2,0,0,1,0,24,41,0
C265,19,0,0,8.0,0,0,0,0,30,87,0
C265,20,1,0,0.0,0,1,0,0,34,84,0
C265,21,1,0,65.2,1,0,0,0,17,33,0
C265,22,1,2,0.0,1,1,0,0,18,81,0
C265,23,4,4,63.2,1,1,1,0,17,87,0
C265,24,0,0,0.0,1,0,0,0,36,101,0
C265,25,6,2,174.6,4,2,1,0,11,86,0
C265,26,1,1,26.3,0,1,0,0,24,89,0
C265,27,0,0,21.1,0,0,0,0,49,29,0
C265,28,5,4,130.8,1,0,0,0,21,80,0
C265,29,3,2,73.0,1,1,2,0,17,43,0
C265,30,3,1,132.6,2,1,2,0,20,33,0
C265,31,2,0,80.3,1,0,0,0,37,75,0
C265,32,5,1,135.3,1,1,2,0,27,75,0
C266,1,14,7,503.7,7,2,5,0,17,14,0
C266,2,8,3,230.9,2,1,1,0,18,86,0
C266,3,2,0,56.4,4,1,1,0,21,45,0
C266,4,8,2,303.2,5,1,1,0,19,26,0
C266,5,13,7,283.6,4,1,3,0,8,38,0
C266,6,12,5,342.7,9,2,5,0,21,59,0
C266,7,10,4,262.1,5,2,1,0,18,76,0
C266,8,9,2,327.5,7,0,2,0,15,28,0
C266,9,9,4,172.2,5,0,3,0,40,23,0
C266,10,5,2,107.2,0,0,1,0,27,24,0
C266,11,11,7,334.4,5,1,2,0,9,13,0
C266,12,12,7,351.2,4,2,1,0,20,81,0
C266,13,7,6,127.2,1,1,2,0,14,35,0
C266,14,8,3,278.9,4,1,8,0,19,57,0
C266,15,19,7,505.2,13,3,5,0,28,87,0
C266,16,8,6,279.1,6,1,2,0,20,86,0
C266,17,9,5,363.8,6,2,3,0,11,78,0
C266,18,5,3,156.3,0,0,1,0,19,101,0
C266,19,11,6,240.0,2,0,4,0,10,15,0
C266,20,12,7,331.9,3,0,5,0,8,55,0
C266,21,16,7,450.6,7,1,7,0,1,57,0
C266,22,14,7,419.8,2,1,4,0,12,86,0
C266,23,10,5,312.6,5,1,6,0,19,29,0
C266,24,7,4,210.9,2,1,1,0,18,60,0
C266,25,22,7,763.1,6,2,8,0,25,39,0
C266,26,12,7,402.3,7,1,5,0,23,76,0
C266,27,12,6,462.1,4,3,4,0,5,17,0
C266,28,10,6,331.7,5,1,3,0,11,84,0
C266,29,10,6,268.1,7,2,0,0,12,13,0
C266,30,11,5,198.9,7,2,7,0,9,83,0
C266,31,7,6,123.1,4,1,1,0,12,12,0
C266,32,15,6,425.8,2,0,6,0,8,78,1
C267,1,8,4,279.1,5,1,2,0,11,73,0
C267,2,13,7,326.2,3,1,4,0,9,68,0
C267,3,12,5,433.3,7,1,4,0,9,49,0
C267,4,15,6,392.9,4,2,1,0,16,89,0
C267,5,8,4,278.4,8,0,4,0,11,86,0
C267,6,14,7,285.2,11,3,1,1,2,70,0
C267,7,13,6,407.6,6,1,3,0,5,63,0
C267,8,12,6,313.7,4,1,3,0,9,53,0
C267,9,17,7,495.5,14,3,8,0,10,101,0
C267,10,10,5,233.4,5,3,6,0,6,42,0
C267,11,9,4,177.0,4,0,1,0,16,103,0
C267,12,13,7,279.2,9,2,1,0,11,31,0
C267,13,12,6,399.4,3,2,7,0,9,74,0
C267,14,10,6,326.1,4,1,1,0,11,65,0
C267,15,12,7,379.2,6,0,4,0,6,35,0
C267,16,15,5,272.0,2,0,6,0,15,101,0
C267,17,20,7,573.9,11,2,6,0,12,50,0
C267,18,20,7,495.2,9,2,6,0,7,50,0
C267,19,11,4,147.2,6,1,4,0,15,72,0
C267,20,4,2,109.5,4,0,1,0,33,68,0
C267,21,12,7,346.9,2,1,1,0,21,92,0
C267,22,9,4,195.1,2,0,4,0,15,17,0
C267,23,5,4,90.0,5,2,2,0,18,59,0
C267,24,11,5,336.0,3,1,1,0,14,14,0
C267,25,9,2,310.8,6,1,6,0,11,85,0
C267,26,8,6,189.5,1,0,2,0,12,24,0
C267,27,14,6,434.0,6,1,5,0,6,49,0
C267,28,6,4,100.1,2,0,1,0,14,73,0
C267,29,11,7,295.6,2,1,3,0,17,24,0
C267,30,14,6,307.9,1,1,6,0,28,81,0
C267,31,15,6,390.5,7,1,5,0,11,25,0
C267,32,15,6,327.0,5,2,6,0,3,89,0
C268,1,9,4,128.2,2,1,3,0,8,75,0
C268,2,6,3,267.6,3,1,3,0,26,20,0
C268,3,12,6,366.7,6,4,7,0,7,55,0
C268,4,11,6,188.5,4,2,0,0,20,85,0
C268,5,6,4,102.5,4,0,4,0,13,60,0
C268,6,7,4,264.8,7,2,0,0,10,15,0
C268,7,12,6,316.1,3,1,4,0,13,81,0
C268,8,5,1,187.1,1,0,2,0,16,17,0
C268,9,12,6,340.1,11,4,5,0,6,88,0
C268,10,7,3,203.1,1,1,2,0,12,35,0
C268,11,8,3,263.3,3,0,2,0,27,101,0
C268,12,6,2,189.0,3,1,1,0,19,58,0
C268,13,5,2,98.5,2,0,1,0,24,88,0
C268,14,13,7,419.9,5,3,6,0,4,101,0
C268,15,11,5,250.3,4,2,2,0,6,28,0
C268,16,6,2,158.2,0,0,3,0,19,37,0
C268,17,11,5,362.7,8,2,3,0,18,92,0
C268,18,7,5,173.6,4,0,2,0,25,23,0
C268,19,8,4,230.9,8,2,3,0,15,30,0
C268,20,12,6,273.9,10,2,3,0,6,43,0
C268,21,12,5,290.7,8,1,3,0,13,52,0
C268,22,9,3,291.3,5,2,5,0,23,69,0
C268,23,6,4,204.2,3,1,1,0,13,104,0
C268,24,17,6,442.9,10,2,9,0,4,19,0
C268,25,13,7,208.9,10,2,4,1,7,61,0
C268,26,7,3,228.5,3,2,3,0,12,65,0
C268,27,9,5,262.6,4,2,4,0,13,19,0
C268,28,8,3,220.8,5,1,0,0,13,95,0
C268,29,8,5,207.3,3,2,1,0,15,23,0
C268,30,12,7,376.5,3,0,1,0,17,71,0
C268,31,6,3,244.3,3,0,3,0,15,95,0
C268,32,4,2,125.0,1,0,1,0,18,92,1
C269,1,7,2,203.5,2,1,2,0,12,68,0
C269,2,5,3,163.5,3,1,3,0,23,102,0
C269,3,7,4,167.3,8,3,2,0,17,69,0
C269,4,3,3,52.9,1,0,0,0,22,60,0
C269,5,3,1,73.9,3,2,2,0,29,41,0
C269,6,6,3,162.7,3,0,0,0,18,34,0
C269,7,2,1,66.6,2,0,0,0,22,37,0
C269,8,6,1,151.4,7,2,2,0,13,85,0
C269,9,9,5,121.1,7,1,3,0,23,91,0
C269,10,9,4,264.9,3,1,3,0,22,74,0
C269,11,6,3,196.9,3,0,1,0,21,102,0
C269,12,2,2,61.9,0,0,0,0,18,80,0
C269,13,9,4,271.4,7,1,1,0,18,56,0
C269,14,9,6,256.9,2,0,1,0,19,37,0
C269,15,4,0,88.7,2,0,0,0,17,75,0
C269,16,5,3,184.2,1,1,3,0,26,20,0
C269,17,9,5,225.7,6,0,6,0,26,29,0
C269,18,9,6,284.4,1,0,1,0,24,96,0
C269,19,8,2,150.5,8,2,4,0,18,37,0
C269,20,5,3,184.1,1,0,2,0,13,63,0
C269,21,3,1,62.0,0,0,0,0,20,85,0
C269,22,6,1,141.0,6,1,1,0,15,64,0
C269,23,2,3,52.8,1,0,1,0,24,24,0
C269,24,4,1,136.5,1,1,0,0,18,79,0
C269,25,4,1,77.5,1,0,1,0,15,89,0
C269,26,3,1,79.5,0,1,1,0,17,75,0
C269,27,10,3,123.8,6,0,3,0,12,33,0
C269,28,5,2,112.4,1,1,3,0,19,98,0
C269,29,9,4,266.2,2,0,3,0,12,43,0
C269,30,6,1,139.4,1,0,1,0,18,88,0
C269,31,7,4,211.3,4,2,1,0,24,104,0
C269,32,5,3,158.2,3,0,0,1,19,85,0
C270,1,8,4,160.8,5,2,3,0,17,84,0
C270,2,5,4,102.7,1,0,2,0,36,24,0
C270,3,9,4,251.7,6,1,4,0,17,37,0
C270,4,4,4,125.0,1,0,0,0,13,56,0
C270,5,3,0,74.0,0,0,0,0,23,21,0
C270,6,10,6,413.9,6,1,4,0,25,47,0
C270,7,9,4,235.7,5,1,1,0,13,30,0
C270,8,11,6,226.1,4,2,1,0,14,43,0
C270,9,5,3,174.4,2,1,2,0,22,96,0
C270,10,8,5,124.2,2,0,1,0,11,98,0
C270,11,4,2,77.2,1,0,2,0,21,69,0
C270,12,15,6,422.5,3,0,5,0,10,28,0
C270,13,3,1,69.9,2,0,0,0,25,100,0
C270,14,7,6,245.7,2,1,0,0,13,92,0
C270,15,8,2,158.5,6,1,1,0,16,19,0
C270,16,10,4,284.8,7,0,3,0,8,35,0
C270,17,3,0,79.5,1,0,3,0,20,54,0
C270,18,4,3,147.9,1,0,0,0,28,76,0
C270,19,5,4,106.8,0,1,0,0,24,84,0
C270,20,8,4,345.6,3,1,3,0,23,56,0
C270,21,4,3,102.4,3,1,1,0,28,72,0
C270,22,13,7,476.4,4,1,0,0,13,97,0
C270,23,4,5,115.5,1,0,0,0,18,63,0
C270,24,9,4,269.1,6,1,2,0,12,23,0
C270,25,8,3,192.5,8,2,3,0,25,45,0
C270,26,11,5,218.1,4,1,3,0,12,49,0
C270,27,6,6,177.6,2,0,0,0,12,84,0
C270,28,6,3,289.0,0,0,0,0,20,71,0
C270,29,8,5,189.3,3,0,2,0,32,41,0
C270,30,14,6,519.3,8,1,5,0,10,89,0
C270,31,8,2,384.1,8,2,2,0,13,50,0
C270,32,8,4,161.1,3,0,3,0,9,40,0
C271,1,10,7,334.0,3,3,1,0,9,55,0
C271,2,11,4,348.4,6,3,2,0,14,67,0
C271,3,14,6,250.4,7,3,6,0,15,84,0
C271,4,12,5,267.6,5,1,4,0,13,43,0
C271,5,13,7,430.7,7,4,4,0,23,39,0
C271,6,11,6,306.3,6,3,0,0,11,72,0
C271,7,9,4,285.4,2,2,5,0,10,101,0
C271,8,6,1,127.0,4,4,4,0,15,47,0
C271,9,14,7,323.1,6,4,6,0,12,75,0
C271,10,8,5,243.9,3,2,1,0,16,49,0
C271,11,15,6,584.7,5,3,7,0,5,48,0
C271,12,15,7,388.0,6,4,3,0,3,32,0
C271,13,11,6,254.2,6,1,5,0,20,49,0
C271,14,6,2,229.8,2,0,2,0,19,32,0
C271,15,13,6,458.7,4,3,8,0,4,82,0
C271,16,10,6,280.9,4,3,1,0,11,85,0
C271,17,12,6,319.6,3,1,5,0,23,81,0
C271,18,10,7,245.2,3,1,1,0,21,70,0
C271,19,10,4,227.5,7,3,4,0,13,75,0
C271,20,11,7,386.5,4,3,4,0,16,94,0
C271,21,8,3,161.0,2,0,3,0,17,58,0
C271,22,12,7,445.0,4,0,2,0,9,93,0
C271,23,16,7,545.4,6,2,5,0,19,39,0
C271,24,9,4,200.3,3,1,3,0,16,30,0
C271,25,10,6,158.6,5,3,0,0,11,79,0
C271,26,13,7,247.9,7,4,0,0,10,59,0
C271,27,13,7,228.8,13,4,2,0,12,51,0
C271,28,7,4,138.8,1,0,4,0,17,68,0
C271,29,10,5,247.8,0,1,2,0,15,80,0
C271,30,4,2,103.5,1,0,1,0,18,47,0
C271,31,9,5,182.7,9,5,4,0,17,68,0
C271,32,10,7,217.9,4,2,2,0,10,15,0
C272,1,9,4,147.9,5,3,3,0,15,95,0
C272,2,6,3,184.6,1,0,2,0,22,103,0
C272,3,5,3,248.2,3,1,4,0,13,71,0
C272,4,7,2,246.7,7,1,1,0,12,25,0
C272,5,15,6,280.8,6,2,4,0,12,20,0
C272,6,10,4,170.5,8,4,4,0,11,18,0
C272,7,7,5,200.8,4,0,1,0,11,32,0
C272,8,6,2,198.5,2,0,2,0,26,43,0
C272,9,6,4,211.4,3,0,2,0,20,72,0
C272,10,7,3,204.1,1,0,1,0,13,101,0
C272,11,10,4,294.8,4,2,2,0,42,12,0
C272,12,9,5,280.0,7,1,1,0,11,53,0
C272,13,10,6,309.5,6,0,1,0,10,44,0
C272,14,11,6,312.7,3,1,4,0,29,72,0
C272,15,6,1,200.0,4,2,0,0,16,20,0
C272,16,9,6,215.9,8,2,3,0,17,22,0
C272,17,5,2,131.8,2,0,1,0,19,63,0
C272,18,3,0,65.6,0,0,1,0,27,89,0
C272,19,5,2,163.6,0,0,2,0,16,43,0
C272,20,4,2,72.7,1,0,0,0,13,24,0
C272,21,9,6,240.7,6,2,4,0,9,19,0
C272,22,8,5,165.4,3,0,1,0,16,30,0
C272,23,6,2,174.4,3,1,1,0,25,94,0
C272,24,8,3,290.9,3,2,4,0,13,70,0
C272,25,9,5,348.5,4,1,3,0,20,58,0
C272,26,12,6,463.4,4,0,7,0,7,76,0
C272,27,6,4,205.1,2,1,3,0,17,76,0
C272,28,14,6,227.4,12,2,4,0,17,80,0
C272,29,2,0,83.2,1,0,0,0,27,63,0
C272,30,6,2,119.8,2,1,4,0,13,36,0
C272,31,11,5,249.5,5,1,7,0,13,26,0
C272,32,12,6,368.9,7,2,4,0,10,39,1
C273,1,13,7,371.3,6,2,5,0,4,83,0
C273,2,7,4,195.0,5,1,0,0,11,81,0
C273,3,14,7,140.9,9,1,2,0,14,54,0
C273,4,15,7,542.0,4,0,7,0,12,33,0
C273,5,10,4,149.2,4,1,5,0,9,40,0
C273,6,14,7,299.8,11,2,3,0,6,75,0
C273,7,12,7,358.6,2,1,3,0,14,52,0
C273,8,5,3,168.1,2,0,1,0,20,82,0
C273,9,13,7,155.6,2,1,2,0,9,73,0
C273,10,13,7,476.9,6,0,5,0,7,68,0
C273,11,10,6,348.0,5,1,4,0,8,65,0
C273,12,8,6,212.2,4,0,5,0,18,54,0
C273,13,10,4,217.8,3,1,3,0,26,48,0
C273,14,13,7,167.1,5,1,3,0,22,81,0
C273,15,11,7,406.2,3,0,3,0,9,48,0
C273,16,8,5,246.4,4,1,3,0,16,49,0
C273,17,9,5,246.9,4,0,3,0,10,40,0
C273,18,10,5,245.1,1,0,3,0,14,29,0
C273,19,9,4,308.6,3,1,5,0,31,62,0
C273,20,3,0,102.1,1,0,0,0,27,57,0
C273,21,8,4,274.7,7,0,2,0,14,34,0
C273,22,12,6,200.8,3,2,8,0,10,68,0
C273,23,6,4,178.0,2,0,3,0,11,16,0
C273,24,15,7,579.4,8,1,7,0,10,60,0
C273,25,12,7,335.9,8,1,3,0,8,25,0
C273,26,4,0,69.3,1,0,1,0,28,22,0
C273,27,12,3,355.1,5,1,5,0,14,101,0
C273,28,12,6,413.6,5,1,4,0,16,96,0
C273,29,13,7,387.0,10,2,4,0,14,24,0
C273,30,16,7,550.4,3,0,6,0,12,43,0
C273,31,10,4,235.7,6,1,3,0,19,78,0
C273,32,11,4,278.8,6,0,3,0,15,79,0
C274,1,11,5,357.1,5,3,3,1,10,72,0
C274,2,12,6,401.0,6,2,7,1,7,26,0
C274,3,10,5,215.6,6,1,4,0,27,91,0
C274,4,13,6,536.2,5,1,4,0,3,80,0
C274,5,10,5,259.2,6,0,5,0,10,77,0
C274,6,10,5,457.7,3,1,2,0,16,17,0
C274,7,12,6,302.2,5,2,4,0,5,36,0
C274,8,10,5,290.4,7,2,6,0,8,86,0
C274,9,6,3,253.3,1,0,0,0,32,50,0
C274,10,16,7,478.1,4,0,2,0,0,44,0
C274,11,11,7,285.9,3,1,4,0,10,103,0
C274,12,6,4,175.6,2,1,0,0,23,47,0
C274,13,8,3,238.5,4,2,4,0,15,20,0
C274,14,8,4,245.1,6,1,2,0,11,49,0
C274,15,6,5,240.2,3,2,0,0,19,23,0
C274,16,9,5,151.0,3,1,4,0,24,23,0
C274,17,15,6,284.2,7,4,3,0,15,100,0
C274,18,6,5,109.0,8,2,2,0,12,35,0
C274,19,11,6,263.1,6,1,3,0,12,56,0
C274,20,7,4,274.5,3,1,1,0,21,68,0
C274,21,11,7,369.4,3,0,1,0,8,88,0
C274,22,9,5,255.9,6,2,1,0,25,71,0
C274,23,7,6,240.3,4,1,3,0,15,59,0
C274,24,6,0,248.4,2,1,1,0,17,93,0
C274,25,0,0,35.2,0,0,0,0,32,32,0
C274,26,1,0,0.0,1,0,0,0,27,48,0
C274,27,1,0,14.2,0,0,1,0,22,44,0
C274,28,0,0,23.7,0,0,2,0,33,96,0
C274,29,0,0,44.4,0,0,0,0,34,22,0
C274,30,0,0,0.0,0,0,0,0,40,16,0
C274,31,0,0,0.0,0,1,0,0,41,38,0
C274,32,2,0,85.8,0,0,0,0,26,31,1
C275,1,2,1,54.7,0,0,0,0,26,102,0
C275,2,3,0,85.8,1,1,1,0,20,46,0
C275,3,8,6,354.4,3,3,0,0,21,16,0
C275,4,13,6,418.8,6,3,2,0,7,101,0
C275,5,6,1,255.3,2,1,1,1,12,45,0
C275,6,6,5,127.4,3,1,0,0,15,57,0
C275,7,5,1,111.4,3,3,2,0,27,33,0
C275,8,1,0,43.6,0,1,0,0,32,29,0
C275,9,8,3,205.6,1,0,4,0,25,27,0
C275,10,6,3,175.2,1,0,3,0,13,95,0
C275,11,4,1,129.5,2,1,2,0,18,23,0
C275,12,4,2,155.7,4,2,2,0,15,36,0
C275,13,4,3,148.4,2,0,4,0,17,88,0
C275,14,5,2,138.7,2,1,1,0,16,46,0
C275,15,4,1,92.8,2,0,1,0,19,23,0
C275,16,3,1,75.6,1,1,1,0,39,99,0
C275,17,8,2,59.8,1,0,1,0,20,49,0
C275,18,4,0,100.6,2,1,0,0,15,23,0
C275,19,7,4,199.3,4,3,3,0,18,25,0
C275,20,5,1,102.7,2,1,1,0,14,58,0
C275,21,1,2,0.0,1,0,0,0,19,13,0
C275,22,5,4,110.3,2,1,0,0,14,40,0
C275,23,5,2,148.5,3,2,4,0,19,13,0
C275,24,9,5,219.5,3,2,4,0,23,102,0
C275,25,4,4,129.8,2,0,2,0,17,84,0
C275,26,5,2,109.0,3,0,1,0,20,74,0
C275,27,4,2,176.8,3,2,2,0,16,57,0
C275,28,1,0,4.6,0,0,1,0,29,36,0
C275,29,4,1,122.4,0,0,2,0,16,80,0
C275,30,11,6,354.8,6,2,6,0,6,67,0
C275,31,2,2,92.0,2,1,1,0,23,101,0
C275,32,1,0,72.7,0,0,0,0,23,63,0
C276,1,9,5,153.8,8,1,2,0,13,96,0
C276,2,10,6,240.9,8,5,3,0,14,60,0
C276,3,12,7,488.3,5,0,3,0,12,17,0
C276,4,8,2,194.8,5,1,2,0,8,96,0
C276,5,11,6,308.3,8,1,5,0,15,39,0
C276,6,9,4,289.2,2,0,2,0,11,77,0
C276,7,7,1,234.9,2,0,2,0,11,98,0
C276,8,8,3,299.0,2,0,1,0,11,66,0
C276,9,14,6,574.5,3,2,4,0,21,103,0
C276,10,11,7,266.3,2,0,1,0,18,54,0
C276,11,10,5,276.7,8,2,5,0,14,24,0
C276,12,9,5,365.2,2,0,1,0,12,95,0
C276,13,10,5,282.6,5,0,1,0,12,64,0
C276,14,5,3,163.0,5,1,0,0,15,75,0
C276,15,11,6,310.3,6,0,2,1,5,101,0
C276,16,3,1,96.6,1,0,1,0,24,61,0
C276,17,1,0,0.0,0,0,1,0,32,101,0
C276,18,2,0,38.5,0,0,0,0,18,35,0
C276,19,5,2,130.3,2,1,0,0,28,91,0
C276,20,6,4,170.8,2,0,1,0,17,75,0
C276,21,3,2,91.8,1,1,1,0,19,19,0
C276,22,5,3,111.9,0,0,1,0,16,23,0
C276,23,8,6,137.1,5,0,3,0,15,19,0
C276,24,4,3,78.9,3,2,1,1,22,12,0
C276,25,5,1,132.2,2,0,2,0,13,76,0
C276,26,8,6,314.2,6,1,3,0,19,31,0
C276,27,3,1,67.8,2,0,1,0,24,49,0
C276,28,2,3,60.6,1,1,1,0,34,49,0
C276,29,0,0,0.0,0,1,2,0,36,15,0
C276,30,1,0,0.2,0,0,1,0,28,44,0
C276,31,1,0,28.8,0,0,0,0,27,31,0
C276,32,0,2,0.0,0,0,1,0,31,62,1
C277,1,7,4,155.9,5,3,4,0,21,75,0
C277,2,9,4,300.5,3,1,1,0,14,72,0
C277,3,13,7,364.3,7,3,4,0,8,61,0
C277,4,13,7,413.9,5,1,2,0,7,79,0
C277,5,18,6,767.8,10,1,5,0,12,27,0
C277,6,10,6,298.1,5,4,1,0,17,78,0
C277,7,9,5,277.2,9,3,2,1,20,36,0
C277,8,7,3,238.2,2,1,4,0,14,52,0
C277,9,7,4,234.1,0,0,7,0,19,25,0
C277,10,9,6,318.5,10,3,2,0,14,13,0
C277,11,9,3,186.9,5,2,3,0,39,88,0
C277,12,13,7,311.4,10,2,6,0,9,14,0
C277,13,13,7,299.4,10,3,4,0,21,103,0
C277,14,8,2,226.7,3,0,0,0,15,95,0
C277,15,12,7,397.2,7,2,0,0,20,92,0
C277,16,8,4,304.5,4,1,2,0,13,91,0
C277,17,4,1,65.5,2,0,0,0,26,64,0
C277,18,13,6,313.0,10,3,7,0,14,26,0
C277,19,7,1,291.8,1,0,4,0,19,83,0
C277,20,5,4,114.2,5,1,2,0,21,44,0
C277,21,6,2,221.3,0,0,3,0,17,48,0
C277,22,6,3,116.5,5,1,1,0,30,80,0
C277,23,4,3,117.2,1,1,3,0,21,81,0
C277,24,6,3,165.3,5,4,0,0,13,74,0
C277,25,5,3,173.5,3,1,0,0,21,83,0
C277,26,4,2,131.4,0,0,1,0,19,19,0
C277,27,14,7,569.0,7,2,5,0,1,29,0
C277,28,4,1,129.0,2,0,1,0,25,17,0
C277,29,10,4,245.7,2,0,1,0,21,38,0
C277,30,2,0,24.0,3,1,0,0,18,90,0
C277,31,4,3,168.0,1,0,0,0,27,71,0
C277,32,3,1,98.9,1,0,3,0,21,59,1
C278,1,10,6,272.7,5,1,1,0,13,20,0
C278,2,13,7,420.2,7,2,7,1,13,77,0
C278,3,10,4,257.5,2,0,4,0,33,101,0
C278,4,10,6,293.2,4,2,2,0,8,63,0
C278,5,14,7,351.1,8,1,6,1,4,92,0
C278,6,15,6,248.1,8,3,3,0,5,14,0
C278,7,15,7,330.3,2,1,8,0,5,69,0
C278,8,7,1,142.3,5,2,4,0,11,66,0
C278,9,6,3,126.8,3,1,0,1,14,50,0
C278,10,6,2,44.9,1,1,2,1,18,63,0
C278,11,14,6,399.9,5,3,3,0,10,44,0
C278,12,13,5,320.3,10,4,5,0,8,104,0
C278,13,7,3,95.1,5,1,6,0,12,16,0
C278,14,11,6,168.4,3,0,3,0,17,68,0
C278,15,9,1,271.6,5,0,4,0,13,75,0
C278,16,12,4,413.8,4,1,2,0,17,71,0
C278,17,6,3,194.2,5,0,2,0,13,84,0
C278,18,11,4,346.4,2,0,1,1,19,48,0
C278,19,11,7,398.0,3,0,1,0,17,84,0
C278,20,9,6,284.5,6,2,3,0,13,41,0
C278,21,12,7,340.0,8,1,6,1,22,17,0
C278,22,9,3,204.6,5,0,1,0,11,104,0
C278,23,4,1,96.1,1,0,1,0,26,83,0
C278,24,3,1,72.2,1,0,0,1,24,26,0
C278,25,3,1,69.7,2,2,1,0,18,34,0
C278,26,2,2,26.4,1,1,0,0,22,101,0
C278,27,0,0,4.4,0,0,0,1,31,58,0
C278,28,1,1,25.7,1,1,0,0,19,27,0
C278,29,0,0,0.0,0,0,0,0,32,83,0
C278,30,1,0,38.5,0,0,0,0,18,75,0
C278,31,0,0,0.0,0,0,0,0,41,28,0
C278,32,0,0,21.0,0,0,0,0,29,50,1
C279,1,3,1,137.9,1,1,2,0,35,97,0
C279,2,2,1,85.1,1,1,0,0,23,51,0
C279,3,3,1,46.8,2,0,1,0,23,102,0
C279,4,2,0,48.2,1,0,0,0,22,84,0
C279,5,4,1,69.1,0,0,0,0,27,53,0
C279,6,3,0,66.2,0,0,0,0,21,91,0
C279,7,3,0,36.3,1,0,1,0,31,55,0
C279,8,1,1,29.4,1,0,0,0,19,47,0
C279,9,1,0,11.8,0,0,0,1,34,41,0
C279,10,2,1,77.8,3,1,2,0,25,72,0
C279,11,4,2,67.3,0,0,0,0,16,18,0
C279,12,1,0,61.0,0,0,0,0,38,19,0
C279,13,1,1,0.0,2,0,0,0,32,102,0
C279,14,1,0,6.1,2,1,0,0,17,67,0
C279,15,0,0,25.8,0,1,0,0,36,17,0
C279,16,2,0,45.3,0,1,0,0,18,64,0
C279,17,3,1,72.3,2,1,0,0,39,34,0
C279,18,1,1,94.9,1,0,0,0,27,82,0
C279,19,4,2,96.0,1,0,2,0,28,86,0
C279,20,6,2,95.1,6,2,1,0,13,75,0
C279,21,2,0,9.8,1,0,0,0,24,91,0
C279,22,1,0,45.4,2,1,0,0,26,89,0
C279,23,3,1,87.8,2,1,0,0,24,14,0
C279,24,0,0,51.4,0,0,0,0,30,82,0
C279,25,2,0,31.0,0,1,0,0,27,73,0
C279,26,1,0,16.8,1,1,2,0,37,18,0
C279,27,0,0,0.0,0,0,0,0,39,24,0
C279,28,0,0,1.3,0,0,0,0,29,14,0
C279,29,2,2,68.0,0,0,1,0,24,84,0
C279,30,1,1,37.5,0,0,0,0,19,55,0
C279,31,1,0,49.0,0,0,0,0,20,33,0
C279,32,1,1,6.1,0,0,0,0,20,100,0
C280,1,2,0,104.8,2,2,0,0,20,67,0
C280,2,8,4,260.0,6,2,4,0,13,79,0
C280,3,2,0,0.0,1,0,2,0,21,19,0
C280,4,1,2,26.7,0,1,0,0,18,71,0
C280,5,5,3,205.5,3,1,2,0,15,16,0
C280,6,10,4,425.2,5,3,3,0,7,48,0
C280,7,4,0,109.4,1,1,2,0,20,55,0
C280,8,2,0,25.9,1,1,0,0,29,102,0
C280,9,2,2,93.5,0,1,1,0,24,45,0
C280,10,6,2,130.6,0,1,2,0,15,82,0
C280,11,0,0,16.0,0,0,0,0,36,102,0
C280,12,0,0,0.0,0,1,0,0,33,81,0
C280,13,3,1,108.6,1,0,0,0,29,53,0
C280,14,3,0,93.5,4,1,1,0,23,33,0
C280,15,4,3,160.1,4,2,0,0,39,86,0
C280,16,3,5,111.5,2,1,1,0,18,104,0
C280,17,2,0,80.2,1,1,2,0,21,77,0
C280,18,3,0,125.2,1,1,2,0,27,102,0
C280,19,3,0,37.1,2,2,0,0,30,37,0
C280,20,6,4,187.8,1,0,1,0,19,80,0
C280,21,6,4,125.4,2,0,5,0,16,20,0
C280,22,2,0,103.1,0,1,0,0,18,30,0
C280,23,2,1,52.7,0,0,2,0,28,66,0
C280,24,3,0,114.4,2,2,0,0,16,41,0
C280,25,0,1,0.0,0,1,0,0,34,79,0
C280,26,1,0,17.7,0,0,0,0,45,95,0
C280,27,1,0,39.2,0,1,0,0,22,102,0
C280,28,1,0,0.0,2,1,0,0,28,77,0
C280,29,3,2,38.2,0,0,1,0,31,55,0
C280,30,1,1,0.0,1,1,0,0,22,27,0
C280,31,3,0,42.8,0,0,2,0,17,77,0
C280,32,0,0,0.0,0,0,0,0,36,22,1
C281,1,8,6,218.0,3,2,1,0,10,87,0
C281,2,2,1,60.6,1,0,0,0,20,50,0
C281,3,8,5,231.2,1,0,2,1,16,96,0
C281,4,8,7,130.7,3,1,3,0,14,56,0
C281,5,7,4,207.8,3,1,2,0,14,73,0
C281,6,8,2,142.8,3,2,1,0,14,61,0
C281,7,9,5,299.6,10,4,2,0,12,22,0
C281,8,8,5,274.9,6,1,3,0,27,55,0
C281,9,9,4,98.1,6,1,3,0,20,50,0
C281,10,6,2,186.8,4,1,1,0,18,48,0
C281,11,6,4,131.8,2,0,4,0,12,94,0
C281,12,0,0,0.0,0,1,0,0,31,89,0
C281,13,6,4,207.8,4,0,2,0,20,21,0
C281,14,4,3,64.7,5,2,0,0,17,87,0
C281,15,6,3,140.0,2,0,3,0,17,94,0
C281,16,7,4,260.3,5,2,3,0,19,74,0
C281,17,4,3,148.9,4,2,0,0,19,46,0
C281,18,2,1,28.8,1,1,0,0,19,49,0
C281,19,10,3,291.0,4,1,0,0,11,46,0
C281,20,7,4,251.7,3,1,4,0,15,62,0
C281,21,8,4,163.6,8,4,3,0,10,41,0
C281,22,4,3,145.1,0,0,4,0,14,66,0
C281,23,2,2,64.8,1,0,1,0,29,18,0
C281,24,4,1,119.4,0,0,2,0,18,88,0
C281,25,5,1,120.6,0,0,1,0,16,103,0
C281,26,7,4,120.2,2,0,2,0,25,68,0
C281,27,11,6,269.6,6,2,3,0,10,89,0
C281,28,4,3,142.6,2,0,3,1,19,90,0
C281,29,7,4,200.2,3,0,3,0,31,99,0
C281,30,10,3,256.7,4,0,2,0,10,100,0
C281,31,5,3,119.4,3,0,1,0,36,73,0
C281,32,10,4,200.2,10,3,4,0,19,35,0
C282,1,6,1,170.3,4,1,2,0,46,56,0
C282,2,8,5,194.9,7,4,3,0,16,68,0
C282,3,7,1,186.3,8,1,3,1,15,78,0
C282,4,7,2,157.9,4,0,0,0,17,46,0
C282,5,9,5,297.3,4,0,1,0,15,23,0
C282,6,3,2,88.3,3,1,1,0,16,87,0
C282,7,5,2,242.3,2,0,2,0,13,57,0
C282,8,10,4,246.5,5,2,2,0,10,94,0
C282,9,11,6,384.9,0,0,2,0,11,50,0
C282,10,7,4,251.5,6,2,2,0,13,95,0
C282,11,8,4,201.4,5,2,1,0,12,30,0
C282,12,5,0,137.4,0,0,3,0,14,46,0
C282,13,4,3,119.8,1,0,0,0,33,57,0
C282,14,5,2,165.4,3,1,2,0,26,64,0
C282,15,7,4,198.2,3,0,3,0,20,62,0
C282,16,11,5,331.3,6,1,4,0,16,89,0
C282,17,7,5,116.3,3,0,3,0,14,95,0
C282,18,6,2,174.7,2,1,3,0,21,66,0
C282,19,9,4,321.4,2,0,4,0,10,52,0
C282,20,11,4,353.5,8,5,2,0,7,59,0
C282,21,14,7,370.5,4,1,6,0,5,66,0
C282,22,9,4,250.1,2,0,1,0,20,64,0
C282,23,5,2,132.3,6,3,4,0,15,44,0
C282,24,8,5,188.3,6,0,1,0,9,59,0
C282,25,6,4,207.6,1,0,3,0,13,49,0
C282,26,9,4,265.8,6,2,4,0,15,104,0
C282,27,11,6,238.0,7,3,5,0,9,68,0
C282,28,8,5,156.8,5,0,2,0,14,103,0
C282,29,6,3,180.2,0,0,2,0,26,18,0
C282,30,11,7,155.1,9,2,6,0,33,81,0
C282,31,7,4,249.7,2,0,2,0,13,26,0
C282,32,3,3,52.1,4,1,0,0,21,42,1
C283,1,5,4,143.0,1,0,2,0,13,34,0
C283,2,9,5,243.4,7,2,4,0,14,28,0
C283,3,4,2,113.3,3,1,2,0,17,81,0
C283,4,6,1,191.1,1,0,3,0,27,15,0
C283,5,9,5,281.6,8,3,1,0,9,45,0
C283,6,5,2,212.4,0,0,4,0,18,56,0
C283,7,9,5,221.6,3,0,4,1,36,15,0
C283,8,3,2,125.8,2,1,0,0,25,53,0
C283,9,4,2,110.9,0,0,1,0,21,31,0
C283,10,13,6,380.4,7,0,3,0,6,30,0
C283,11,10,5,271.0,3,1,5,0,21,15,0
C283,12,7,3,223.6,4,3,5,0,11,90,0
C283,13,3,3,79.7,0,1,3,0,18,60,0
C283,14,10,4,273.9,4,1,1,0,11,50,0
C283,15,3,0,70.9,1,0,2,0,17,71,0
C283,16,1,0,25.2,0,1,0,0,27,90,0
C283,17,5,4,125.5,3,0,3,0,20,41,0
C283,18,6,3,192.6,3,0,6,0,15,28,0
C283,19,8,5,227.2,3,1,3,0,14,84,0
C283,20,3,1,48.3,2,0,1,1,28,36,0
C283,21,6,2,149.4,0,0,4,0,14,30,0
C283,22,3,1,87.6,2,0,3,0,29,46,0
C283,23,4,3,60.0,1,1,1,0,21,41,0
C283,24,7,4,162.7,3,0,0,0,17,80,0
C283,25,6,3,220.2,1,0,4,0,20,24,0
C283,26,6,1,127.4,1,0,1,0,13,102,0
C283,27,8,3,170.9,3,0,1,0,17,41,0
C283,28,4,1,105.3,3,0,1,0,21,89,0
C283,29,8,3,252.2,3,0,1,0,16,89,0
C283,30,5,2,166.0,3,1,6,0,32,34,0
C283,31,6,2,234.2,4,1,0,0,27,67,0
C283,32,13,7,448.1,4,1,4,0,25,13,0
C284,1,11,4,307.8,3,1,4,0,12,49,0
C284,2,9,6,290.5,7,4,3,0,12,60,0
C284,3,2,1,70.1,2,1,0,0,34,34,0
C284,4,15,6,591.3,11,4,3,0,4,30,0
C284,5,12,7,224.3,5,1,2,0,12,61,0
C284,6,11,4,208.9,5,1,4,0,11,72,0
C284,7,18,5,426.3,12,3,7,0,5,83,0
C284,8,17,6,442.7,9,3,6,0,16,90,0
C284,9,15,6,540.7,9,4,4,0,7,74,0
C284,10,13,7,366.0,5,2,1,0,11,36,0
C284,11,11,6,329.3,7,3,1,0,9,43,0
C284,12,10,7,304.9,2,1,2,0,15,31,0
C284,13,13,7,347.4,7,4,4,0,16,62,0
C284,14,7,3,231.1,3,0,1,0,26,50,0
C284,15,7,2,91.5,3,1,1,0,21,38,0
C284,16,12,5,271.9,7,4,4,0,12,97,0
C284,17,10,7,271.1,6,2,2,0,12,96,0
C284,18,12,6,282.8,6,4,3,0,11,47,0
C284,19,6,3,130.9,5,2,2,0,15,17,0
C284,20,7,4,178.8,5,3,5,0,11,94,0
C284,21,7,3,70.1,6,2,4,0,17,90,0
C284,22,17,7,579.5,10,6,6,0,22,33,0
C284,23,10,5,297.1,7,4,5,0,16,58,0
C284,24,18,6,505.6,10,1,8,0,1,57,0
C284,25,7,4,157.4,2,0,5,0,12,66,0
C284,26,17,7,362.9,11,7,6,0,11,75,0
C284,27,8,3,226.3,4,2,2,0,11,90,0
C284,28,15,7,389.3,2,1,8,0,18,86,0
C284,29,10,5,394.2,5,0,0,0,12,79,0
C284,30,9,6,207.4,4,2,2,0,10,65,0
C284,31,6,5,96.2,2,2,2,0,17,97,0
C284,32,7,2,218.3,2,1,3,0,14,85,1
C285,1,9,3,241.9,3,1,4,0,12,32,0
C285,2,17,7,245.8,5,2,12,0,4,50,0
C285,3,12,6,370.2,6,1,7,0,9,67,0
C285,4,13,6,287.0,5,2,6,0,11,45,0
C285,5,7,4,220.9,3,2,0,1,18,24,0
C285,6,9,5,328.8,3,1,4,0,14,18,0
C285,7,11,5,402.4,7,1,4,0,20,45,0
C285,8,10,6,181.4,5,2,7,0,16,65,0
C285,9,11,6,255.4,3,0,2,0,12,83,0
C285,10,10,6,449.9,3,0,1,0,11,91,0
C285,11,10,6,151.8,6,3,6,0,23,74,0
C285,12,14,7,335.5,5,0,5,0,10,53,0
C285,13,6,3,192.1,1,0,0,1,18,98,0
C285,14,8,4,246.4,1,0,6,0,16,64,0
C285,15,12,6,444.3,7,2,3,0,24,65,0
C285,16,8,5,75.8,1,1,1,0,15,17,0
C285,17,7,6,129.2,3,2,0,0,20,63,0
C285,18,5,4,231.5,1,0,1,0,16,17,0
C285,19,10,7,314.1,5,0,1,0,20,93,0
C285,20,9,4,353.0,4,0,3,0,28,43,0
C285,21,13,7,441.0,5,2,3,0,9,62,0
C285,22,10,3,254.8,8,3,3,0,16,79,0
C285,23,8,5,218.3,0,1,5,0,12,28,0
C285,24,4,1,194.8,2,1,2,0,26,21,0
C285,25,0,0,29.8,0,0,0,0,34,99,0
C285,26,1,1,12.8,1,1,0,0,20,91,0
C285,27,1,0,24.5,0,0,0,0,31,45,0
C285,28,2,0,51.5,0,0,0,0,23,26,0
C285,29,0,1,5.5,0,0,0,0,35,81,0
C285,30,0,0,0.0,1,0,0,0,32,18,0
C285,31,1,0,67.2,0,0,0,0,19,39,0
C285,32,1,0,24.4,0,1,0,0,18,26,0
C286,1,14,6,284.6,7,2,5,0,3,76,0
C286,2,13,7,378.0,9,1,8,0,10,99,0
C286,3,9,6,236.2,2,0,1,0,8,45,0
C286,4,13,7,365.4,3,0,5,0,15,92,0
C286,5,5,4,175.1,3,0,1,0,13,16,0
C286,6,21,7,541.1,9,2,5,0,6,79,0
C286,7,5,1,119.1,2,0,1,0,13,13,0
C286,8,10,6,285.0,4,1,0,0,29,99,0
C286,9,8,4,235.1,3,0,4,0,48,84,0
C286,10,3,2,88.8,1,1,2,0,20,25,0
C286,11,10,6,304.8,2,1,4,0,9,66,0
C286,12,8,6,304.1,4,0,2,0,15,41,0
C286,13,10,4,316.9,5,1,5,0,15,22,0
C286,14,10,6,226.1,1,0,3,0,16,18,0
C286,15,17,4,378.4,6,2,12,0,1,54,0
C286,16,9,5,114.2,2,1,3,0,12,18,0
C286,17,9,6,271.4,4,1,3,0,14,67,0
C286,18,9,4,217.8,5,0,5,0,17,68,0
C286,19,12,6,365.9,4,1,2,0,9,62,0
C286,20,6,5,169.1,3,0,3,0,14,41,0
C286,21,5,4,161.0,2,0,2,0,18,56,0
C286,22,6,1,121.9,1,0,2,0,35,88,0
C286,23,8,4,225.9,5,1,1,0,18,66,0
C286,24,18,7,568.3,8,1,8,0,27,65,0
C286,25,5,2,78.8,2,0,1,0,31,17,0
C286,26,11,7,276.6,7,4,4,0,6,21,0
C286,27,8,1,243.7,3,1,3,0,24,22,0
C286,28,8,5,206.6,1,1,4,0,18,96,0
C286,29,1,1,18.8,0,0,2,0,29,20,0
C286,30,4,1,98.0,1,0,1,0,14,16,0
C286,31,9,6,130.9,3,0,4,0,15,45,0
C286,32,3,1,90.5,3,2,2,0,17,62,1
C287,1,7,2,164.1,0,1,4,0,14,24,0
C287,2,6,3,160.6,1,0,3,0,11,83,0
C287,3,5,4,140.4,4,3,1,0,22,88,0
C287,4,9,4,312.5,8,4,1,0,11,32,0
C287,5,8,6,241.5,4,2,3,0,19,75,0
C287,6,13,6,425.3,6,2,5,0,24,79,0
C287,7,7,1,233.3,5,3,1,0,18,30,0
C287,8,7,2,266.1,1,0,2,0,24,67,0
C287,9,9,4,283.3,8,3,0,0,11,35,0
C287,10,7,3,262.1,4,0,1,0,15,98,0
C287,11,6,4,141.4,2,0,0,0,30,58,0
C287,12,7,3,178.1,5,2,3,0,14,101,0
C287,13,6,2,125.3,3,2,3,0,23,96,0
C287,14,12,5,440.0,8,4,5,0,6,68,0
C287,15,7,2,174.0,3,2,4,0,20,77,0
C287,16,8,2,218.1,5,2,1,0,12,51,0
C287,17,4,4,99.3,2,2,2,0,26,55,0
C287,18,13,7,473.8,4,1,3,0,15,42,0
C287,19,11,6,383.5,3,2,3,0,17,29,0
C287,20,10,5,369.3,6,3,3,0,22,12,0
C287,21,5,0,128.3,1,1,1,0,16,72,0
C287,22,10,5,401.5,7,3,2,0,15,70,0
C287,23,3,1,118.7,4,0,0,0,19,72,0
C287,24,7,3,227.6,4,1,1,0,34,35,0
C287,25,7,5,254.0,5,2,1,0,19,80,0
C287,26,4,1,123.7,1,1,2,0,26,57,0
C287,27,5,1,118.9,4,3,4,0,20,98,0
C287,28,9,3,261.6,5,0,3,0,22,16,0
C287,29,8,5,305.2,5,3,5,0,14,39,0
C287,30,10,4,229.6,2,1,1,0,12,26,0
C287,31,11,5,401.2,5,1,5,0,14,39,0
C287,32,1,0,43.0,1,1,0,0,28,66,0
C288,1,5,2,177.9,1,0,3,0,18,33,0
C288,2,4,1,37.0,2,1,1,0,33,25,0
C288,3,2,0,59.6,1,0,0,0,20,64,0
C288,4,5,2,116.8,3,2,3,0,21,60,0
C288,5,5,2,121.6,4,2,4,0,17,37,0
C288,6,9,4,360.7,4,4,5,0,8,17,0
C288,7,4,2,163.9,3,0,2,0,17,75,0
C288,8,1,2,28.7,1,1,0,0,24,90,0
C288,9,2,2,120.4,3,2,1,0,20,30,0
C288,10,10,2,273.9,11,4,5,0,23,83,0
C288,11,2,0,55.0,2,0,0,0,16,56,0
C288,12,1,1,39.2,0,1,0,1,20,26,0
C288,13,3,1,100.8,2,2,2,0,27,12,0
C288,14,0,0,44.7,0,1,0,0,42,59,0
C288,15,6,2,170.2,3,0,3,0,26,12,0
C288,16,0,0,0.0,0,0,0,0,37,30,0
C288,17,0,0,30.2,0,0,0,0,41,52,0
C288,18,1,1,17.8,0,1,0,0,28,70,0
C288,19,1,1,0.0,0,1,2,0,21,41,0
C288,20,3,1,62.4,2,1,0,1,35,70,0
C288,21,1,0,15.2,0,0,0,0,24,74,0
C288,22,0,0,31.1,0,1,0,1,46,20,0
C288,23,0,0,36.0,0,1,0,0,40,82,0
C288,24,0,0,0.0,0,0,0,0,34,38,0
C288,25,1,0,10.8,0,0,1,0,23,60,0
C288,26,0,0,40.4,0,1,0,0,30,27,0
C288,27,0,0,0.0,0,0,0,0,30,34,0
C288,28,0,0,0.0,0,0,0,0,43,63,0
C288,29,0,0,0.0,0,1,1,0,36,41,0
C288,30,0,0,10.3,0,0,0,0,42,50,0
C288,31,0,0,46.8,0,0,0,0,34,102,0
C288,32,0,0,0.0,0,0,0,0,33,64,0
C289,1,7,2,119.2,2,1,1,0,29,89,0
C289,2,8,5,181.3,2,0,2,0,10,29,0
C289,3,5,3,163.5,3,1,4,1,26,102,0
C289,4,9,5,163.1,4,2,0,0,13,13,0
C289,5,9,6,164.0,6,4,4,0,17,15,0
C289,6,9,3,276.0,1,0,5,0,20,43,0
C289,7,8,5,208.7,1,0,1,0,15,89,0
C289,8,8,2,272.5,2,1,2,0,19,30,0
C289,9,13,7,550.5,6,2,1,0,14,46,0
C289,10,8,6,256.6,2,2,6,0,14,50,0
C289,11,20,6,331.1,7,3,1,0,2,25,0
C289,12,8,2,219.6,1,0,2,1,23,53,0
C289,13,12,7,417.5,3,1,9,0,14,52,0
C289,14,15,6,261.1,4,1,5,0,11,13,0
C289,15,11,5,232.3,3,0,1,0,12,19,0
C289,16,9,6,205.2,2,0,0,1,18,29,0
C289,17,7,5,202.4,2,0,2,1,20,29,0
C289,18,7,2,168.0,5,3,0,0,19,28,0
C289,19,21,6,689.5,8,6,6,1,2,22,0
C289,20,12,5,324.6,8,4,4,0,17,93,0
C289,21,16,6,708.8,5,1,5,0,6,36,0
C289,22,19,6,421.4,7,3,7,0,12,50,0
C289,23,7,5,201.6,7,5,1,1,14,95,0
C289,24,6,4,166.2,3,2,4,0,20,97,0
C289,25,3,1,110.3,1,0,1,1,28,15,0
C289,26,2,1,24.4,0,0,1,0,27,89,0
C289,27,2,3,81.2,1,1,0,0,26,62,0
C289,28,2,0,79.5,1,1,0,0,22,39,0
C289,29,0,0,0.0,0,0,0,0,50,39,0
C289,30,0,0,0.0,0,0,0,1,41,59,0
C289,31,1,0,48.4,0,0,0,0,34,15,0
C289,32,4,2,80.5,1,1,0,0,20,75,1
C290,1,5,2,160.9,4,1,6,0,23,51,0
C290,2,4,1,112.3,3,2,1,0,24,97,0
C290,3,8,6,184.3,5,0,5,0,25,78,0
C290,4,6,0,196.3,1,1,1,0,32,26,0
C290,5,7,6,231.2,2,1,2,0,10,12,0
C290,6,3,2,55.1,2,1,0,0,32,59,0
C290,7,5,3,164.0,1,0,1,0,16,76,0
C290,8,4,0,113.8,1,0,1,0,27,93,0
C290,9,4,3,94.8,5,3,1,0,25,14,0
C290,10,5,2,212.9,0,1,1,0,17,69,0
C290,11,7,3,242.3,6,5,2,0,13,17,0
C290,12,6,3,119.3,4,1,2,0,18,17,0
C290,13,3,1,66.8,1,0,0,1,16,94,0
C290,14,8,6,145.0,4,4,0,0,16,35,0
C290,15,5,3,179.5,6,3,0,0,22,38,0
C290,16,8,3,261.7,3,0,4,0,13,20,0
C290,17,6,3,157.2,2,1,3,0,14,100,0
C290,18,9,4,237.4,9,4,1,0,12,85,0
C290,19,8,3,241.8,2,0,0,1,11,65,0
C290,20,6,3,227.3,0,1,1,0,14,75,0
C290,21,5,0,193.6,0,1,0,0,15,37,0
C290,22,7,3,155.8,1,0,2,0,18,83,0
C290,23,6,5,138.6,1,0,4,0,11,63,0
C290,24,10,6,243.6,5,3,4,0,8,69,0
C290,25,5,3,206.5,1,1,2,0,18,81,0
C290,26,0,0,4.0,0,0,0,0,36,99,0
C290,27,9,4,326.4,4,2,3,0,10,95,0
C290,28,8,3,258.6,3,1,3,0,12,71,0
C290,29,6,4,187.7,4,3,1,0,16,19,0
C290,30,5,1,114.8,2,1,1,0,18,60,0
C290,31,5,2,124.7,3,2,0,0,13,15,0
C290,32,5,2,71.3,0,0,1,0,21,47,1
C291,1,3,2,127.9,0,1,0,0,21,46,0
C291,2,2,1,20.5,0,1,1,0,22,53,0
C291,3,4,2,161.5,0,0,1,0,16,32,0
C291,4,5,1,138.2,2,2,3,0,20,12,0
C291,5,5,4,182.5,2,2,2,0,39,45,0
C291,6,3,1,71.8,2,2,2,0,38,75,0
C291,7,5,2,161.5,4,3,0,0,18,34,0
C291,8,1,1,55.9,0,0,0,0,48,91,0
C291,9,4,2,86.4,1,1,0,0,14,102,0
C291,10,2,2,49.1,0,1,0,0,16,70,0
C291,11,1,1,0.0,0,0,0,0,28,27,0
C291,12,0,0,18.8,1,1,0,0,36,55,0
C291,13,1,0,52.3,0,1,0,0,49,96,0
C291,14,2,0,41.1,1,0,1,0,29,12,0
C291,15,2,3,61.6,0,0,1,0,19,71,0
C291,16,4,1,140.3,1,0,2,0,31,66,0
C291,17,1,0,23.5,0,0,2,0,28,73,0
C291,18,4,2,124.6,3,0,3,0,20,37,0
C291,19,2,2,1.5,4,3,0,0,22,87,0
C291,20,1,0,38.7,0,0,0,0,28,95,0
C291,21,0,1,35.8,0,1,0,0,34,50,0
C291,22,3,3,11.1,1,1,0,0,27,56,0
C291,23,1,0,23.5,0,0,0,0,27,56,0
C291,24,6,5,178.0,5,2,5,0,18,104,0
C291,25,1,0,54.6,0,0,1,0,21,31,0
C291,26,0,0,0.0,0,0,0,0,47,53,0
C291,27,2,1,61.4,4,2,1,0,18,62,0
C291,28,0,0,0.8,0,1,0,0,36,37,0
C291,29,3,2,109.2,0,1,3,0,20,103,0
C291,30,5,4,227.8,1,1,2,0,17,74,0
C291,31,3,0,41.3,0,0,2,1,15,92,0
C291,32,1,0,39.2,0,0,0,0,22,103,0
C292,1,15,7,329.9,14,2,4,0,4,15,0
C292,2,9,5,207.9,2,1,3,0,8,97,0
C292,3,8,4,198.2,2,0,1,0,20,32,0
C292,4,11,3,127.9,2,2,3,0,27,100,0
C292,5,10,5,262.4,3,1,4,0,11,16,0
C292,6,11,5,339.1,5,1,2,0,12,26,0
C292,7,11,5,335.7,4,2,5,0,13,97,0
C292,8,11,5,292.2,6,2,4,0,10,14,0
C292,9,12,6,378.3,7,3,2,0,21,29,0
C292,10,10,5,295.6,4,0,6,0,8,82,0
C292,11,11,5,331.0,5,0,3,0,10,29,0
C292,12,9,3,155.6,6,0,5,0,18,80,0
C292,13,11,4,286.7,7,1,1,0,10,16,0
C292,14,14,6,299.8,6,2,5,0,13,69,0
C292,15,14,7,567.1,7,2,12,0,5,69,0
C292,16,8,3,168.0,7,1,1,0,19,17,0
C292,17,5,3,81.1,2,1,2,0,19,83,0
C292,18,5,3,186.8,3,1,2,0,21,70,0
C292,19,13,7,374.0,5,1,4,0,4,97,0
C292,20,12,5,360.7,9,2,3,0,6,51,0
C292,21,8,3,279.6,5,2,0,0,24,85,0
C292,22,5,5,148.9,3,1,0,0,21,86,0
C292,23,14,6,611.0,10,2,3,0,8,77,0
C292,24,8,4,281.6,4,1,2,0,13,35,0
C292,25,12,6,382.4,11,3,5,1,15,25,0
C292,26,6,3,138.3,2,0,3,0,15,14,0
C292,27,9,4,286.5,7,3,1,0,22,50,0
C292,28,11,6,297.8,5,2,1,0,15,102,0
C292,29,7,5,241.3,2,1,2,0,18,24,0
C292,30,10,4,225.4,6,1,3,0,22,77,0
C292,31,14,7,555.4,9,3,7,0,14,76,0
C292,32,12,5,301.4,9,5,4,0,19,44,0
C293,1,4,2,98.8,2,1,0,0,22,19,0
C293,2,3,1,99.5,0,0,0,0,30,29,0
C293,3,4,2,142.1,1,0,1,0,15,89,0
C293,4,1,1,42.3,0,0,0,0,23,14,0
C293,5,7,3,124.1,3,2,5,0,13,48,0
C293,6,5,3,143.6,0,0,1,0,19,76,0
C293,7,5,2,200.3,3,3,2,0,16,39,0
C293,8,0,0,20.9,0,0,2,0,38,62,0
C293,9,5,1,127.8,2,0,1,0,23,12,0
C293,10,9,4,213.4,4,2,3,0,15,100,0
C293,11,3,1,86.1,3,1,1,0,33,36,0
C293,12,3,0,94.7,4,2,0,0,24,59,0
C293,13,4,2,136.3,2,0,0,0,17,68,0
C293,14,5,1,116.4,4,0,3,0,19,102,0
C293,15,5,2,103.3,1,0,2,0,30,13,0
C293,16,6,2,140.6,1,1,2,0,12,100,0
C293,17,3,2,102.0,3,0,1,0,17,100,0
C293,18,5,1,66.2,6,0,1,0,16,25,0
C293,19,2,2,51.0,1,0,0,0,25,64,0
C293,20,1,1,46.7,0,1,0,0,23,24,0
C293,21,0,0,4.9,0,0,0,1,43,13,0
C293,22,2,1,36.3,1,0,2,0,18,23,0
C293,23,3,2,81.0,0,0,1,0,20,46,0
C293,24,2,1,70.1,2,0,2,0,25,70,0
C293,25,3,1,61.7,0,0,0,0,30,65,0
C293,26,10,6,272.8,5,0,2,0,42,46,0
C293,27,6,4,122.0,3,1,3,0,22,14,0
C293,28,6,4,133.6,0,0,3,0,17,49,0
C293,29,8,4,252.4,3,1,1,0,18,55,0
C293,30,9,5,202.1,5,0,3,0,11,92,0
C293,31,3,1,57.8,1,0,1,0,17,30,0
C293,32,12,6,468.5,2,1,3,0,8,88,0
C294,1,10,3,84.6,5,2,2,0,11,48,0
C294,2,16,6,578.5,5,0,6,0,8,98,0
C294,3,10,7,162.8,4,2,8,0,12,98,0
C294,4,9,5,259.5,7,2,1,0,10,47,0
C294,5,17,7,410.7,6,3,5,0,13,83,0
C294,6,7,2,217.4,3,1,1,0,10,54,0
C294,7,10,4,302.6,7,4,2,0,17,46,0
C294,8,18,7,512.2,6,1,8,0,3,49,0
C294,9,15,7,496.0,6,1,8,0,12,101,0
C294,10,14,6,349.3,5,2,4,0,19,85,0
C294,11,17,7,399.6,5,2,1,0,5,18,0
C294,12,14,7,387.2,5,1,2,0,7,31,0
C294,13,11,6,430.9,1,0,1,0,12,93,0
C294,14,7,6,186.7,4,2,1,0,10,98,0
C294,15,14,6,255.7,2,1,2,0,15,15,0
C294,16,11,6,236.2,4,0,4,0,16,66,0
C294,17,18,7,409.6,5,2,11,0,10,49,0
C294,18,10,6,203.6,5,0,2,0,9,70,0
C294,19,14,6,272.0,4,1,5,0,26,13,0
C294,20,18,7,609.8,12,2,6,0,12,50,0
C294,21,17,5,511.4,4,2,7,0,14,75,0
C294,22,7,5,183.5,7,0,1,0,23,35,0
C294,23,13,7,440.9,6,1,5,1,22,25,0
C294,24,17,7,508.2,11,3,7,0,9,19,0
C294,25,11,6,229.5,7,2,3,0,17,89,0
C294,26,16,6,616.4,11,3,5,1,1,75,0
C294,27,13,7,395.0,4,0,5,0,18,52,0
C294,28,9,4,413.0,1,1,3,0,22,15,0
C294,29,14,7,367.0,5,1,4,0,24,25,0
C294,30,7,5,178.9,4,1,2,0,11,99,0
C294,31,15,7,301.7,5,2,3,0,30,36,0
C294,32,10,4,327.0,3,0,6,0,11,36,1
C295,1,4,1,116.0,1,0,1,0,19,71,0
C295,2,5,1,127.4,1,1,2,0,16,38,0
C295,3,4,3,183.3,1,1,0,0,29,87,0
C295,4,2,2,57.8,2,1,0,0,19,22,0
C295,5,2,1,66.7,0,1,1,0,27,78,0
C295,6,5,4,145.1,2,1,4,0,22,98,0
C295,7,4,2,76.5,1,0,0,0,17,102,0
C295,8,5,3,122.8,3,0,3,0,17,31,0
C295,9,6,2,205.3,2,0,0,0,14,34,0
C295,10,2,1,66.8,0,0,0,0,20,68,0
C295,11,5,1,132.6,2,0,3,0,26,39,0
C295,12,5,2,192.2,1,0,3,0,26,53,0
C295,13,5,0,184.8,4,2,5,0,21,29,0
C295,14,4,1,60.3,3,2,1,0,15,14,0
C295,15,7,5,162.7,2,0,4,0,19,48,0
C295,16,1,0,56.9,0,0,1,0,29,31,0
C295,17,3,2,39.0,2,1,0,0,26,35,0
C295,18,4,2,87.4,3,0,3,0,25,50,0
C295,19,9,4,268.9,8,0,3,0,12,101,0
C295,20,1,0,17.2,0,0,0,0,22,71,0
C295,21,2,1,21.4,0,0,0,0,21,65,0
C295,22,2,0,75.8,0,0,1,0,32,103,0
C295,23,4,2,155.2,0,0,1,0,25,48,0
C295,24,2,2,76.0,0,0,1,0,33,60,0
C295,25,6,1,80.8,4,1,2,0,16,41,0
C295,26,1,2,45.0,0,0,2,0,25,75,0
C295,27,3,3,111.4,1,0,0,0,19,39,0
C295,28,3,3,136.9,0,0,3,0,21,29,0
C295,29,5,2,135.7,3,1,1,0,15,63,0
C295,30,2,1,58.6,1,1,1,0,17,56,0
C295,31,3,2,118.4,1,0,1,0,31,21,0
C295,32,3,1,75.3,1,1,2,0,17,85,0
C296,1,14,7,460.9,7,1,4,0,9,101,0
C296,2,6,3,97.8,3,1,2,0,18,37,0
C296,3,6,5,121.5,6,1,5,0,26,15,0
C296,4,9,6,164.3,4,1,6,0,21,51,0
C296,5,10,4,236.5,7,2,1,0,8,78,0
C296,6,7,4,223.7,4,1,3,0,22,56,0
C296,7,3,1,58.5,1,0,2,0,22,93,0
C296,8,4,4,46.7,2,1,3,0,29,46,0
C296,9,3,1,50.6,3,1,1,0,27,22,0
C296,10,4,1,163.0,2,0,1,0,14,55,0
C296,11,5,4,133.7,3,0,0,0,20,27,0
C296,12,4,0,145.6,1,0,1,0,21,64,0
C296,13,9,6,249.7,7,2,4,0,25,56,0
C296,14,6,4,155.2,3,0,3,0,11,45,0
C296,15,2,0,52.6,0,0,1,0,24,68,0
C296,16,6,3,100.8,2,1,0,0,13,22,0
C296,17,5,3,198.9,0,0,3,0,20,19,0
C296,18,6,4,155.1,1,1,0,0,18,92,0
C296,19,2,0,77.5,0,0,1,0,22,32,0
C296,20,3,2,90.6,0,0,0,0,20,13,0
C296,21,6,1,224.6,3,1,0,0,21,45,0
C296,22,5,2,53.7,2,0,0,0,16,98,0
C296,23,4,0,57.6,2,0,1,0,24,73,0
C296,24,8,3,137.9,4,0,0,0,48,43,0
C296,25,1,0,0.0,1,0,2,0,22,52,0
C296,26,6,1,284.5,2,0,2,0,11,68,0
C296,27,8,4,222.5,1,0,3,0,15,84,0
C296,28,6,2,184.0,4,0,1,0,28,27,0
C296,29,9,5,154.5,2,0,1,0,9,53,0
C296,30,8,6,258.3,2,1,2,0,16,35,0
C296,31,8,3,284.9,6,4,3,0,20,23,0
C296,32,12,6,310.4,9,1,3,0,7,97,0
C297,1,8,4,157.5,9,4,1,0,22,19,0
C297,2,7,3,224.1,3,1,0,0,20,50,0
C297,3,9,4,317.3,5,4,1,0,22,87,0
C297,4,6,3,125.8,1,1,1,0,16,32,0
C297,5,8,5,113.2,1,1,4,0,15,83,0
C297,6,6,2,43.4,1,0,0,0,18,14,0
C297,7,10,6,344.1,4,3,5,0,10,40,0
C297,8,8,6,206.7,3,0,2,0,27,34,0
C297,9,5,2,129.4,3,1,2,0,21,86,0
C297,10,4,1,108.6,0,0,0,0,18,75,0
C297,11,10,5,286.8,3,2,4,0,9,58,0
C297,12,6,4,134.4,1,1,3,0,20,87,0
C297,13,1,1,54.5,0,0,0,0,21,44,0
C297,14,2,1,92.2,1,0,0,0,19,74,0
C297,15,6,3,131.8,0,0,0,0,17,88,0
C297,16,1,0,0.0,1,0,0,0,18,65,0
C297,17,2,1,69.0,1,0,0,0,23,90,0
C297,18,0,0,38.9,0,0,0,0,44,49,0
C297,19,4,2,114.0,1,0,1,0,21,72,0
C297,20,3,1,82.3,1,1,1,0,26,62,0
C297,21,6,4,166.2,6,5,2,0,15,80,0
C297,22,7,5,223.4,5,2,2,0,16,26,0
C297,23,3,2,87.2,1,1,1,0,17,50,0
C297,24,10,6,412.6,4,3,1,0,14,92,0
C297,25,4,3,160.7,2,1,0,0,19,15,0
C297,26,9,2,195.3,5,3,3,0,24,35,0
C297,27,6,4,138.3,4,3,2,0,14,71,0
C297,28,5,3,140.1,2,0,1,0,20,81,0
C297,29,4,4,84.8,1,0,3,0,20,95,0
C297,30,8,4,223.7,5,2,3,0,16,71,0
C297,31,10,6,335.9,4,0,7,0,22,88,0
C297,32,5,2,113.2,2,0,2,0,24,64,0
C298,1,4,3,62.5,3,2,1,0,20,13,0
C298,2,2,1,22.7,3,2,0,0,18,63,0
C298,3,5,5,154.4,4,1,0,0,19,94,0
C298,4,6,5,115.5,3,1,2,0,12,37,0
C298,5,6,1,169.3,5,0,2,0,12,36,0
C298,6,4,2,127.7,2,0,2,0,17,100,0
C298,7,1,0,22.2,1,1,1,0,29,37,0
C298,8,8,3,273.6,4,0,2,0,9,59,0
C298,9,6,2,148.4,2,0,2,0,20,17,0
C298,10,5,4,120.4,0,0,2,0,22,56,0
C298,11,1,1,48.5,0,1,0,0,19,18,0
C298,12,0,0,0.0,0,0,0,0,38,42,0
C298,13,11,3,364.3,6,3,4,0,10,15,0
C298,14,1,0,25.9,2,0,0,0,23,27,0
C298,15,1,1,44.8,0,1,0,0,27,42,0
C298,16,3,1,106.6,0,0,1,0,18,65,0
C298,17,4,1,128.2,1,0,1,0,17,23,0
C298,18,2,2,83.9,2,2,0,0,17,103,0
C298,19,1,0,24.3,0,0,0,0,62,14,0
C298,20,3,1,39.9,0,0,0,0,26,28,0
C298,21,4,6,130.9,4,1,1,0,18,73,0
C298,22,1,1,25.3,3,1,0,0,20,88,0
C298,23,6,0,215.4,3,0,3,0,21,85,0
C298,24,4,1,83.6,0,0,1,0,17,32,0
C298,25,4,0,157.0,1,1,2,0,31,18,0
C298,26,6,3,202.6,2,2,2,0,19,74,0
C298,27,1,0,32.3,0,1,1,0,23,66,0
C298,28,3,0,61.0,2,2,0,0,16,32,0
C298,29,5,4,132.8,1,0,1,0,22,53,0
C298,30,1,1,8.2,1,0,1,0,21,77,0
C298,31,5,2,91.0,1,0,0,0,13,85,0
C298,32,3,0,67.6,2,1,2,0,30,17,1
C299,1,5,4,197.1,1,0,4,0,17,51,0
C299,2,10,4,333.7,3,1,3,0,7,61,0
C299,3,9,3,162.2,2,1,1,0,13,25,0
C299,4,6,6,138.4,2,0,2,0,15,43,0
C299,5,2,2,62.2,1,0,1,0,32,73,0
C299,6,8,3,150.4,7,3,3,0,27,83,0
C299,7,9,3,195.3,12,1,2,0,21,98,0
C299,8,15,6,511.2,2,1,3,0,8,81,0
C299,9,7,3,110.9,2,2,3,0,29,25,0
C299,10,3,0,49.9,2,0,0,0,18,52,0
C299,11,12,6,376.6,8,2,8,0,26,69,0
C299,12,10,6,363.1,3,1,6,0,7,34,0
C299,13,10,6,378.3,3,0,5,0,12,46,0
C299,14,1,0,28.0,2,0,0,0,28,51,0
C299,15,3,2,88.8,0,1,1,0,20,87,0
C299,16,10,3,331.1,5,1,4,0,19,89,0
C299,17,0,1,12.4,0,0,0,0,30,82,0
C299,18,9,4,212.5,3,1,2,0,15,14,0
C299,19,6,3,203.4,3,0,3,0,19,61,0
C299,20,5,2,170.0,6,1,3,0,38,54,0
C299,21,2,0,33.6,0,1,0,0,18,46,0
C299,22,9,6,270.4,7,1,4,0,12,35,0
C299,23,7,2,260.3,1,0,1,0,23,51,0
C299,24,14,7,422.3,8,2,6,0,8,43,0
C299,25,10,7,185.4,3,0,4,0,15,12,0
C299,26,18,7,668.3,6,1,6,0,4,14,0
C299,27,10,7,351.8,6,0,2,0,16,59,0
C299,28,9,5,88.2,5,0,4,0,12,26,0
C299,29,5,0,82.3,6,2,3,0,15,59,0
C299,30,9,5,196.3,4,0,1,0,14,81,0
C299,31,8,6,182.0,4,2,5,0,13,51,0
C299,32,5,4,171.0,0,0,2,0,16,92,1
C300,1,10,6,291.0,4,2,4,0,16,33,0
C300,2,14,6,383.4,3,0,5,0,15,97,0
C300,3,6,2,166.3,4,3,0,0,13,100,0
C300,4,11,3,320.1,5,2,5,0,10,103,0
C300,5,9,5,226.7,2,0,5,0,16,13,0
C300,6,12,6,405.0,4,3,2,0,7,30,0
C300,7,12,5,245.6,0,0,8,0,7,17,0
C300,8,8,3,187.2,5,3,1,0,21,74,0
C300,9,8,4,129.2,4,2,2,0,35,32,0
C300,10,10,5,353.4,6,6,1,0,11,61,0
C300,11,22,7,972.3,12,6,7,0,8,99,0
C300,12,12,5,379.2,4,0,5,0,12,93,0
C300,13,4,0,60.4,3,1,0,0,19,54,0
C300,14,4,3,158.2,2,1,3,0,18,87,0
C300,15,13,7,367.5,3,1,1,0,14,54,0
C300,16,9,6,146.0,4,2,2,0,15,34,0
C300,17,6,3,207.2,1,1,0,0,29,60,0
C300,18,8,5,355.9,6,1,1,0,12,71,0
C300,19,13,7,283.3,8,2,5,1,13,31,0
C300,20,3,1,112.8,1,0,1,0,22,66,0
C300,21,7,3,122.0,7,4,1,0,18,49,0
C300,22,10,4,296.6,4,1,6,0,18,22,0
C300,23,1,0,28.9,0,0,0,0,21,85,0
C300,24,8,3,125.8,4,2,4,0,20,61,0
C300,25,6,3,175.8,1,0,2,0,18,49,0
C300,26,7,3,210.3,2,1,2,1,17,102,0
C300,27,8,4,239.3,3,1,4,0,9,42,0
C300,28,9,5,326.6,3,0,2,0,20,84,0
C300,29,5,1,148.3,5,1,1,0,14,39,0
C300,30,7,1,183.7,3,1,2,0,24,67,0
C300,31,1,1,58.5,0,0,0,1,28,94,0
C300,32,5,3,168.5,2,0,3,0,18,52,1
